"","node","mean_kl","sem_kl"
"1","(wfpt.0)",7.33823007872723,0.2754917015895
"2","(wfpt.1)",6.22003750223921,0.252472015891447
"3","(wfpt.10)",0.0582131720288735,0.00498181837549198
"4","(wfpt.100)",0.155164631706343,0.0231773872848998
"5","(wfpt.101)",1.34598605641262,0.110428942299667
"6","(wfpt.102)",11.4492178584788,0.287187503129174
"7","(wfpt.103)",0.675832208600189,0.0759287963820307
"8","(wfpt.104)",0.51890904415798,0.0707220823515612
"9","(wfpt.105)",1.48152340420057,0.103452134444823
"10","(wfpt.106)",0.610137446768363,0.0647283936189071
"11","(wfpt.107)",0.997736091637197,0.0849562764652572
"12","(wfpt.108)",2.23793892863904,0.12749209932134
"13","(wfpt.109)",1.6600963364954,0.127226563785382
"14","(wfpt.11)",1.66436816490139,0.118759181998536
"15","(wfpt.110)",1.45533414988141,0.112902671232173
"16","(wfpt.111)",2.49888587222905,0.160301388181245
"17","(wfpt.112)",2.29128384607513,0.137330202927388
"18","(wfpt.113)",2.73389382047,0.147894723448316
"19","(wfpt.114)",1.80043700716483,0.135587403338094
"20","(wfpt.115)",4.0710526798321,0.194861061544575
"21","(wfpt.116)",1.12153862374639,0.0889393808338147
"22","(wfpt.117)",0.793065527532547,0.0836759095587387
"23","(wfpt.118)",1.25253085689859,0.108047159498013
"24","(wfpt.119)",2.97556453895767,0.123277806882631
"25","(wfpt.12)",0.837257203754726,0.0713369960674999
"26","(wfpt.120)",2.63184790890103,0.149676815814011
"27","(wfpt.121)",2.06474784085322,0.163744588529768
"28","(wfpt.122)",1.2394953623926,0.0923188221069979
"29","(wfpt.123)",0.254033521250745,0.0337778739111706
"30","(wfpt.124)",0.522708270920764,0.0651925269474138
"31","(wfpt.125)",1.37485967603348,0.121073357836261
"32","(wfpt.126)",1.17459780278524,0.0828192024526922
"33","(wfpt.127)",0.96136859347396,0.0792164276052463
"34","(wfpt.128)",0.740462745000502,0.07906896305522
"35","(wfpt.129)",2.07819078495913,0.123374108783217
"36","(wfpt.13)",3.10499930359608,0.172566279899181
"37","(wfpt.130)",1.39222238758109,0.107498859888893
"38","(wfpt.131)",1.73331120392145,0.116311426818628
"39","(wfpt.132)",2.03250136183961,0.114274604404283
"40","(wfpt.133)",2.30804100192804,0.147233720997537
"41","(wfpt.134)",1.56712548186499,0.107330958394579
"42","(wfpt.135)",0.521057964844653,0.0696522473338699
"43","(wfpt.136)",5.42899757039214,0.223747583900351
"44","(wfpt.137)",2.29774376659763,0.139520758232884
"45","(wfpt.138)",3.59557356651631,0.156445520806119
"46","(wfpt.139)",2.68696060171055,0.185789815701719
"47","(wfpt.14)",1.52529887974553,0.0939103451000013
"48","(wfpt.140)",1.16756031667425,0.084410064672312
"49","(wfpt.141)",0.817079365391015,0.0793588609574944
"50","(wfpt.142)",0.936035846991923,0.0704226578178417
"51","(wfpt.143)",2.77540279030478,0.148243145692531
"52","(wfpt.144)",1.30518374503288,0.121243782813725
"53","(wfpt.145)",4.56782635867501,0.210802438525843
"54","(wfpt.146)",2.95286424953975,0.145261135350409
"55","(wfpt.147)",11.9011986306623,0.292259531220673
"56","(wfpt.148)",2.53765277086028,0.155718480558797
"57","(wfpt.149)",0.488180000355867,0.0525912693324799
"58","(wfpt.15)",1.84891502288807,0.108232659456285
"59","(wfpt.150)",2.56983688645702,0.167993068759763
"60","(wfpt.151)",3.63963671189485,0.152508447881918
"61","(wfpt.152)",0.517388076932455,0.0517715572709923
"62","(wfpt.153)",1.21136520079902,0.103552831020525
"63","(wfpt.154)",3.99338602095349,0.19268033436128
"64","(wfpt.155)",2.27557809962926,0.102045779763955
"65","(wfpt.156)",1.428571257295,0.107865371388345
"66","(wfpt.157)",4.79376855317642,0.239479098551173
"67","(wfpt.158)",2.59311014550924,0.13130857410861
"68","(wfpt.159)",0.897701351536699,0.0865986515158731
"69","(wfpt.16)",1.32235535482447,0.123782720612687
"70","(wfpt.160)",3.57321540619835,0.195430782150973
"71","(wfpt.161)",0.203081343361506,0.036707383683326
"72","(wfpt.162)",2.36094835587629,0.10834906860678
"73","(wfpt.163)",0.488754930606366,0.0562214603515065
"74","(wfpt.164)",2.37407624009016,0.142316284382719
"75","(wfpt.165)",0.712619995032904,0.0940025679593517
"76","(wfpt.166)",3.01890616768728,0.147014974997782
"77","(wfpt.167)",0.324580477647034,0.0456309728948378
"78","(wfpt.168)",0.879587192386528,0.0893892627555697
"79","(wfpt.169)",2.36251003325714,0.135404354961073
"80","(wfpt.17)",1.07052453961113,0.105847100569177
"81","(wfpt.170)",1.60048565512669,0.119829863706965
"82","(wfpt.171)",0.74758375397955,0.0827606008037231
"83","(wfpt.172)",1.29844156572151,0.121525677178924
"84","(wfpt.173)",7.77728973398023,0.174026638943324
"85","(wfpt.174)",2.0757181100397,0.13315243372055
"86","(wfpt.175)",1.48082324896446,0.11862599468914
"87","(wfpt.176)",5.31980994191837,0.213945196623427
"88","(wfpt.177)",1.96871121358919,0.147233389515008
"89","(wfpt.178)",4.84156399767293,0.179182452115031
"90","(wfpt.179)",1.8646964903077,0.111482892827448
"91","(wfpt.18)",5.86861546718072,0.227743811492575
"92","(wfpt.180)",2.43529157349365,0.140327114969793
"93","(wfpt.181)",0.690008694722765,0.0675276453059855
"94","(wfpt.182)",0.675004876342619,0.0866179076625642
"95","(wfpt.183)",0.185684240370308,0.0276507204850211
"96","(wfpt.184)",1.4947877395011,0.104721009866579
"97","(wfpt.185)",1.62982118162426,0.124593751826105
"98","(wfpt.186)",0.956124776394038,0.0766252234828661
"99","(wfpt.187)",1.0547862684682,0.086224874727368
"100","(wfpt.188)",1.12891868688304,0.103721439889228
"101","(wfpt.189)",0.714192727375673,0.0764989249014988
"102","(wfpt.19)",1.89370965202683,0.134499241406274
"103","(wfpt.190)",0.877932448346248,0.0757548501228646
"104","(wfpt.191)",2.8673522915147,0.158263317062768
"105","(wfpt.192)",0.796658261015934,0.0811387330684337
"106","(wfpt.193)",2.14615996946609,0.134581029011918
"107","(wfpt.194)",4.05665398065905,0.192202484004607
"108","(wfpt.195)",1.55273931051244,0.106710844014597
"109","(wfpt.196)",0.997015206763904,0.070674520341404
"110","(wfpt.197)",2.86445572638563,0.149105526099614
"111","(wfpt.198)",2.15574084097447,0.149491244183154
"112","(wfpt.199)",3.15103428195063,0.154228175506419
"113","(wfpt.2)",2.47377638484296,0.153146874448163
"114","(wfpt.20)",4.24808556767712,0.206599932616671
"115","(wfpt.200)",2.29784582520858,0.124619781594378
"116","(wfpt.201)",1.44531947304421,0.101310110819769
"117","(wfpt.202)",1.09798566435899,0.0786923077299126
"118","(wfpt.203)",2.1126049574545,0.115830366489789
"119","(wfpt.204)",5.42181633172871,0.207086458889623
"120","(wfpt.205)",5.10312396951807,0.205508667263233
"121","(wfpt.206)",2.10069408464522,0.12397981559387
"122","(wfpt.207)",0.941558928833983,0.0773110747687352
"123","(wfpt.208)",1.39734799606752,0.107850721038965
"124","(wfpt.209)",0.365362433973926,0.0583587566261948
"125","(wfpt.21)",1.9730812825005,0.142255238337607
"126","(wfpt.210)",0.899060925104685,0.0857562330270879
"127","(wfpt.211)",2.46907925858847,0.133360223891994
"128","(wfpt.212)",1.50876466974579,0.119147994687264
"129","(wfpt.213)",1.05860256035676,0.077980308571004
"130","(wfpt.214)",2.58709115453124,0.146589654346975
"131","(wfpt.215)",2.09775937713836,0.114850580584712
"132","(wfpt.216)",2.64979379721147,0.131855534934642
"133","(wfpt.217)",1.44492537680706,0.116400819483127
"134","(wfpt.218)",0.960281535146699,0.100104030114897
"135","(wfpt.219)",3.15074163834871,0.15589922376807
"136","(wfpt.22)",1.53356950779055,0.105647923821272
"137","(wfpt.220)",1.53380360637769,0.118527502502931
"138","(wfpt.221)",5.92193056059215,0.211899409155067
"139","(wfpt.222)",4.37090028766701,0.183782633438828
"140","(wfpt.223)",3.68811671860201,0.204654867288702
"141","(wfpt.224)",0.922027063508939,0.0742292606452059
"142","(wfpt.225)",2.06316188952295,0.136190584921323
"143","(wfpt.226)",1.64697964915443,0.115772035682136
"144","(wfpt.227)",5.09907581855251,0.179626455800495
"145","(wfpt.228)",1.87533557617946,0.150568704427661
"146","(wfpt.229)",0.272107784848445,0.0384192102774289
"147","(wfpt.23)",1.15378131459901,0.103000084358922
"148","(wfpt.230)",1.43217939507662,0.106385437963137
"149","(wfpt.231)",2.38850078595057,0.124065384197864
"150","(wfpt.232)",6.75236053884518,0.257248892360559
"151","(wfpt.233)",3.84876848911672,0.180774607020488
"152","(wfpt.234)",1.40237442375245,0.102201880046276
"153","(wfpt.235)",2.07352606914639,0.143711834891896
"154","(wfpt.236)",0.455759884769167,0.065014221857438
"155","(wfpt.237)",3.93840939473937,0.202262087357154
"156","(wfpt.238)",1.80048473508762,0.120246990325329
"157","(wfpt.239)",1.8343732098089,0.120874199052061
"158","(wfpt.24)",0.41136246456227,0.0460304021249159
"159","(wfpt.240)",0.956568490398164,0.0887296868205321
"160","(wfpt.241)",4.47934895300536,0.193672368971318
"161","(wfpt.242)",3.3356345286404,0.171774198483671
"162","(wfpt.243)",2.2698703677868,0.137208731806942
"163","(wfpt.244)",1.04529723773158,0.102586467538176
"164","(wfpt.245)",1.16804963336023,0.103579188939
"165","(wfpt.246)",4.92481810573424,0.208429838586368
"166","(wfpt.247)",3.01856219587777,0.161680866764807
"167","(wfpt.248)",0.962423137336379,0.0697610873475783
"168","(wfpt.249)",4.33132423165302,0.249114238243385
"169","(wfpt.25)",0.343772298304612,0.0413352566561445
"170","(wfpt.250)",3.70233596074538,0.175152423745686
"171","(wfpt.251)",2.58666250799544,0.143729760398254
"172","(wfpt.252)",4.75614712503079,0.209810350216885
"173","(wfpt.253)",2.36179629758525,0.137790235685911
"174","(wfpt.254)",6.2428122222383,0.227481200495084
"175","(wfpt.255)",0.772299483142855,0.0770190314712086
"176","(wfpt.256)",1.53440378884932,0.108665444040209
"177","(wfpt.257)",4.77490764081836,0.171969264267551
"178","(wfpt.258)",0.920926420397852,0.0943270977952276
"179","(wfpt.259)",1.0344156969671,0.0952085830950566
"180","(wfpt.26)",4.29921431814053,0.218544093352096
"181","(wfpt.260)",2.69086656385053,0.143329648240694
"182","(wfpt.261)",0.228929143741735,0.0331770137222329
"183","(wfpt.262)",0.462316469522838,0.061441359059334
"184","(wfpt.263)",2.70584851304504,0.155383914546063
"185","(wfpt.264)",2.27431948722164,0.145803155955381
"186","(wfpt.265)",3.68945596700018,0.196035071693887
"187","(wfpt.266)",3.03862695064238,0.149368771902537
"188","(wfpt.267)",2.69698136361116,0.164641515083416
"189","(wfpt.268)",0.450751126615737,0.0519425135772079
"190","(wfpt.269)",4.17366282802339,0.180801635364629
"191","(wfpt.27)",2.38071037936433,0.137943330095897
"192","(wfpt.270)",0.982543880889944,0.0877473741552496
"193","(wfpt.271)",1.82132597677089,0.140739430571295
"194","(wfpt.272)",1.67244929319457,0.10515663582414
"195","(wfpt.273)",2.62943423468562,0.164853005801119
"196","(wfpt.274)",2.41949240047833,0.131566508810232
"197","(wfpt.275)",2.67258761501729,0.136014045091596
"198","(wfpt.276)",1.49809031364869,0.0991334414792428
"199","(wfpt.277)",1.38504112903671,0.0941814578471265
"200","(wfpt.278)",1.54985108774159,0.138222723847629
"201","(wfpt.279)",0.441454096965344,0.0570661757825334
"202","(wfpt.28)",2.78174910888541,0.147887104022385
"203","(wfpt.280)",2.26614783385483,0.14075729020102
"204","(wfpt.281)",3.05733100560707,0.153706773683559
"205","(wfpt.282)",5.1419988584982,0.209738480482313
"206","(wfpt.283)",0.429284023560177,0.0549243243881155
"207","(wfpt.284)",4.54591686031277,0.168020701770674
"208","(wfpt.285)",2.31696739218011,0.13472720711282
"209","(wfpt.286)",1.86125688847189,0.120636914353502
"210","(wfpt.287)",0.603287897777054,0.0718166520774817
"211","(wfpt.288)",3.23038938314749,0.14929440150922
"212","(wfpt.289)",0.743736954165325,0.0796324776520624
"213","(wfpt.29)",0.779033428964241,0.0709959224794681
"214","(wfpt.290)",2.41554512505393,0.13138533129014
"215","(wfpt.291)",1.32352341441159,0.115334527495502
"216","(wfpt.292)",1.3659121815229,0.100888454185246
"217","(wfpt.293)",2.63790982683816,0.174837310445698
"218","(wfpt.294)",1.63481377240487,0.117057439840964
"219","(wfpt.295)",1.5658050746713,0.109708612331565
"220","(wfpt.296)",1.47010013988362,0.109768237561751
"221","(wfpt.297)",3.03287608824733,0.151999004520268
"222","(wfpt.298)",2.22446829146303,0.122684074820564
"223","(wfpt.299)",1.68675949815106,0.116379496883357
"224","(wfpt.3)",0.759245128916222,0.0745483468110125
"225","(wfpt.30)",1.88065715569412,0.128559079037527
"226","(wfpt.300)",3.47278609856125,0.137153809827618
"227","(wfpt.301)",1.44835930657353,0.104437269183251
"228","(wfpt.302)",8.0564930397774,0.264249992567149
"229","(wfpt.303)",6.57222439634273,0.224906513193506
"230","(wfpt.304)",0.773665294217869,0.0800665955863736
"231","(wfpt.305)",0.687083008940975,0.067478250118941
"232","(wfpt.306)",1.48243344068374,0.121081006712529
"233","(wfpt.307)",0.738837650546253,0.08714401941895
"234","(wfpt.308)",1.72393505569507,0.128354887148204
"235","(wfpt.309)",7.55816919739543,0.259893230965033
"236","(wfpt.31)",2.14562004016312,0.130299249074718
"237","(wfpt.310)",2.15314722048998,0.116722669755742
"238","(wfpt.311)",2.92209740820725,0.162863775688182
"239","(wfpt.312)",1.30849997890639,0.11114095110516
"240","(wfpt.313)",2.65271989527846,0.163278007166373
"241","(wfpt.314)",2.43052987987952,0.134717216702934
"242","(wfpt.315)",1.55336882947544,0.111170264655958
"243","(wfpt.316)",1.58086757479302,0.0998226155339423
"244","(wfpt.317)",0.805235710743744,0.0727824369011959
"245","(wfpt.318)",3.8868630151927,0.158534495248987
"246","(wfpt.319)",3.47732352694457,0.19359852787587
"247","(wfpt.32)",2.47722689052431,0.152792709885319
"248","(wfpt.320)",1.40430373741339,0.131302563588705
"249","(wfpt.321)",1.69816169757972,0.115056996329416
"250","(wfpt.322)",2.64841815288999,0.162167645398121
"251","(wfpt.323)",1.81072877663241,0.1196824972217
"252","(wfpt.324)",3.16727714659375,0.15809407052008
"253","(wfpt.325)",2.77738817127499,0.155955572513803
"254","(wfpt.326)",4.12387189955318,0.1942670055611
"255","(wfpt.327)",2.56478401776779,0.15898895041007
"256","(wfpt.328)",3.46809176547515,0.1431127610056
"257","(wfpt.329)",1.19259052565435,0.0958539086070061
"258","(wfpt.33)",1.97665611069372,0.13630028959986
"259","(wfpt.330)",10.2953234943109,0.343320331487762
"260","(wfpt.331)",1.14558378487815,0.0909211912883234
"261","(wfpt.332)",4.48988114879065,0.184278449417357
"262","(wfpt.333)",0.576151717054854,0.0837268204325915
"263","(wfpt.334)",1.04575061776382,0.0915998286803598
"264","(wfpt.335)",5.25412681331909,0.22279320046041
"265","(wfpt.336)",1.23634969611552,0.0925855308209476
"266","(wfpt.337)",2.223922214506,0.161802247357524
"267","(wfpt.338)",1.56310796427092,0.103020991502295
"268","(wfpt.339)",2.13823041190052,0.136687847488379
"269","(wfpt.34)",7.84693524585231,0.268015810275662
"270","(wfpt.340)",3.35970038875929,0.1519538065148
"271","(wfpt.341)",3.45421412428232,0.146809235063939
"272","(wfpt.342)",2.11498813238801,0.118101549415348
"273","(wfpt.343)",1.17581024894841,0.0948380786181214
"274","(wfpt.344)",3.86198135312582,0.178983360144552
"275","(wfpt.345)",0.709512619710969,0.069717510150777
"276","(wfpt.346)",0.341072515771758,0.0415616276225249
"277","(wfpt.347)",1.43744142966985,0.102808562366925
"278","(wfpt.348)",9.09479538978331,0.25626412946902
"279","(wfpt.349)",3.0138635416759,0.151051168073229
"280","(wfpt.35)",0.306627614116516,0.0479536713286312
"281","(wfpt.350)",6.27169071944866,0.213383725356814
"282","(wfpt.351)",0.974824713922473,0.0838968356451676
"283","(wfpt.352)",1.59529867773928,0.127235186846321
"284","(wfpt.353)",1.87160234217637,0.128221606511347
"285","(wfpt.354)",2.62172408207826,0.153295940528457
"286","(wfpt.355)",0.770918483197256,0.0898737097065387
"287","(wfpt.356)",1.03210290228832,0.0974158114545311
"288","(wfpt.357)",1.59377808390845,0.109144170440743
"289","(wfpt.358)",2.54990042237745,0.13480383228642
"290","(wfpt.359)",1.20281612118826,0.0898925337505843
"291","(wfpt.36)",0.86887586815661,0.0883317067314998
"292","(wfpt.360)",2.23267499878583,0.175024696935244
"293","(wfpt.361)",1.72298550439751,0.114921236586133
"294","(wfpt.362)",1.05828667000704,0.0875733693803579
"295","(wfpt.363)",1.21030258492804,0.0851346056006113
"296","(wfpt.364)",1.69881821857984,0.119990205533467
"297","(wfpt.365)",0.873799663693694,0.0820011249788782
"298","(wfpt.366)",1.21482584163366,0.111113451078406
"299","(wfpt.367)",3.04201792890386,0.139361802334048
"300","(wfpt.368)",2.42036511043497,0.140950415027061
"301","(wfpt.369)",2.62961431607677,0.139337672745166
"302","(wfpt.37)",0.768307553001981,0.0680451192645186
"303","(wfpt.370)",1.02612238985738,0.0991290171572349
"304","(wfpt.371)",0.81263267946292,0.0824127425136488
"305","(wfpt.372)",1.40258104466158,0.095477027774343
"306","(wfpt.373)",0.363206796321331,0.0497541991106536
"307","(wfpt.374)",1.34813010137844,0.0972335832210712
"308","(wfpt.375)",5.24793685223231,0.226682768103062
"309","(wfpt.376)",1.25727781532713,0.101446612601312
"310","(wfpt.377)",2.84983413530253,0.169497287566656
"311","(wfpt.378)",0.899621056331398,0.0839490957823689
"312","(wfpt.379)",2.35886429588314,0.13280445145109
"313","(wfpt.38)",1.87902292858476,0.123382273076127
"314","(wfpt.380)",1.22520198030051,0.106174401963107
"315","(wfpt.381)",4.70756938513978,0.13225669330843
"316","(wfpt.382)",2.48529900654723,0.157407924145495
"317","(wfpt.383)",2.91710456694153,0.147793243012614
"318","(wfpt.384)",1.20292579507029,0.110873715288066
"319","(wfpt.385)",4.41076222475,0.149239473402459
"320","(wfpt.386)",1.16211626603521,0.0936759047655599
"321","(wfpt.387)",1.26145410130437,0.115307033872246
"322","(wfpt.388)",0.362384648879014,0.0512225063814291
"323","(wfpt.389)",3.08921765843828,0.172013804483029
"324","(wfpt.39)",1.65289568941637,0.104850457319187
"325","(wfpt.390)",1.42424717036263,0.10445391314512
"326","(wfpt.391)",3.03602897122922,0.13835070383297
"327","(wfpt.392)",2.12882098552378,0.162947379431969
"328","(wfpt.393)",0.647663798492626,0.0731629252682451
"329","(wfpt.394)",1.43690992854173,0.097972137697832
"330","(wfpt.395)",2.24514348777316,0.118900367091273
"331","(wfpt.396)",0.842170884375298,0.0798139151331174
"332","(wfpt.397)",0.806365744480621,0.0734343196230136
"333","(wfpt.398)",0.668982963227261,0.0626344806739637
"334","(wfpt.399)",2.58940737497847,0.120200325022989
"335","(wfpt.4)",0.243336661373239,0.0369579062993714
"336","(wfpt.40)",1.18045828776701,0.0898515831273479
"337","(wfpt.400)",1.14356393458135,0.118696256061938
"338","(wfpt.401)",0.789101333728706,0.067873467628653
"339","(wfpt.402)",3.49508134435718,0.149208480618338
"340","(wfpt.403)",1.61507992984412,0.120007957429033
"341","(wfpt.404)",0.451880288280633,0.0548456099024685
"342","(wfpt.405)",1.70875886227763,0.123512931915017
"343","(wfpt.406)",1.43163075238579,0.0850151736019836
"344","(wfpt.407)",1.57090596950435,0.117733521228199
"345","(wfpt.408)",0.13562070171109,0.0202547040265083
"346","(wfpt.409)",3.20672280058755,0.1699638015545
"347","(wfpt.41)",1.69438653973722,0.104024412619596
"348","(wfpt.410)",1.94697235956609,0.115436941908375
"349","(wfpt.411)",3.94174186426828,0.144009057891221
"350","(wfpt.412)",0.84238279434225,0.0753838379435828
"351","(wfpt.413)",0.851130575265977,0.0949271683464654
"352","(wfpt.414)",1.2991812285969,0.115883058569162
"353","(wfpt.415)",5.32737643747394,0.213960194147542
"354","(wfpt.416)",3.58969401127162,0.166462263618698
"355","(wfpt.417)",0.886655097347921,0.0827602966426588
"356","(wfpt.418)",1.74060687412898,0.121309532962656
"357","(wfpt.419)",1.55128207605889,0.116292063626774
"358","(wfpt.42)",3.8081235092612,0.163724043651243
"359","(wfpt.420)",1.10585015962515,0.0935979401087998
"360","(wfpt.421)",0.911278934814667,0.0927984091346679
"361","(wfpt.422)",5.44848570629469,0.217117764849691
"362","(wfpt.423)",1.30877206216439,0.114914644233623
"363","(wfpt.424)",0.970558330611302,0.0887640391843486
"364","(wfpt.425)",1.26147534576244,0.091273724774221
"365","(wfpt.426)",1.72235458103773,0.109644538833451
"366","(wfpt.427)",3.99821987217424,0.200054722918094
"367","(wfpt.428)",4.2430205061867,0.167675325554165
"368","(wfpt.429)",2.69882279785232,0.148794992409244
"369","(wfpt.43)",1.52420374354713,0.122230081514817
"370","(wfpt.430)",0.360503726079221,0.0537480883736506
"371","(wfpt.431)",0.95591733621631,0.100816339159005
"372","(wfpt.432)",1.19307991845426,0.129924104364858
"373","(wfpt.433)",0.687324130538242,0.0712468382631772
"374","(wfpt.434)",3.73554495115696,0.168722393475993
"375","(wfpt.435)",9.46907658755769,0.281321137001799
"376","(wfpt.436)",1.29620711711315,0.117713356668228
"377","(wfpt.437)",0.605746603229465,0.0669214769613007
"378","(wfpt.438)",1.96028642901449,0.135981754982504
"379","(wfpt.439)",2.6329825130613,0.177457143860892
"380","(wfpt.44)",0.180945672249774,0.0208738623925038
"381","(wfpt.440)",3.18470426010558,0.15845972638378
"382","(wfpt.441)",0.52006237667435,0.0608826287507711
"383","(wfpt.442)",0.375870146085296,0.0473482579381959
"384","(wfpt.443)",4.37243563000332,0.16749040144046
"385","(wfpt.444)",2.28307852974485,0.12593692948132
"386","(wfpt.445)",0.86899498638762,0.0811665268862723
"387","(wfpt.446)",0.690512193380226,0.073516003883329
"388","(wfpt.447)",2.44363795860821,0.138589347996388
"389","(wfpt.448)",0.603381534979237,0.0564828063128926
"390","(wfpt.449)",2.39924256182128,0.115693894068253
"391","(wfpt.45)",1.1981569461547,0.0911918869710693
"392","(wfpt.450)",7.46863637014522,0.272614551974971
"393","(wfpt.451)",0.232902000723783,0.0409853389912684
"394","(wfpt.452)",2.23064272636401,0.134118608467579
"395","(wfpt.453)",1.1208140655694,0.0880431968881676
"396","(wfpt.454)",1.48979907425694,0.108342236939751
"397","(wfpt.455)",3.06041356426845,0.158282985274791
"398","(wfpt.456)",8.969806668733,0.295099058281026
"399","(wfpt.457)",2.08497634383684,0.158520901615106
"400","(wfpt.458)",1.08633470358176,0.100322686870113
"401","(wfpt.459)",3.01895829804699,0.163881245639161
"402","(wfpt.46)",3.67490614511374,0.15968633150749
"403","(wfpt.460)",1.80291390786998,0.131662640814305
"404","(wfpt.461)",1.14196183002285,0.0970129480828436
"405","(wfpt.462)",7.64689316257851,0.260087240365731
"406","(wfpt.463)",2.87898680531663,0.144293200922082
"407","(wfpt.464)",2.3459236000984,0.137384476965324
"408","(wfpt.465)",0.192401335199615,0.0301733768680316
"409","(wfpt.466)",1.43857909098258,0.098176437208409
"410","(wfpt.467)",0.480089588358685,0.0631807023179929
"411","(wfpt.468)",0.232722183279618,0.0296138717783178
"412","(wfpt.469)",2.42972068761127,0.13698620254688
"413","(wfpt.47)",0.18476103147787,0.0267808286085758
"414","(wfpt.470)",2.82316700167442,0.146618453341579
"415","(wfpt.471)",1.99112637207443,0.122347424853361
"416","(wfpt.472)",1.1931931200081,0.0874989659087862
"417","(wfpt.473)",0.915430505566314,0.0751708426023974
"418","(wfpt.474)",0.25612116554717,0.0267769458443303
"419","(wfpt.475)",1.29105814184846,0.105521362722178
"420","(wfpt.476)",3.18173741842797,0.186824181333775
"421","(wfpt.477)",1.78182164552227,0.131256808096123
"422","(wfpt.478)",1.73207446508858,0.129365033972293
"423","(wfpt.479)",3.55729791060091,0.187686498598479
"424","(wfpt.48)",1.35466192548233,0.107577639445439
"425","(wfpt.480)",1.55508430487506,0.120771026579172
"426","(wfpt.481)",1.78721917046451,0.143305898082244
"427","(wfpt.482)",2.17624411134118,0.13609075839216
"428","(wfpt.483)",3.91135811618894,0.186132776144155
"429","(wfpt.484)",1.43307264729474,0.107494918321726
"430","(wfpt.485)",2.33615075656808,0.109662153640326
"431","(wfpt.486)",0.404273199591314,0.0510775927229242
"432","(wfpt.487)",5.06642765257002,0.213904524241673
"433","(wfpt.488)",4.08583282280316,0.158509592954398
"434","(wfpt.489)",1.64931299428065,0.112132863626636
"435","(wfpt.49)",0.313994490012316,0.0392179330601851
"436","(wfpt.490)",2.78710855556107,0.153169419155466
"437","(wfpt.491)",0.962659892630556,0.0825066964833004
"438","(wfpt.492)",1.37762714947018,0.102295119263781
"439","(wfpt.493)",4.93079936254376,0.165267451792241
"440","(wfpt.494)",3.86257760660298,0.194056710770426
"441","(wfpt.495)",0.642503477454144,0.0617935131583526
"442","(wfpt.496)",0.768771322917878,0.0773110013006843
"443","(wfpt.497)",1.24497179227615,0.0906481166358587
"444","(wfpt.498)",1.09817298312923,0.0985520233028498
"445","(wfpt.499)",1.22081821401643,0.0951062493436155
"446","(wfpt.5)",2.57738996361964,0.151096080974924
"447","(wfpt.50)",2.72063541567718,0.172273048806669
"448","(wfpt.500)",2.52855577523792,0.16172983894979
"449","(wfpt.501)",1.38456777141872,0.112926240539951
"450","(wfpt.502)",1.39295681668163,0.111382402199443
"451","(wfpt.503)",1.06218603612537,0.0990518232767106
"452","(wfpt.504)",2.38236456780481,0.109089333551937
"453","(wfpt.505)",6.29724836407585,0.270572849475816
"454","(wfpt.506)",0.702055629081653,0.0835232111694648
"455","(wfpt.507)",2.02675194916626,0.110548819151542
"456","(wfpt.508)",1.06069968694341,0.0955520830502496
"457","(wfpt.509)",2.58709574659798,0.165235391298133
"458","(wfpt.51)",1.99347105320247,0.129815786981566
"459","(wfpt.510)",1.50885107177628,0.0969016532205964
"460","(wfpt.511)",2.18905959080423,0.12212449026716
"461","(wfpt.512)",0.758271203488305,0.0852934158172805
"462","(wfpt.513)",4.77615768805669,0.1912340965503
"463","(wfpt.514)",0.693584131673626,0.0777229342153764
"464","(wfpt.515)",2.88023868645632,0.158192955885388
"465","(wfpt.516)",1.01747305463692,0.103391295523468
"466","(wfpt.517)",2.34218328004904,0.125162401188867
"467","(wfpt.518)",3.71924210896844,0.181708101441399
"468","(wfpt.519)",1.83818988152397,0.130502521072973
"469","(wfpt.52)",2.33572986717444,0.131712172719846
"470","(wfpt.520)",0.207885475444129,0.0293179331207989
"471","(wfpt.53)",0.546860736465532,0.0640493181468742
"472","(wfpt.54)",0.542168020934193,0.0586995478149822
"473","(wfpt.55)",1.00059388536001,0.109179685009082
"474","(wfpt.56)",1.02426268521591,0.108088087520237
"475","(wfpt.57)",0.866260120784987,0.0806808371330961
"476","(wfpt.58)",0.534644447480958,0.0635154477439486
"477","(wfpt.59)",2.86781636686791,0.143955585904947
"478","(wfpt.6)",4.81492951771745,0.156585935159422
"479","(wfpt.60)",0.579751503059862,0.0797524427751393
"480","(wfpt.61)",0.890699693774895,0.0836350715307391
"481","(wfpt.62)",1.04459425370558,0.0825113507753724
"482","(wfpt.63)",5.41575065284861,0.188784447197026
"483","(wfpt.64)",1.72277982329698,0.12319847848002
"484","(wfpt.65)",0.436951906323612,0.060649051119694
"485","(wfpt.66)",1.47489157065668,0.100131932052608
"486","(wfpt.67)",2.91797773735426,0.143807484968644
"487","(wfpt.68)",1.69125905875451,0.0855517377302318
"488","(wfpt.69)",1.39390120376022,0.104221557172414
"489","(wfpt.7)",4.01418518995098,0.144607418430455
"490","(wfpt.70)",1.50625034484207,0.11001459652994
"491","(wfpt.71)",2.59076316762097,0.155648393452031
"492","(wfpt.72)",4.93208493077116,0.192011074383323
"493","(wfpt.73)",1.03207430179874,0.101445438233489
"494","(wfpt.74)",0.741220203537063,0.0802321560715615
"495","(wfpt.75)",0.254682646804117,0.0352754372372151
"496","(wfpt.76)",2.63278709789317,0.158562895918789
"497","(wfpt.77)",3.51016259485652,0.162585704647598
"498","(wfpt.78)",0.0715949863356666,0.012589499406147
"499","(wfpt.79)",0.52078381482863,0.0489142885311224
"500","(wfpt.8)",0.445589779810646,0.0519317932434706
"501","(wfpt.80)",4.34762768133322,0.197740244020814
"502","(wfpt.81)",1.08381435587247,0.10657184569113
"503","(wfpt.82)",1.34805566298793,0.116168066371504
"504","(wfpt.83)",10.9057545790768,0.373907734602824
"505","(wfpt.84)",3.65036076630275,0.130272231737498
"506","(wfpt.85)",10.1523504025314,0.317668257816797
"507","(wfpt.86)",0.713608501332245,0.0623828835269376
"508","(wfpt.87)",0.640190218490901,0.0764668141172669
"509","(wfpt.88)",0.505055871030836,0.0714139945869367
"510","(wfpt.89)",0.551414923561538,0.0576241545277199
"511","(wfpt.9)",0.765946028328829,0.0801299784368997
"512","(wfpt.90)",1.65984685519356,0.155764220358686
"513","(wfpt.91)",1.80279629568626,0.122485144244325
"514","(wfpt.92)",2.95729352711099,0.152495129669659
"515","(wfpt.93)",2.00867190096629,0.134173121492221
"516","(wfpt.94)",1.02070320830561,0.0890378165319733
"517","(wfpt.95)",2.14760590486971,0.105069113583742
"518","(wfpt.96)",1.53742073504954,0.116556584726673
"519","(wfpt.97)",3.55230900359499,0.126337658209382
"520","(wfpt.98)",2.35415111967915,0.138020992081164
"521","(wfpt.99)",1.1323770113865,0.0819347069261335
