,index,log_int_pval,slope_pval,log_int_val,log_slope_pval,log_rsq,rsq_adj,slope_val,rsq,log_slope_val,int_val,log_rsq_adj,int_pval,subj_id,sub_id
0,wfpt,0.0,0.20915649719927484,1.3050802974114801,0.012187501231847519,0.00017217755742593432,1.581692099728027e-05,0.00626223432224084,4.321449854949311e-05,0.013574561568374822,0.8132745055203678,0.0001447782583539059,0.0,0,s005
0,wfpt,0.0,0.031756815487933264,1.3527461009048185,2.8090949285727984e-05,0.00047104591516222705,9.631121520092822e-05,0.009584766998432328,0.00012297602463007262,0.02117806728524784,1.204927872507415,0.00044420139257306257,0.0,0,s007
0,wfpt,0.0,0.03777700103047912,1.259134210597575,0.0003109907450502728,0.00034771122233545615,8.84036218485873e-05,0.010144533951116499,0.0001150686421524938,0.024466695748895775,0.8324658979794789,0.0003209754028977718,0.0,0,s009
0,wfpt,0.0,0.27797476081136185,1.375648247877953,0.2990747076516676,2.996649272390961e-05,4.916791023212852e-06,0.005337200116117437,3.269520384607816e-05,-0.0073514376380668526,0.9709493744506994,2.177196550379179e-06,0.0,0,s011
0,wfpt,0.0,2.2956732183434555e-09,1.1928982209948478,1.0226609891598409e-32,0.003836122421869592,0.0009375988035554839,0.02675060793160213,0.0009646012198692988,0.05186816977669021,0.5948582279666748,0.0038091407350446804,0.0,0,s012
0,wfpt,0.0,0.7918017730167425,1.2335198410164319,0.6026798336711985,7.345106227574227e-06,-2.514504066630785e-05,-0.00134995581836354,1.8833964547937398e-06,0.003625115140112014,0.6980079649355012,-1.9760842349114682e-05,0.0,0,s014
0,wfpt,0.0,3.644812641707201e-05,1.2772528077824041,2.3737820891761786e-09,0.00096531867192029,0.0004336637578727931,0.01836831201828535,0.0004606797944208818,0.02724648315973837,0.8274494090706134,0.000938246762283379,0.0,0,s015
0,wfpt,0.0,1.0880934989111331e-41,1.3104197147656846,9.418596737619246e-20,0.002327931228099711,0.005113200278471175,0.06213637877429191,0.005141226048203329,0.044050334515421286,0.8958479510866459,0.002299824622601254,0.0,0,s017
0,wfpt,0.0,4.898083648031501e-06,1.2549976128588165,2.3062606053221235e-12,0.00131257011813668,0.0005299417733759526,0.020449779435433257,0.0005565950190151714,0.029564673385464896,0.7267606423801446,0.0012859121508119742,0.0,0,s026
0,wfpt,0.0,1.0314685461064655e-06,1.29576969072135,1.5207684055076422e-12,0.0013342419336683786,0.0006096815889711227,0.021568352381409164,0.000636332708158549,0.029762976360014435,0.8551662122209501,0.0013075866793560431,0.0,0,s027
0,wfpt,0.0,0.3095441914165743,1.3686913732884514,0.00654830589056122,0.0001971683544993441,8.706248818546314e-07,-0.006394258881144788,2.7537979461200734e-05,-0.03373179063856759,0.8740936004230765,0.00017050125667461558,0.0,0,s028
0,wfpt,0.0,0.04045599945651333,1.2433112439014715,4.088245952016673e-06,0.0005736554189542664,8.645303245191638e-05,0.010411121265216238,0.00011347845332732032,0.02460799675337838,0.6529033046869218,0.0005466336716829501,0.0,0,s032
0,wfpt,0.0,0.1287094087486932,1.2596250360974917,0.00021786936956193735,0.0003694251547996519,3.5353896410406094e-05,0.00817269298461731,6.238069838082616e-05,0.021939540614437487,0.6711300230391877,0.00034240665177664997,0.0,0,s034
0,wfpt,0.0,1.0590233631879655e-10,1.1962714990555663,1.162493717209789e-23,0.0026778397974581702,0.0010850661454699928,0.03434496071330816,0.0011117045873978437,0.060054082353397174,0.6430691494789302,0.0026512402839304894,0.0,0,s042
0,wfpt,0.0,0.4571746272910141,1.3009535760559878,0.015602877391446331,0.00015645033904054806,-1.1925407078727801e-05,0.0033290650727234314,1.4742288737212839e-05,0.012426045982835063,0.8889749351335621,0.00012969580879884646,0.0,0,s049
0,wfpt,0.0,0.022383478417418574,1.282580239719646,0.008275908410967377,0.00018593576023906433,0.00011242128980915034,0.011396632699287111,0.00013908566962483881,0.013245793203925599,0.6880525317591875,0.0001592726298257352,0.0,0,s060
0,wfpt,0.0,1.1831148859631358e-184,1.0303523567910091,2.5862085352467528e-130,0.016268159941661864,0.022121876100023696,0.1404784953526629,0.022147953545392784,0.10884221089355524,0.3096165551592089,0.016240809745930784,0.0,0,s062
0,wfpt,0.0,0.8561075157366348,1.3688865856566719,0.3134068101596665,2.7103261915351062e-05,-2.5791179470990855e-05,-0.0008027527294772076,8.768861088359614e-07,-0.0037750957068206706,0.9275134363628819,4.344733315342353e-07,0.0,0,s063
0,wfpt,0.0,0.29778527213582334,1.268350203377454,0.01067168271961553,0.00019878743446000158,2.4741632752567355e-06,0.004949252504203121,3.1886720286866677e-05,0.011895880239798158,0.8956533681598289,0.00016829825378894547,0.0,0,s065
0,wfpt,0.0,0.05049703230954825,1.3237802609964369,3.2957562569475466e-08,0.0008157261170965713,7.533296846062854e-05,0.0090430767822411,0.00010199833732460473,0.02707688038271352,1.0018834496810343,0.000789014245367925,0.0,0,s066
0,wfpt,0.0,1.5888687812963876e-11,1.2472924995380088,2.9793377959587265e-06,0.0006962944978502472,0.0013453009206960687,0.03381278400715646,0.00137556410137063,0.017948827221465125,0.614541012895013,0.0006644096280150613,0.0,0,s071
0,wfpt,0.0,0.6316273492267066,1.3557578306359956,0.8931289583588435,4.814374898742813e-07,-2.053792458855952e-05,-0.0022259017721221602,6.1300009007725365e-06,-0.0007189095719665074,0.9247260117759033,-2.619232934297777e-05,0.0,0,s081
0,wfpt,0.0,0.00010589569735862986,1.3973513508100375,0.6348212973140499,6.0251492369767234e-06,0.00037405094811227,0.015773083867430503,0.00040070835095096236,0.0028009098633704345,1.1169332755879642,-2.0684091544431737e-05,0.0,0,s082
0,wfpt,0.0,0.14380345201059433,1.3015751257252928,0.2263704323991422,3.9130337712522945e-05,2.9917476927265874e-05,-0.007168226693317456,5.623317161729258e-05,0.0038585803174497435,0.689926120682444,1.239413093556685e-05,0.0,0,s083
0,wfpt,0.0,1.5902154379925228e-31,1.1781893720213072,1.8316610622088915e-50,0.006014942411754709,0.00365438137104257,0.05450466934318853,0.0036813103588160256,0.06645089390425421,0.551920702514789,0.005988072867311511,0.0,0,s084
0,wfpt,0.0,0.0005636891821590048,1.3087011150571481,0.0009179173205458096,0.00029294253936995585,0.00029043707223619375,0.014677527249497228,0.0003170967048377049,0.012458635572862099,0.7573688878929676,0.00026628226262293,0.0,0,s085
0,wfpt,0.0,0.3869666081456842,1.2145087152384246,0.7285107061754428,3.467593554518089e-06,-7.085574480258927e-06,0.0042263879555477606,2.1084432719198354e-05,0.0023703217155245015,0.6179084126759362,-2.5312597903726086e-05,0.0,0,s086
0,wfpt,0.0,0.09795134291385173,1.371279252637234,0.0029136800933158816,0.00023973932753540428,4.699163978827414e-05,0.009743669944154001,7.401812721663514e-05,0.013321632811510458,1.1234797868640614,0.00021268660914930404,0.0,0,s089
0,wfpt,0.0,0.10945648366242583,1.23805206906072,0.031792704725827924,0.00012294076822705335,4.1657319537868887e-05,0.008533320057948634,6.832358644304204e-05,0.011887501454044307,0.5792211072230915,9.627240188581077e-05,0.0,0,s091
0,wfpt,0.0,0.1790508567076343,1.3406562918672857,0.8787966989456404,6.203474298693834e-07,2.1198823160206715e-05,-0.011573151984688062,4.7514747294585824e-05,-0.00042647553205444054,0.7480317126213277,-2.605555033885487e-05,0.0,0,s092
0,wfpt,0.0,0.580288776027597,1.3392984199010072,0.2881817077383118,3.009135067411073e-05,-1.8513546957255045e-05,-0.002867785259156261,8.154324547260394e-06,-0.00436282953155909,0.842491610702612,3.4176621614978586e-06,0.0,0,s093
0,wfpt,0.0,0.8563002968385638,1.3694948422065305,0.35112832326929067,2.318647197052659e-05,-2.579355342469114e-05,-0.000801356614248104,8.745122183073661e-07,-0.00392304538340565,0.9335121663418452,-3.4831323374451273e-06,0.0,0,s094
0,wfpt,0.0,0.3801806881809138,1.3411265689065472,0.20113035032528306,4.3581546683602035e-05,-6.1299148432780726e-06,0.003889987988421747,2.0537626422179045e-05,0.005315367894318656,0.8787187301863653,1.6913197567580696e-05,0.0,0,s097
0,wfpt,0.0,0.000348802690271135,1.298677371601829,1.6244151631378795e-11,0.0012119182322479771,0.00031432567340428097,0.016401875329984814,0.00034098466895948754,0.03188346570305732,0.925705943686031,0.0011852276552519747,0.0,0,s098
0,wfpt,0.0,0.1270128493207113,1.2824733883099744,3.90929732559627e-05,0.0004532407576466335,3.54328301803708e-05,0.007172501870808,6.209926307632063e-05,0.021461021966295152,0.9096087632489985,0.0004264518758058111,0.0,0,s103
0,wfpt,0.0,0.004807029227968494,1.2534560694765846,1.2864841961083477e-05,0.0005074245688283519,0.00018534637216338634,0.01375471774178801,0.00021200880725835702,0.02158348927553942,0.6396015134628914,0.00048076787925832587,0.0,0,s106
0,wfpt,0.0,1.0204000735255187e-07,1.3948112530926529,0.0019796389445250794,0.00025897220447690383,0.0007385586760374485,0.02330481550963305,0.0007655664719595778,0.013766816838222963,1.1555488651937311,0.00023191048702586592,0.0,0,s108
0,wfpt,0.0,1.8680376226317696e-66,1.094819350616636,3.844852728439629e-69,0.008322898218807495,0.007956314588655311,0.07908360871071299,0.00798312730482087,0.07630884778291626,0.33750531265451705,0.008296064950366167,0.0,0,s110
0,wfpt,0.0,0.011585668052487043,1.3144748968263895,0.1651091287585793,5.1436895928236304e-05,0.00014328525440354678,-0.011518958683475326,0.0001699488111581715,0.007039449057629753,0.8402195719896269,2.4742414946210545e-05,0.0,0,s111
0,wfpt,0.0,0.0,1.051483319191356,0.0,0.09545149483118387,0.08894364884809736,0.22634431036760674,0.08896794433200761,0.2479493800691567,0.8190906139605385,0.09542737225117515,0.0,0,s112
0,wfpt,0.0,0.4852272899170553,1.3111361374129527,0.6047896746049213,7.14321404515772e-06,-1.3677836021130929e-05,-0.0038108632449050813,1.298990652764953e-05,-0.003579878921981702,0.7775623085697332,-1.952681813999213e-05,0.0,0,s121
0,wfpt,0.0,9.218081126029074e-95,1.1844725596497496,1.4244361416586316e-99,0.01330400826664957,0.012623193066571003,0.10646901644608076,0.01265266788095154,0.1051683147647487,0.6834788865839361,0.013274552896426428,0.0,0,s128
0,wfpt,0.0,1.1428448935568376e-106,1.1125109180262631,4.141458951834234e-136,0.01633994847667186,0.012725824702619293,0.10259251674368729,0.012752152716040799,0.10641005827046213,0.5581270123921562,0.016313665677240463,0.0,0,s129
0,wfpt,0.0,0.8253202755213446,1.3170440156522356,0.7915062443449781,1.8639353523974833e-06,-2.536898848570779e-05,-0.0011660285024307428,1.2990658354583573e-06,-0.0016732196632244633,0.7818985376546239,-2.4807660307324397e-05,0.0,0,s142
0,wfpt,0.0,0.8089195034234281,1.3808988335987187,0.4933610811945728,1.2686669883965607e-05,-2.5447880347639895e-05,-0.0011407644283238688,1.5805649583588988e-06,0.003222715477829466,1.0522377339027202,-1.4352437633924353e-05,0.0,0,s145
0,wfpt,0.0,0.008530504491518615,1.4125167233606624,0.08074920889248201,8.360991389344541e-05,0.00016215138129294093,-0.012018354639233113,0.00018954494957201806,-0.008569129322062682,1.134644763943243,5.6196167763644667e-05,0.0,0,s149
0,wfpt,0.0,4.042839217065471e-25,1.3129222368307127,7.857509258470577e-07,0.0006502977819151656,0.0028279412908833734,0.05290950310358614,0.002854533254901259,0.03369406251439474,0.8622680957169693,0.0006236470351496104,0.0,0,s161
0,wfpt,0.0,0.08057755113255047,1.3195087986711225,0.1857072558818372,4.6715870687608074e-05,5.475522922604448e-05,-0.009177751440518498,8.142114684428492e-05,-0.007365170394223753,0.796806268436492,2.004262562560477e-05,0.0,0,s163
0,wfpt,0.0,0.05053598014794101,1.3697893164583028,0.5580622646776756,9.16744827361704e-06,7.529851508891738e-05,-0.008699528770155458,0.00010196388487160313,-0.0031665026182388437,1.0409838311413782,-1.755384164314755e-05,0.0,0,s165
0,wfpt,0.0,0.2553089568902544,1.3003001976974637,3.683776317781687e-05,0.0004603706549919373,7.947645650707713e-06,0.005226445480882637,3.4975188350605535e-05,0.018462766485124602,0.8218969130850072,0.0004333407291057245,0.0,0,s168
0,wfpt,0.0,4.694215471912064e-05,1.2781332373494299,1.670069251328229e-10,0.001103873441461234,0.00042069106319997385,0.018256352983432582,0.00044770745037092663,0.02791173001183458,0.7844735127641376,0.001076845568563356,0.0,0,s170
0,wfpt,0.0,0.13540834097677115,1.3122302405966135,0.65241601667629,5.411450005654572e-06,3.27857752138172e-05,-0.007216057798712832,5.9452278699856365e-05,-0.0022389772477855023,0.768772131107139,-2.1262896830798184e-05,0.0,0,s173
0,wfpt,0.0,0.8813320825440427,1.3822013368782768,0.01380538190272416,0.00016167401396305348,-2.607377365637653e-05,-0.0007273063532999675,5.942994594221318e-07,-0.014877827853257981,0.9235317868282242,0.00013501023653539335,0.0,0,s179
0,wfpt,0.0,0.03222294706996523,1.405137762896775,0.008941667109068392,0.00018229105103417798,9.564507634562958e-05,0.010434509645044627,0.00012230990353889748,0.011809094709526085,1.1719341929232088,0.00015562142237113274,0.0,0,s180
0,wfpt,0.0,0.6134143877337208,1.3057964922417882,0.1383399558651669,5.858811671055619e-05,-1.9861269636933798e-05,-0.002457291955326109,6.806637807721394e-06,0.007089740463778194,0.7863406023531174,3.191376528510759e-05,0.0,0,s182
0,wfpt,0.0,0.15927741343554627,1.3333936024933912,0.5681417269588367,8.816253814991626e-06,2.651765729189126e-05,-0.006835696232092329,5.354469808604989e-05,-0.0035421598137280355,0.8788436635376776,-1.8243445379706458e-05,0.0,0,s184
0,wfpt,0.0,0.20561349543098173,1.2739041750674749,0.1385616362015575,5.850825856013042e-05,1.6056214185544704e-05,0.00654930047634372,4.272316380504737e-05,0.007854492092221825,0.6840974178262423,3.184030753222711e-05,0.0,0,s187
0,wfpt,0.0,9.784228179159735e-44,1.147766971387153,1.319729889749055e-74,0.008877943668965771,0.0050898715200544675,0.06749012264463482,0.005116403164324379,0.08001218095325373,0.5606754705648546,0.008851478460519036,0.0,0,s190
0,wfpt,0.0,0.08376711664019272,1.2516104183816696,0.14829204665179135,5.658700576094411e-05,5.3793520853440135e-05,-0.009615942906303255,8.081982444219094e-05,-0.012680835072987303,0.7485032161344873,2.950954866776101e-05,0.0,0,s192
0,wfpt,0.0,6.340200611598034e-08,1.3308761543453569,1.1730432549250237e-07,0.0007613645625538235,0.0007532747170961862,0.030087071010598362,0.0007799220070313639,0.021387795922285246,0.914070604808833,0.0007342467098769845,0.0,0,s196
0,wfpt,0.0,0.7992806547990229,1.3842817960237197,0.5575791132227721,9.195866538025399e-06,-2.4943732355175996e-05,0.0010948013021961397,1.7243106255060425e-06,0.0032584177650377666,1.1319842892630592,-1.754257042918539e-05,0.0,0,s198
0,wfpt,0.0,1.6621684326871098e-09,1.2033460283503588,2.576579090690891e-10,0.0010803042096235727,0.0009545891350536406,0.029995992788767946,0.000981591092156897,0.03193789319003921,0.5624543737986257,0.0010532925091343293,0.0,0,s205
0,wfpt,0.0,0.590138659657137,1.3368149233359203,0.3608397833077105,2.2276566157275468e-05,-1.8930656033422366e-05,0.002359667055223206,7.737226594195512e-06,0.004455465856102836,0.8753461449300568,-4.402312329343516e-06,0.0,0,s206
0,wfpt,0.0,5.763082760734365e-16,1.3014454670537063,4.683716053876316e-05,0.000441852133205356,0.0017190748472362127,0.03720421684886916,0.0017456963818144322,0.016567915977180887,0.741222639551819,0.0004151958275926404,0.0,0,s207
0,wfpt,0.0,4.6529837849166804e-05,1.3755318811822226,0.026075614207013605,0.00013208305060807835,0.0004155286346776421,0.02117569575355341,0.00044218493141523485,0.011214907760967618,1.0468533118134422,0.0001054071017005942,0.0,0,s209
0,wfpt,0.0,0.08702002655807929,1.3817903332378447,0.051653867193669004,0.00010247615796354914,5.143358525416808e-05,-0.008977795003931973,7.809959145199663e-05,-0.007976418783799557,0.9726091054814602,7.541752879014485e-05,0.0,0,s212
0,wfpt,0.0,0.6182089138556722,1.359273738597992,0.5609906483492559,9.016562488417534e-06,-2.004367999819401e-05,0.0022145891773933477,6.624232310903366e-06,0.0023564105154496792,0.9524961089038262,-1.7659822920457202e-05,0.0,0,s216
0,wfpt,0.0,7.260003609889479e-22,1.2558501246399292,2.66078764705469e-39,0.004667017517741234,0.002466059873097004,0.04405273930855758,0.002493020978535765,0.056219517971709,0.9719071491890853,0.004639952774906808,0.0,0,s218
0,wfpt,0.0,0.2572182233931907,1.29570075710247,0.14159226412605116,5.7631182501127753e-05,7.5656556333125735e-06,0.005957027791516665,3.4232831673808306e-05,0.0091192139019834,0.7521869619019013,3.095822859955355e-05,0.0,0,s226
0,wfpt,0.0,0.2634461495785695,1.2841822478978187,4.8406913529190336e-12,0.0013492879843560734,6.961143173889184e-06,0.006488912102137376,3.4739499207625535e-05,0.03412423404191024,0.8662214678313938,0.001321050391413281,0.0,0,s233
0,wfpt,0.0,0.7796296866124103,1.258950452715885,0.1669651014090023,5.1626119601633214e-05,-2.4580190604250873e-05,-0.0017386368046257467,2.0878426817416695e-06,-0.006435568217560591,0.4898078708171239,2.4597565869255433e-05,0.0,0,s237
0,wfpt,0.0,0.2088380462323031,1.3647013248709738,0.4020913930394503,1.977928885854574e-05,1.6324714193438616e-05,0.006404602333657528,4.449406192963412e-05,-0.00454930507176379,0.9318693083963805,-8.393136009976487e-06,0.0,0,s238
0,wfpt,0.0,0.8431056951095277,1.3315828873999376,0.0012461595628722136,0.00027869546343350926,-2.5623370178973204e-05,0.0008357400097381418,1.044690925877667e-06,0.015214659760799288,0.9664786450782914,0.0002519549374470076,0.0,0,s244
0,wfpt,0.0,0.000327786569358433,1.3930505445676526,0.004031421410089657,0.00022362599865111132,0.0003217149591454582,-0.019640426604908612,0.0003487340214185508,-0.022956231769274252,1.021551944551831,0.00019658747706963187,0.0,0,s254
0,wfpt,0.0,0.003695105845104104,1.2969736892904369,0.012159606175239325,0.0001701073482558435,0.0001980711410521918,0.018760439489727013,0.0002247332368109367,0.009929712265406492,0.7039753816789884,0.00014305494173361133,0.0,0,s259
0,wfpt,0.0,0.3695859827112662,1.3270076747747666,0.03529828263583379,0.00011997947032194034,-5.268395024016215e-06,0.004109709282975636,2.1759504875928926e-05,0.010476165399410566,0.9245446837191099,9.290226338576346e-05,0.0,0,s262
0,wfpt,0.0,0.007691981199764487,1.149343096024667,0.00025915603164001686,0.0003892374909045815,0.00017692035068583856,0.013196523731706383,0.00020590156984146013,0.02310230148341138,0.5864501118727213,0.00036007561557604983,0.0,0,s265
0,wfpt,0.0,0.7477355202311275,1.3894667504792115,0.1535638338243709,5.441006293616102e-05,-2.390933585005861e-05,-0.0014320818370430733,2.7586795458001134e-06,0.006839178615429123,1.1658093715163689,2.769355150245012e-05,0.0,0,s269
0,wfpt,0.0,1.7008491138493225e-23,1.3882007023372742,1.205251754687414e-15,0.0017072199966619017,0.0026309099026242677,0.041926027162399196,0.0026575071209525847,0.02786725860211548,1.1346079652268732,0.0016805938856543357,0.0,0,s273
0,wfpt,0.0,0.011690869591019705,1.2904029635522731,0.40793296403321655,1.8305305228838442e-05,0.00014285756165210994,-0.012469997622441525,0.00016952112981216683,-0.006171603894619169,0.8105454647346574,-8.424311586985311e-06,0.0,0,s275
0,wfpt,0.0,4.9058478854405607e-20,1.2175359268935348,5.596368108859481e-29,0.0035190965797616824,0.0023359347151571397,0.04255192910824253,0.002364038719925854,0.05030071792167098,0.7076360617960554,0.0034909513770101652,0.0,0,s277
0,wfpt,0.0,0.00866444973147585,1.2696322957437052,2.2414563777229924e-08,0.0008344623442251287,0.0001570846375972268,0.013666344006450233,0.00018374782635854903,0.03433728597299727,0.8523468737125808,0.0008077909028270103,0.0,0,s284
0,wfpt,0.0,6.641929186252875e-98,1.1316875199737226,4.010979223325037e-91,0.011252060497272787,0.011982560602748049,0.10065492615314046,0.012009630315326425,0.09791355019076892,0.7617464483634988,0.01122475983903215,0.0,0,s285
0,wfpt,0.0,0.007085561653505281,1.3022206171550488,0.0001412405639438729,0.00039171518242508974,0.00016894787602383943,0.012568402962739263,0.00019597106724855706,0.016469200439930318,0.8385600393719157,0.0003646790131983657,0.0,0,s286
0,wfpt,0.0,4.089699013150085e-06,1.2718552389258007,1.9526652326412067e-05,0.0005513264734837708,0.0005946424175429232,0.026468545325725644,0.0006240375573288715,0.01840553668425796,0.8300452969045966,0.0005211006017870057,0.0,0,s291
0,wfpt,0.0,1.7045221445756254e-07,1.2992617525371566,0.007349667379749557,0.0001916067046503489,0.0007022590253891181,0.024073785180232104,0.0007289076757790447,0.011887447478043664,0.7198849497847984,0.00016494372547026792,0.0,0,s294
0,wfpt,0.0,0.018564590743919723,1.21518221512412,0.001721891062089815,0.00026280052215132965,0.00012112336793945744,0.010666732963333099,0.00014778751569355375,0.012559257862818895,0.5774028367394575,0.00023605527871961574,0.0,0,s295
0,wfpt,0.0,0.7090406872311339,1.2936719099374736,0.6797179995137184,4.607129459599513e-06,-2.3264976089398814e-05,-0.0018912116659965247,3.7634102176831163e-06,0.00225415101699331,0.7014660123461854,-2.2422695193702324e-05,0.0,0,s301
0,wfpt,0.0,0.5434606480769791,1.3142134078595584,0.6519008004618035,6.262372511334213e-06,-1.9411092116117246e-05,0.003435119483197595,1.135968271059884e-05,0.002695986211238184,0.745584768408886,-2.4508559165470345e-05,0.0,0,s305
0,wfpt,0.0,1.5079322574169376e-06,1.2199575409625745,1.6142140039731e-13,0.001471021125937555,0.0005981823690425214,0.024580510650791823,0.0006251939590214972,0.03530376153269824,0.6204783991555735,0.0014440134179728448,0.0,0,s307
0,wfpt,0.0,1.444890497126986e-06,1.255178767000353,1.122104142411515e-12,0.001350504613620629,0.0005923972285820645,0.02400428304360738,0.0006190488086980084,0.035753935479248766,0.7867978248179542,0.0013238426770715295,0.0,0,s313
0,wfpt,0.0,0.9852999902614781,1.3267383153790513,0.3955707511782468,1.9249282290800807e-05,-2.6659035526677144e-05,8.771165644044419e-05,9.053196636799044e-09,0.004065352875125652,0.8290427820484444,-7.420427022841736e-06,0.0,0,s314
0,wfpt,0.0,0.08750577616127524,1.413257030660707,0.9894272068823093,4.951014376253227e-09,5.1194004796251136e-05,-0.00966171629617282,7.786001738308013e-05,5.0841642438778936e-05,1.0675422267473558,-2.8189477626838766e-05,0.0,0,s326
0,wfpt,0.0,0.8105774977847107,1.3224050404024545,0.8652751771352148,7.781868578415896e-07,-2.5475720089929155e-05,-0.0011321738818136718,1.5527259685788053e-06,-0.0007721563832306072,0.7907056109887737,-2.6255394873331284e-05,0.0,0,s328
0,wfpt,0.0,0.18762031303833587,1.3149457094397732,0.16418226477770126,5.160949659777092e-05,1.9633978404209884e-05,0.007462866971950779,4.630083261414342e-05,0.011062199797360887,0.8428860161226355,2.494278395970273e-05,0.0,0,s329
0,wfpt,0.0,0.23995105551436058,0.7102341444139272,0.29325492761041744,3.4542996869779685e-05,1.0730547526427436e-05,0.005528117525340072,3.890005284923337e-05,0.004943395961782749,-0.5744095637303079,3.2725779253173215e-06,0.0,0,s334
0,wfpt,0.0,1.6035545449242606e-21,1.1215585833922193,4.757449601870603e-40,0.00461070581778622,0.0023600673998321886,0.06047012280386937,0.002386321773173661,0.06077991146390513,0.39144542606296046,0.004584488595087977,0.0,0,s336
0,wfpt,0.0,2.7284551776414493e-17,1.2111251800625484,8.244665868711084e-29,0.003322732724277966,0.0018792023312825812,0.0370622948188926,0.0019058195956807022,0.05089871505604227,0.7368102407718171,0.0032959906457356025,0.0,0,s339
0,wfpt,0.0,0.007294948975591937,1.2758829074229443,6.170133525175356e-05,0.0004283630118757653,0.00016530127563418873,0.013351998789722012,0.0001919642452793413,0.022382527368700576,0.8536164027520966,0.00040167930560275344,0.0,0,s346
0,wfpt,0.0,0.27687870836248,1.3893960708701334,0.4031989054309477,1.8638287569539003e-05,4.863610492567005e-06,0.005656765977768483,3.153085858953464e-05,-0.004981606795127924,1.028855045488543,-8.034283493163485e-06,0.0,0,s357
0,wfpt,0.0,0.09103269691507661,1.3322977771595494,0.0029832144787222533,0.00023849745336135264,5.0165462304518904e-05,0.008611991039747524,7.719186395149791e-05,0.01495886604720599,0.9763204280687678,0.00021145348283146959,0.0,0,s359
0,wfpt,0.0,0.693783311968671,1.2949511132942635,0.11989003258175691,6.54536980256859e-05,-2.283836539995754e-05,-0.0019443087555957063,4.19000937690317e-06,0.008532034848427865,0.8023777381639696,3.839406697270231e-05,0.0,0,s365
0,wfpt,0.0,0.1100703371803779,1.3494552917974112,0.11921161215571976,6.561794754234018e-05,4.198136545185971e-05,-0.010310604439299447,6.900798829667654e-05,-0.017719875289007953,0.8661756664855258,3.858977200832392e-05,0.0,0,s368
0,wfpt,0.0,6.087582607884938e-195,1.0802756286671795,6.3480746298571405e-232,0.027821396613284977,0.023355287449553286,0.13489296138871046,0.023381332003076016,0.13432580860374782,0.506429578660116,0.02779545247890758,0.0,0,s369
0,wfpt,0.0,8.309648097362705e-15,1.357632545155996,1.1243177027926546e-10,0.0011086477116173388,0.001579139102489635,0.03449608904529552,0.0016057643687872325,0.030436183762574846,1.0395642931788096,0.0010820077672955009,0.0,0,s372
0,wfpt,0.0,0.094095002081131,1.29230102095642,3.0748717302190657e-07,0.0007298920570011358,4.872939084432648e-05,0.009224384350328763,7.575583130514651e-05,0.02780403177586741,0.8105901026745911,0.0007020463760130102,0.0,0,s373
0,wfpt,0.0,2.5458134732455477e-07,1.4167023677058692,1.9058484279422107e-07,0.0007231553114925848,0.0006815950820442396,0.02170746219487611,0.0007082442834873692,0.02224833031803837,1.235336873236391,0.0006965065076980359,0.0,0,s374
0,wfpt,0.0,0.7500590778653019,1.3580563250065139,0.31330334749488603,2.7490227110682497e-05,-2.4285491573072804e-05,-0.001642038387464333,2.742922316167906e-06,-0.007137151640141275,0.9640524977108403,4.5225096489964756e-07,0.0,0,s376
0,wfpt,0.0,0.33626994960909573,1.3305114664046889,0.8618992273265331,8.293308290108214e-07,-2.0651354077916295e-06,-0.004161808502017564,2.5332932077182235e-05,-0.0007755755406336303,0.82398491548032,-2.6576165914393712e-05,0.0,0,s380
0,wfpt,0.0,0.2990473458100365,1.3795158076962049,0.19826553392715776,4.413810204040303e-05,2.0925169229579765e-06,0.00492567031981901,2.8759838917702396e-05,0.006075955507869166,1.0095957687931918,1.747119015460541e-05,0.0,0,s383
0,wfpt,0.0,4.8360092060276465e-42,1.130333663485002,9.098165389863975e-56,0.0066704339969713144,0.004949790741612836,0.06977071450180974,0.00497668471737589,0.08429447116375009,0.5117541645951718,0.006643573458694707,0.0,0,s384
0,wfpt,0.0,0.000212453959289521,1.423114076943082,0.11435287543078482,6.74210063552616e-05,0.0003436838549728538,0.015065737048445323,0.00037070232347591325,0.005742145601894053,1.2022133306280256,4.037826027702973e-05,0.0,0,s388
0,wfpt,0.0,0.47910389753877336,1.314373038397092,0.008462221379937677,0.00018495762493053736,-1.3309534910410648e-05,0.0034012726663659853,1.3358197816670803e-05,0.012256426263019591,0.8378832073264174,0.00015828237500714604,0.0,0,s391
0,wfpt,0.0,0.1138717531407595,1.309645590947361,1.0092099796209705e-09,0.000995221091769527,3.999318865977042e-05,0.007268654727729909,6.665949994300036e-05,0.027215336603729986,0.8919017548359969,0.0009685582120078085,0.0,0,s396
0,wfpt,0.0,0.001607126184826511,1.3900893188721228,0.0006260778270131377,0.00031189504684603353,0.00023869656318920018,0.012537002560872701,0.00026535757557444306,0.014059998183331337,1.0957844574259976,0.00028523456454210283,0.0,0,s397
0,wfpt,0.0,0.1578956815121255,1.3926475451416933,7.70268343254036e-05,0.0004178077708494321,2.651585250412758e-05,0.005696294259513248,5.318252319252981e-05,0.01489006160088413,1.18931147361931,0.00039108240342988765,0.0,0,s402
0,wfpt,0.0,0.0871613600121757,1.325648991295784,0.1975415640810746,4.489017486819513e-05,5.205787096551617e-05,0.008586835620135994,7.908422146496452e-05,0.006586984706772209,0.8576260871516226,1.785632399831094e-05,0.0,0,s403
0,wfpt,0.0,0.39527798954318916,1.3710302292766094,0.2798141993737218,3.158606257658292e-05,-7.4959116300732376e-06,0.003970645252983994,1.953204847449097e-05,0.0037939760814662406,0.997654787018722,4.543810049661978e-06,0.0,0,s408
0,wfpt,0.0,0.006283751888581607,1.3533039444918626,0.2679374928378466,3.272899995221401e-05,0.00017245270362975518,0.011495861562804818,0.00019911548256501543,0.004327806476948581,0.8923905677342143,6.0617838074650265e-06,0.0,0,s409
0,wfpt,0.0,1.545672457855192e-68,1.096629853203914,1.3438660291037668e-118,0.014245238632745627,0.008103496162445545,0.08088341700365491,0.00812994744124862,0.12783981090362134,0.6186536913679815,0.014218856158669801,0.0,0,s420
0,wfpt,0.0,0.6225544840899067,1.354075750028049,0.4627450263211096,1.4381921786377205e-05,-2.0206345658024816e-05,-0.0020586070092386334,6.461570988824938e-06,-0.0028526399762424442,0.8735392753499694,-1.228791734098067e-05,0.0,0,s421
0,wfpt,0.0,0.09574425255162596,1.3481316298339188,0.07735947890618507,8.547089629262761e-05,4.863413750288981e-05,-0.008807647543909374,7.603081592866268e-05,-0.009518563819334825,0.8283518034137305,5.807372586497106e-05,0.0,0,s425
0,wfpt,0.0,3.660083881675648e-14,1.3524332672704253,0.0023102004600645803,0.00024762264658895194,0.00150146050609834,0.03921265336446004,0.0015280878438804768,0.020272703774700224,0.9789295163652356,0.00022095760571849699,0.0,0,s427
0,wfpt,0.0,0.8955995465374362,1.3718732929755304,0.01496040867602736,0.00016077141096593195,-2.65630586517851e-05,-0.0005396427685925458,4.6541679499245703e-07,0.011854399777886231,1.1636313835194132,0.0001336217862722977,0.0,0,s430
0,wfpt,0.0,5.674946707780495e-10,1.401203911021127,0.009963295878993757,0.00018457785551440065,0.001039258386056674,0.026623447420811457,0.0010670080663705006,0.010692512295834658,1.1246919991825814,0.00015678899473037244,0.0,0,s441
0,wfpt,0.0,0.30027864403129034,1.3607654700608869,0.17671860509771473,4.868055896845025e-05,1.946339992286994e-06,-0.00510134442641101,2.8613665885135475e-05,-0.007803081842335243,0.9260016872159323,2.2007366313525623e-05,0.0,0,s449
0,wfpt,0.0,0.7794090376413672,1.311897961718027,0.7691752651304725,2.2967386357208852e-06,-2.4575896313772105e-05,-0.0014207021726512802,2.092136857534399e-06,-0.0015291650647363752,0.7357458184930756,-2.4373422806034384e-05,0.0,0,s451
0,wfpt,0.0,0.10126497144359553,1.3486141158917486,0.6585600091425139,5.36984209609237e-06,4.5557022333886366e-05,-0.009794494046535191,7.258354853667548e-05,-0.002023498351076957,0.9166048947940856,-2.2128222859185698e-05,0.0,0,s453
0,wfpt,0.0,0.33376848096178724,1.361217569144252,0.11837379150939333,6.515602638335061e-05,-1.7535122647238666e-06,-0.004703179346857876,2.491391229353379e-05,-0.008329918770459363,0.9982925114445994,3.8439802059975214e-05,0.0,0,s456
0,wfpt,0.0,0.18445652714944033,1.3572621639563216,0.4950572502737973,1.2416168068574152e-05,2.0304459094178107e-05,0.007369730879697906,4.697129542419187e-05,0.004547801810565203,0.965942353847572,-1.4255146145725206e-05,0.0,0,s467
0,wfpt,0.0,0.13360512503075286,1.2442770528511182,7.836465447991671e-05,0.0004159590875030261,3.333857668919027e-05,0.007283672562750664,6.0005065433466065e-05,0.019918780906266968,0.6122354363749687,0.0003892964030295376,0.0,0,s469
0,wfpt,0.0,7.363867472314871e-132,1.0080826637219753,1.0627118001188045e-188,0.023769370161691672,0.0161984188411739,0.127439201954833,0.016225373047622282,0.13935999179593,0.35729126617210333,0.023742013271406126,0.0,0,s471
0,wfpt,0.0,0.8872868052747575,1.3360942724509162,0.3368669113420041,2.4601749409103313e-05,-2.6132313355242687e-05,0.000727596851736153,5.357613217515933e-07,-0.006004415653196116,0.8311100073637444,-2.071374043843832e-06,0.0,0,s473
0,wfpt,0.0,1.340245501583675e-54,1.0577023620616424,1.0211800665640109e-48,0.010732792127343016,0.011986304165845785,0.10283936263710139,0.012035707320795286,0.09094407016231527,0.3671186548922727,0.01068318241830779,0.0,0,s477
0,wfpt,0.0,0.1363878063801612,1.341402172989225,0.7598652386527756,2.4924048329655335e-06,3.248894708585137e-05,-0.007718845732381141,5.915545848744763e-05,-0.0019469696566897204,0.8929583713052494,-2.4184866277865424e-05,0.0,0,s481
0,wfpt,0.0,0.7984400214645003,1.3894211606353937,0.6874758642964547,4.376239501557855e-06,-2.5265834650678443e-05,-0.001353534294428197,1.762605735144973e-06,-0.0024226282662536524,1.1228828702843079,-2.2665286289580422e-05,0.0,0,s484
0,wfpt,0.0,0.5106671715251905,1.4014614917500308,0.9455826670727137,1.2983323316451134e-07,-1.554290646899048e-05,0.0031408525117561908,1.1855530280158177e-05,-0.00029434432255281897,1.0819692498323128,-2.7738513063590986e-05,0.0,0,s489
0,wfpt,0.0,2.836679222880717e-07,1.3515092914907383,0.8639855942786859,7.827229485668497e-07,0.0006760257454998531,0.026451605920647915,0.0007026750954626237,0.0009009099321918464,0.8787765594515474,-2.5890324376831586e-05,0.0,0,s492
0,wfpt,0.0,3.506651156831643e-05,1.4638970436405285,5.169057561716069e-07,0.0006723304950877473,0.0004298387467507325,-0.01850165185632958,0.00045649466187513976,-0.029228677099270493,1.2286035937214865,0.0006456597093846828,0.0,0,s495
0,wfpt,0.0,0.4711201324385509,1.332379121247376,0.17204699223635958,4.985150022929208e-05,-1.281762424709676e-05,0.0037625550123373654,1.3850095361922499e-05,0.008761839888231895,1.0115066843973066,2.3122726646618297e-05,0.0,0,s500
0,wfpt,0.0,0.0004220662367014058,1.2553565221423448,0.0001846949121042753,0.0003729435956347782,0.0003048247693792083,0.017956917977127798,0.0003314840182986334,0.019984445190711908,0.6927207128227773,0.00034627336121184626,0.0,0,s501
0,wfpt,0.0,0.3671841109492404,1.2927934854972114,0.6543060578054216,5.419802731165824e-06,-5.04902920961392e-06,-0.004776694185066236,2.1978864761185157e-05,-0.002619728798279218,0.6808479300287913,-2.160926936123353e-05,0.0,0,s502
0,wfpt,0.0,0.04878897406093576,1.3182211137219797,0.04677108144362038,0.00010545061017019908,7.687218981744515e-05,0.00996885353402033,0.0001035375176343667,0.013026925595278368,0.8695423996468951,7.878035465846978e-05,0.0,0,s504
0,wfpt,0.0,0.27122370668635926,1.289514629706831,0.00019265682294090713,0.0003716405212803586,5.615671271996803e-06,0.004838647676948122,3.228289931345163e-05,0.01704565424379565,0.8257726362469489,0.0003449117756059161,0.0,0,s505
0,wfpt,0.0,0.012603561471509657,1.2148411402277695,3.2277568582606607e-06,0.0005780568818046783,0.0001374719203069974,0.014193956463769806,0.00016378478454248668,0.02337825555677104,0.49978514701771837,0.0005513970988576533,0.0,0,s507
0,wfpt,0.0,0.019761073917777462,1.3060726536555531,0.33546714643386955,2.5078490257901542e-05,0.00011821171414638787,-0.01655383112309793,0.00014487593954659594,0.004527748426397405,0.6921067410276535,-1.954434548423478e-06,0.0,0,s508
0,wfpt,0.0,0.00034453195596343203,1.274332776087776,1.5214841209190305e-10,0.0011086454019917369,0.0003191956912345084,0.017492143440851638,0.0003462148215976901,0.030845366951111907,0.79608793663656,0.0010816213142663678,0.0,0,s509
0,wfpt,0.0,0.9204220332975412,1.3757192380245882,0.32699022806193545,2.597689216210508e-05,-2.6758721096697968e-05,0.0004188412816290562,2.6975963851594287e-07,-0.003475972382122444,0.9764699803472743,-1.059662834590469e-06,0.0,0,s510
0,wfpt,0.0,0.7592680637735265,1.3101987771623451,0.8064527606129984,1.668652561015449e-06,-2.517054984929601e-05,0.001605932599138086,2.6086987563456177e-06,0.001297905161355591,0.8107123527048085,-2.6129155059839704e-05,0.0,0,s551
0,wfpt,0.0,9.282255407093895e-57,1.119947297507192,2.3945806205634468e-70,0.008561363731852012,0.006762608724512509,0.07583390269433661,0.00678945370387074,0.08964467858878003,0.7432948251297123,0.00853425079843484,0.0,0,s556
