,index,log_int_pval,slope_pval,slope_val,log_rsq_adj,log_rsq,log_int_val,int_val,rsq_adj,int_pval,rsq,log_slope_pval,log_slope_val,subj_id,sub_id
0,wfpt,0.0,0.3174690126284604,0.003714194341993263,4.145189436255414e-06,2.0812064797759433e-05,1.2685880881170362,0.5754304008248359,-1.0636711955669398e-08,0.0,1.6656307914475477e-05,0.26380381221839344,0.004131254851081883,0,s005
0,wfpt,0.0,0.08781718583700264,0.007383731796391714,9.162324932865396e-06,2.5829116674036534e-05,1.2578520615039777,0.5484866372678445,3.190007133246908e-05,0.0,4.856648410489495e-05,0.21317937392914751,0.00579405429880661,0,s007
0,wfpt,0.0,0.29364423792895744,0.005241823345205959,-1.2759176195586974e-06,1.5391048095336757e-05,1.2196534882064836,0.40657595516882017,1.7143057744473111e-06,0.0,1.8381221651320168e-05,0.33657557882509404,0.004974757284346711,0,s009
0,wfpt,0.0,0.34433552089235286,0.003966683475234472,-1.609963386939306e-05,5.675789115366925e-07,1.2415588458844578,0.46836028861658563,-1.762750059253193e-06,0.0,1.4904223769485192e-05,0.8535934342663795,0.0007994895285244677,0,s011
0,wfpt,0.0,0.4074874161872768,-0.0033405888536623836,1.0192079604953719e-05,2.6858854183298142e-05,1.2820179024818985,0.59567173594967,-5.231295000296399e-06,0.0,1.1435736638532035e-05,0.20428307780205596,-0.004631586288706566,0,s012
0,wfpt,0.0,0.6639288512768706,-0.0018024057975384459,-1.1484125975957937e-05,5.3233546809527965e-06,1.2825229867447532,0.6503080813472423,-1.3634230179082607e-05,0.0,3.173004131218349e-06,0.5735844064761292,0.0024214264898763604,0,s014
0,wfpt,0.0,0.139141498076346,-0.005848547904441941,2.3058707685263968e-05,3.97252678161486e-05,1.223109400150477,0.40586157138075196,1.9791371647537304e-05,0.0,3.645798623497232e-05,0.12262535992476381,-0.006133309614773827,0,s015
0,wfpt,0.0,0.9996660066781783,-1.8065506907044928e-06,-1.6648592166879084e-05,1.862976339861433e-08,1.2714717716886752,0.5766927135885961,-1.6667219320032345e-05,0.0,2.9206637108813993e-12,0.9733296075788631,-0.00013995146105708067,0,s017
0,wfpt,0.0,8.038527181424235e-05,0.01681058121107983,8.397306690466344e-05,0.00010063861177933564,1.2190477725597872,0.42588619710938186,0.00024246779911885064,0.0,0.00025913070237060243,0.01399821108117177,0.011018157832674215,0,s026
0,wfpt,0.0,0.0010016236338254232,0.0122848249861931,0.00010362155736476364,0.00012028677475917071,1.2417026330191627,0.5090286012740162,0.00016373640146527535,0.0,0.00018040061692892184,0.007220263106234291,0.010498788468517505,0,s027
0,wfpt,0.0,2.733172627167264e-05,-0.016818784304290905,0.00032804223260740617,0.0003447037095948291,1.2711672685991096,0.4965330861154467,0.00027655557954398,0.0,0.0002932179146566405,5.414054228154902e-06,-0.018915786462677775,0,s028
0,wfpt,0.0,3.519582426047257e-18,0.033984867957450135,0.000752026204956957,0.0007686806154271197,1.2092343681766096,0.45170469693700593,0.0012421806218133602,0.0,0.0012588268629071253,1.1028596398089056e-11,0.02695524970790362,0,s032
0,wfpt,0.0,1.9773908917528903e-06,0.022509351192991436,0.0003315404682938672,0.0003482018869764847,1.2005059187988716,0.4234352174819051,0.0003602318127152726,0.0,0.0003768927532008526,4.851895322281254e-06,0.025222190126371644,0,s034
0,wfpt,0.0,0.7326334483975614,0.0014909896160341732,-2.273779329708958e-06,1.4393203016438427e-05,1.2603070399099359,0.5164500112971603,-1.4721988276900078e-05,0.0,1.9452015428411684e-06,0.35274369221781143,-0.003848233167197414,0,s042
0,wfpt,0.0,0.9949422538919732,2.529375531017629e-05,-1.599368502902543e-05,6.735259859835807e-07,1.209279329027151,0.35493198507229,-1.666655248855342e-05,0.0,6.69741151426706e-10,0.8406812851785721,-0.0008143609618551546,0,s049
0,wfpt,0.0,5.262434848752582e-10,0.030774579934388552,0.0003590415405227976,0.0003757025008465087,1.212340561288143,0.46444967446830815,0.0006261205379231027,0.0,0.0006427770468560023,2.052304370819067e-06,0.025889379425845974,0,s060
0,wfpt,0.0,0.007805819647568054,0.012073561084995355,5.8233549150354946e-05,7.489952302419667e-05,1.231848494454698,0.47756791183083624,0.00010129089779720157,0.0,0.00011795615403653592,0.034014948481247274,0.010486901302544897,0,s062
0,wfpt,0.0,0.05253903134620719,0.008047032186232563,0.00011865578710368307,0.00013546079801496358,1.2001584549028124,0.381500936818322,4.6362853339254606e-05,0.0,6.31690792782802e-05,0.004525006775213099,0.012142766153624232,0,s063
0,wfpt,0.0,0.13491736561978418,-0.005422612402472984,-1.647127834014661e-05,1.9594063493943992e-07,1.2485380348056165,0.5040301794780061,2.058411538818916e-05,0.0,3.725071676297098e-05,0.9136586851221293,0.0003943954050275719,0,s065
0,wfpt,0.0,0.5596423259460845,0.002272327848520302,-1.6496472933225093e-05,1.7074646163628415e-07,1.273705161194181,0.5821681620583297,-1.0994842602807253e-05,0.0,5.672285096736118e-06,0.919380238551143,0.0004374120375370029,0,s066
0,wfpt,0.0,0.002784313986108613,-0.01442909991183786,0.00014699969563991555,0.00016366419005331423,1.3005587676127324,0.6072329747162889,0.00013239167723788636,0.0,0.00014905641512230616,0.0017260126629907433,-0.02104152857944371,0,s071
0,wfpt,0.0,0.5061298319493207,-0.002571056189975869,-5.515902340880174e-06,1.1151134041487154e-05,1.2501354818413528,0.48568708651591463,-9.299152176067693e-06,0.0,7.367947261416319e-06,0.4133851474380408,-0.003283946492847469,0,s081
0,wfpt,0.0,1.9991060283067725e-09,0.026329283147060678,0.00046601971592585834,0.0004826788932502657,1.2173278060413788,0.47355815442858845,0.0005827640290479996,0.0,0.0005994212606014182,7.364017127087439e-08,0.024629676495849684,0,s082
0,wfpt,0.0,0.03045482126543814,0.010550719511960313,3.333448039299913e-05,5.000086925821545e-05,1.2479922375594168,0.5267733973425421,6.139150809703064e-05,0.0,7.805742933730819e-05,0.0832644058838449,0.008873457551825352,0,s083
0,wfpt,0.0,2.720405988460929e-10,0.022056583315979372,0.0011310392991561447,0.0011476873926361542,1.158630640261822,0.3031873915827874,0.0006475789384980946,0.0,0.0006642350897850813,1.0369420380927318e-16,0.02883368578076216,0,s084
0,wfpt,0.0,9.366557493470174e-18,0.03578125752461738,0.0008901576446512793,0.000906809752892368,1.2010770160362556,0.4473964686121554,0.001210012820677675,0.0,0.0012266595979103512,1.610027739757466e-13,0.032791080948465126,0,s085
0,wfpt,0.0,5.972403295157354e-07,0.024365934358725434,0.0002640637261088763,0.0002810086901976483,1.2594103529460365,0.6414522699524162,0.00040537826453668213,0.0,0.0004223208334231954,4.661225995934171e-05,0.024796643205717853,0,s086
0,wfpt,0.0,0.47392773992140236,-0.003197492609912744,3.982846386230143e-05,5.649474449265224e-05,1.308988397238096,0.666453096190729,-8.12003462513644e-06,0.0,8.547045160067768e-06,0.06560730469757275,-0.009633853071960914,0,s089
0,wfpt,0.0,1.3824362646093544e-05,0.022214763608716895,0.000274485734012786,0.0002911481036234065,1.1909180043077146,0.36764148512780215,0.0002981884552963887,0.0,0.0003148504298551291,2.9176961847072025e-05,0.020775264543909364,0,s091
0,wfpt,0.0,0.0007932020036505653,0.015656225204408313,0.00010505190383247598,0.00012171709738739711,1.2234987037550655,0.45684196563399626,0.00017094400044570524,0.0,0.00018760809578066695,0.00688332167732439,0.01292409468211227,0,s092
0,wfpt,0.0,0.8382190190790301,-0.0008425724817042801,-1.617149011368113e-05,4.957238648461981e-07,1.2506751643727763,0.4937701457109727,-1.597241123052484e-05,0.0,6.94799429878934e-07,0.863076479057668,-0.0007452858391474174,0,s093
0,wfpt,0.0,0.22497086676783376,0.00441257932063942,5.212372181984115e-05,6.878979752578118e-05,1.200796685167207,0.3584383558024929,7.873542216874085e-06,0.0,2.4540355438085193e-05,0.04219518211565024,0.007277629450334635,0,s094
0,wfpt,0.0,0.009795391591383935,0.012273129459629797,0.00010550778434548214,0.00012217297030225893,1.2554895492077867,0.562417244438305,9.452862591774469e-05,0.0,0.0001111939948634788,0.006779341570568303,0.011786372046847791,0,s097
0,wfpt,0.0,0.47722901549009555,0.0027521426764478447,-1.3274121448247911e-05,3.393044240018739e-06,1.2769585125965048,0.6018649753856902,-8.246952318380352e-06,0.0,8.420129582242808e-06,0.6518509383301612,0.0017798352354651769,0,s098
0,wfpt,0.0,0.13400428149035717,0.0060838523002499775,-1.4652299031414628e-05,2.0148896268112892e-06,1.2459806492216177,0.49761729330785104,2.0759127099645447e-05,0.0,3.7425725557538314e-05,0.7280728713017321,0.0014704457885754722,0,s103
0,wfpt,0.0,0.7332508195777024,0.0013510538058806468,-1.5401837471618052e-05,1.265363679170406e-06,1.2092106701867025,0.36216401483032495,-1.4731316927640847e-05,0.0,1.935873047531622e-06,0.7829063981195318,0.0010995903865787093,0,s106
0,wfpt,0.0,0.41833714826521706,-0.003113359757473724,-2.56323564484795e-06,1.4103751525662567e-05,1.2629791803814145,0.526853060392327,-5.750280803296093e-06,0.0,1.0916759485390948e-05,0.3576307600460409,-0.003617689947646369,0,s108
0,wfpt,0.0,7.240690649626064e-278,0.1268926271754353,0.023139813341750637,0.023156231435948138,0.9957365160330209,0.14300962118029575,0.021081046097020217,0.0,0.021097498792929437,4.3576819897004176e-305,0.1313035182111679,0,s110
0,wfpt,0.0,0.2542901962208495,-0.004875410581264821,1.233378955844966e-05,2.9140587424092423e-05,1.286134989301015,0.6002666725976816,5.0354172259625685e-06,0.0,2.1842337755373364e-05,0.18792411835215528,-0.005766443589388517,0,s111
0,wfpt,0.0,0.3482878952153421,-0.004168822882082581,1.1212104940927503e-05,2.7878862518537773e-05,1.2257818381437666,0.38554016298494254,-2.0050532285598166e-06,0.0,1.466192463861482e-05,0.1958992369777252,-0.006123605772488688,0,s112
0,wfpt,0.0,0.9626466519379668,-0.00018159935063402936,-1.3436032510361073e-05,3.23113587641366e-06,1.2611006979854806,0.5413000460400529,-1.6630665246264442e-05,0.0,3.655638525223992e-08,0.6597228852110797,-0.001789452193308394,0,s121
0,wfpt,0.0,0.3665273233966382,-0.004000869538208166,-3.6972436088245075e-06,1.296976246212278e-05,1.2368418377655155,0.4383065738578378,-3.07645281427682e-06,0.0,1.359054290994699e-05,0.37770496821080435,-0.004103641947439724,0,s128
0,wfpt,0.0,0.029027424657534526,0.009441194006553216,7.304401467889132e-05,8.97097417075221e-05,1.1929736030318052,0.3435194845695869,6.276736011190387e-05,0.0,7.943325842096893e-05,0.020338526297088017,0.010244237124445062,0,s129
0,wfpt,0.0,0.0009271008996994239,0.013018077521758176,0.00010925181840004683,0.00012591694195518421,1.2389025667889602,0.49934927080309555,0.00016612295656082132,0.0,0.00018278713224784138,0.005983790743591521,0.011185423481532737,0,s142
0,wfpt,0.0,1.6828098314684897e-144,0.10132718474910657,0.012160993874100412,0.012177596489373332,1.0336290603253455,0.22089704149251924,0.010934594159260347,0.0,0.010951217386639622,1.489592631399724e-160,0.11261085202329553,0,s145
0,wfpt,0.0,0.22223080655498464,-0.006564794933382063,1.167703212123783e-05,2.8343781949935476e-05,1.2733279874408485,0.5430277666235804,8.165710297936002e-06,0.0,2.48325186495979e-05,0.19221212255342862,-0.008902493329348487,0,s149
0,wfpt,0.0,0.7696401949076741,-0.0010820686609994178,-1.3511849600522652e-05,3.155320049796906e-06,1.23328617127357,0.44664852962507473,-1.5237831088477094e-05,0.0,1.4293673287202324e-06,0.6634901742128037,-0.0016679308904115325,0,s161
0,wfpt,0.0,5.3351942460462665e-25,0.044507391296259795,0.0009584214440672145,0.0009750724145594081,1.2052386345662833,0.4893617644760064,0.0017592113672185716,0.0,0.0017758489909895925,2.0016908535719228e-14,0.03843213451275496,0,s163
0,wfpt,0.0,0.003554552955370193,0.01302140430412679,0.0001000670811489579,0.00011673235778564273,1.2562039525257718,0.5713163379388161,0.00012497131806454842,0.0,0.00014163617962370534,0.008132513511665747,0.013750295034134864,0,s165
0,wfpt,0.0,3.999887824959009e-17,0.0342254057548248,0.0008781771760969503,0.0008948294840158688,1.1886577967708596,0.3966141625715586,0.0011623214128239079,0.0,0.0011789689849266427,2.3219220233884586e-13,0.030756375945575117,0,s168
0,wfpt,0.0,0.08552454313636197,0.006314002805325922,0.00016088542684444818,0.000177549689825085,1.2060690820044782,0.3992898772513372,3.261207202331917e-05,0.0,4.9278472928904193e-05,0.001098637988170911,0.012008030491271268,0,s170
0,wfpt,0.0,0.5954924991367285,0.002290497603174139,-1.3313257878344587e-05,3.353908462067068e-06,1.241758865225901,0.4755300685791325,-1.1969491980012847e-05,0.0,4.697651964091776e-06,0.6537326984917873,0.002055087187010394,0,s173
0,wfpt,0.0,0.9275823371694002,-0.00044244480515989807,-1.6527193183124567e-05,1.4002672377166903e-07,1.2546891246204885,0.5168785227826643,-1.6529539942800042e-05,0.0,1.376800032870662e-07,0.9269694862881632,0.0004768776450533958,0,s179
0,wfpt,0.0,0.22278727612802424,-0.0051492508154748215,2.5212336436375438e-06,1.918841386250314e-05,1.311455487713055,0.7207634817693983,8.106026901377739e-06,0.0,2.4772836247799468e-05,0.28328790178305874,-0.004596725002241622,0,s180
0,wfpt,0.0,0.5149720684414529,0.0025397274114513867,7.026473906379671e-06,2.369330124563085e-05,1.2143328017557593,0.4042895944275824,-9.60098304059187e-06,0.0,7.066121427645733e-06,0.23314751505586598,0.0046393763816853515,0,s182
0,wfpt,0.0,0.07550630325943192,0.006956054373922058,2.8985188761709857e-05,4.5651650116274034e-05,1.2509446736371856,0.5222029106431336,3.598558751016778e-05,0.0,5.265193218950692e-05,0.09792312520923936,0.006152994234400917,0,s184
0,wfpt,0.0,0.4133863777535399,0.00347665878626852,-9.597209561063025e-06,7.352392927262308e-06,1.2427277438754916,0.4904962972501524,-5.609451388721709e-06,0.0,1.1340083509336907e-05,0.510142697451056,0.0028025536128647617,0,s187
0,wfpt,0.0,0.5692861428622291,-0.0027202865071222163,-6.292969577437191e-06,1.0374079756236831e-05,1.2420519995249562,0.4498107075129256,-1.126894871705808e-05,0.0,5.398183551053037e-06,0.43014864792724483,-0.004060662157130208,0,s190
0,wfpt,0.0,0.7706178154548029,-0.0012007899115708174,-6.7490896136224166e-06,9.917967322192744e-06,1.2575867600600643,0.5061652459821894,-1.5250286675927427e-05,0.0,1.4169119489926274e-06,0.44047055287386094,-0.0032477852606622136,0,s192
0,wfpt,0.0,0.6708280452258888,-0.001873024173712707,-2.97127284087928e-06,1.3835782257110019e-05,1.3124700479045284,0.7140812451338944,-1.3771230259251865e-05,0.0,3.0360063536516435e-06,0.36424617567397544,-0.004853858479463584,0,s196
0,wfpt,0.0,0.8729556702640316,0.0006686918334015275,-1.5592975946221443e-05,1.5015999091927412e-06,1.2583969010533755,0.5433459758907382,-1.66574864723934e-05,0.0,4.371075802422908e-07,0.7669414401744601,0.0011939504035214515,0,s198
0,wfpt,0.0,0.011564209113309801,-0.011192888394291826,6.778592987499721e-05,8.44517445398596e-05,1.2282125768732017,0.3812371345524779,8.960811732805496e-05,0.0,0.00010627356828363244,0.024384038990847096,-0.010298622893827054,0,s205
0,wfpt,0.0,0.937847493813136,0.0003196122211425889,-1.5422704930712072e-05,1.2444965676872144e-06,1.2358648939621846,0.46669109148862353,-1.6565879867203037e-05,0.0,1.013406845107312e-07,0.7846594063337605,0.0011536481360196723,0,s206
0,wfpt,0.0,0.012714607017410586,-0.010038147385860025,0.00010701342878116638,0.00012367858964346112,1.236103356819113,0.4039396358359124,8.680666100013834e-05,0.0,0.00010347215864747739,0.006447181055583485,-0.011349268307395478,0,s207
0,wfpt,0.0,0.8307545333570061,0.0008651805278365792,-1.3232701559617865e-05,3.4344634382010852e-06,1.2847790842000795,0.638881702118221,-1.590580807953046e-05,0.0,7.614014707613137e-07,0.6498735581059625,0.0018400135641611082,0,s209
0,wfpt,0.0,0.6134141826094743,-0.0020956226670571718,-4.46064851766792e-06,1.2346431612186848e-05,1.2818785890581026,0.6043798643754793,-1.25174131531125e-05,0.0,4.289802386869823e-06,0.39140060152519274,-0.0038603900452131483,0,s212
0,wfpt,0.0,0.7184550633710243,0.0012375566294749148,3.0510486182411256e-05,4.7177199898107425e-05,1.2441084639155557,0.5108176170684686,-1.4500801637673533e-05,0.0,2.1663844954611378e-06,0.09248762242869146,0.005497753776920956,0,s216
0,wfpt,0.0,0.43977682365516235,0.004461050450196175,-2.084378584110702e-05,2.686670023455129e-06,1.2514092093633367,0.5512688380428845,-9.48558774482855e-06,0.0,1.4044600861740086e-05,0.735437986950741,0.0023802764550600874,0,s218
0,wfpt,0.0,0.018650810062480903,0.010684306584619082,7.75679152718034e-05,9.423356690085871e-05,1.2164489831981449,0.41894629831956226,7.556662920937818e-05,0.0,9.2232314193752e-05,0.01741515716975937,0.010566674419192252,0,s226
0,wfpt,0.0,0.01185986145429567,0.008857677170620935,1.0199173612446266e-05,2.6865948072551937e-05,1.257320595960265,0.53972839629343,8.886169025990043e-05,0.0,0.00010552715365619303,0.204223330057812,0.0044794623229554905,0,s233
0,wfpt,0.0,0.09371805543721098,0.006605582333917142,4.4088220727545036e-06,2.1075693040328858e-05,1.2210887327875413,0.4138100478289285,3.0156423721061643e-05,0.0,4.682286555479642e-05,0.26080059942021816,0.004431057693056593,0,s237
0,wfpt,0.0,0.42321615069907437,-0.0034291769828113045,-1.4800938627823612e-05,2.0063152912364046e-06,1.2499043072893883,0.5043940306680256,-6.027431111110815e-06,0.0,1.0779675351568763e-05,0.7297178426044704,-0.0014694910192497787,0,s238
0,wfpt,0.0,0.0,0.15904953955437676,0.020293780834112263,0.020310109543243526,1.0796657534468217,0.45981919260986304,0.0248250064868466,0.0,0.024841259674291627,1.06260690796328e-269,0.14645204812168694,0,s244
0,wfpt,0.0,2.637787668035642e-170,0.11955186969895365,0.014006619354287042,0.014023052851189433,1.1097192756214402,0.47236420018082126,0.01279848953941276,0.0,0.012814943172147708,2.8048047587583516e-186,0.1209768166546018,0,s254
0,wfpt,0.0,6.975920930156829e-07,0.01819629660865917,0.0005387723686099966,0.0005554303333700217,1.187443374814355,0.39361282383415597,0.0003936353470627152,0.0,0.00041029573081341475,7.762614449789681e-09,0.020684691748388995,0,s259
0,wfpt,0.0,0.8536680133289811,-0.0008143826381941051,-1.023041246184242e-05,6.576764640442434e-06,1.3007938480850636,0.6750776267987934,-1.623551896146047e-05,0.0,5.717590686460383e-07,0.5316156293373142,-0.0031935181207754515,0,s262
0,wfpt,0.0,0.0013323000051178964,0.012516289611259598,0.00022428658938744572,0.00024094979566446906,1.176958682475324,0.3141424751564174,0.00015494857345510482,0.0,0.00017161293538492384,0.00014331012924646757,0.014818103175106397,0,s265
0,wfpt,0.0,0.3742417762250343,0.003644275092165199,6.215109527030194e-07,1.7288445043117662e-05,1.2175073441600548,0.4105514217814181,-3.5076800473099468e-06,0.0,1.3159322864053635e-05,0.30845667789581777,0.004227073075367994,0,s269
0,wfpt,0.0,3.533152949059436e-25,0.04181606754213704,0.001699701892114991,0.0017163405077270655,1.2192067047550281,0.5319432200415797,0.0017728008206959744,0.0,0.0017894382179722834,3.243941054130344e-24,0.038455134356051114,0,s273
0,wfpt,0.0,0.6429212272482834,-0.001991608384007818,-1.3660466905429658e-05,3.0067052220195123e-06,1.219399044963844,0.39955106467237816,-1.3084653914141597e-05,0.0,3.582508616206681e-06,0.6710339452191321,-0.0018904452553199784,0,s275
0,wfpt,0.0,0.03615548303081098,-0.008680801306883848,6.598286264036801e-07,1.732676207821804e-05,1.2135703501540966,0.35965157795720715,5.649697243281793e-05,0.0,7.316297525006288e-05,0.3079211706055964,-0.00440050807493593,0,s277
0,wfpt,0.0,0.8876927278054858,0.0005894747737824205,-1.6666725538350136e-05,4.966941302697592e-10,1.2652209293436605,0.5479104514829325,-1.6334797724670835e-05,0.0,3.324189755682383e-07,0.9956443889029527,-2.1378884068449372e-05,0,s284
0,wfpt,0.0,0.8535825950762218,-0.0007236545578750718,9.088730243966836e-07,1.7716427878067265e-05,1.3019483155866818,0.693209971386963,-1.6234843618345707e-05,0.0,5.724344004365278e-07,0.3045745535707487,-0.0038991949473304653,0,s285
0,wfpt,0.0,0.08466790652096766,0.0073183302115061456,1.922195910331048e-06,1.8729168763664816e-05,1.2867216426050163,0.6622664137925734,3.3159764167067785e-05,0.0,4.996621201047713e-05,0.2911384892150531,0.005269940305391305,0,s286
0,wfpt,0.0,0.7798020476153613,0.0011092722244152944,-1.3640294032057909e-05,3.0282668289638437e-06,1.254409261847644,0.5666917506703621,-1.536442535532423e-05,0.0,1.302775171740933e-06,0.6699389260316948,0.001762214381223634,0,s291
0,wfpt,0.0,0.21666570070780872,-0.005465124967185516,9.798853075504432e-06,2.6465634207717414e-05,1.225397622404381,0.3929434304928836,8.772592398842427e-06,0.0,2.5439390635706438e-05,0.20762743798290467,-0.005712883114211257,0,s294
0,wfpt,0.0,0.006878375300784084,0.008617235640334238,4.080702948450199e-05,5.775692681431188e-05,1.227230871012642,0.46261253690985854,0.00010685432114243554,0.0,0.00012380194984262793,0.06490535566282721,0.006933784781676373,0,s295
0,wfpt,0.0,0.033447076895953665,0.008015704756718993,6.0525880948292254e-05,7.719181661591801e-05,1.2422756738284335,0.495386938613562,5.871345951313778e-05,0.0,7.53794253882667e-05,0.03139020424004382,0.008040492032744522,0,s301
0,wfpt,0.0,0.009026693425345442,-0.013380167205937295,0.00018514069093134022,0.000201804549650908,1.268901873291266,0.47770522246476743,9.695858060709828e-05,0.0,0.00011362390905300668,0.0005017929860432036,-0.021168934511522013,0,s305
0,wfpt,0.0,0.9912990758840385,-4.715183810260473e-05,-1.5898943382719466e-05,7.682660532193353e-07,1.220833972888378,0.3927700571517364,-1.666524006727066e-05,0.0,1.982140451772807e-09,0.8300049082229775,-0.0009459102280938813,0,s307
0,wfpt,0.0,0.02273239495138589,-0.010107150947383554,8.220213631027207e-05,9.886771070100053e-05,1.274392955042504,0.5401908125625424,6.981473657918791e-05,0.0,8.648051742998764e-05,0.014867440524448732,-0.010948868992871737,0,s313
0,wfpt,0.0,0.038640927499902965,0.008109290549754842,0.00025005764553587273,0.0002674470204464541,1.2265860623294942,0.540176054879318,5.69852298366591e-05,0.0,7.437584558256383e-05,8.802007631918761e-05,0.015779679889777944,0,s314
0,wfpt,0.0,0.5980670139173809,-0.0018150871487624836,-1.0294869270399687e-05,6.949363366870465e-06,1.2912635707340374,0.663179966670739,-1.2449952123239072e-05,0.0,4.791939115400545e-06,0.5255483480216515,-0.0027149167177623916,0,s326
0,wfpt,0.0,0.9240817207076515,0.00042335200485662,-1.66389262790112e-05,2.8295490173135818e-08,1.2479467334942462,0.4929792678557793,-1.6515865964850107e-05,0.0,1.5135375330821432e-07,0.9671343381313726,-0.00018931351095550358,0,s328
0,wfpt,0.0,0.03363319790042233,0.007920780857068994,0.00028952987248709317,0.0003061919913579514,1.184167902624504,0.3456244112937258,5.8555236152613155e-05,0.0,7.522120466485482e-05,1.815592869796565e-05,0.016045822336811313,0,s329
0,wfpt,0.0,0.6422107525081926,-0.001690379096517996,-1.4185301773439463e-05,2.4818791013458963e-06,1.2547820503501612,0.5162419092057471,-1.306931092859287e-05,0.0,3.5978513459600237e-06,0.699582326705783,-0.001387439324023779,0,s334
0,wfpt,0.0,0.26449767422313947,0.00483058857836598,-8.886667428598116e-06,7.780425134162883e-06,1.2562629675802177,0.535958952978933,4.084809286708513e-06,0.0,2.075168565451868e-05,0.4944593732934608,0.003275395764075775,0,s336
0,wfpt,0.0,0.4668265139779464,-0.002833307394590091,-1.3364530649262463e-05,3.3026365456878537e-06,1.2516411245251955,0.5003427360232732,-7.842117496270617e-06,0.0,8.824957657083132e-06,0.656218061027561,-0.0017501560131818156,0,s339
0,wfpt,0.0,0.007243706589834099,0.011262214534720035,1.630331311142097e-05,3.2969985834130355e-05,1.2499528737229713,0.5203681570170551,0.00010352458935625197,0.0,0.0001201898083668107,0.15958550629636326,0.005778147199967184,0,s346
0,wfpt,0.0,0.4737567677923842,0.002981633187972977,8.158886011244704e-08,1.6748531949439815e-05,1.2294884010755331,0.44679858633394764,-8.113422485855892e-06,0.0,8.553657189325214e-06,0.31613293553506244,0.004355907666616761,0,s357
0,wfpt,0.0,0.14508037302722993,-0.005847035011120007,2.2754635049193617e-05,3.9421200248135335e-05,1.2830966086129103,0.6000215869437406,1.8721368655660875e-05,0.0,3.538800107683038e-05,0.12406641507972527,-0.006351881453211941,0,s359
0,wfpt,0.0,9.831455599184831e-08,0.021212204613638933,0.0003138482887687921,0.0003305100023259788,1.2342979459978027,0.5066674071097383,0.0004566965694522418,0.0,0.000473355902165018,8.45087024855169e-06,0.01799981757618481,0,s365
0,wfpt,0.0,0.00011009744080062074,0.01603706954847897,0.00025444791146600476,0.00027111061504592193,1.227786036035544,0.47674866655623943,0.00023256866964005418,0.0,0.00024923173788005126,5.497996576800937e-05,0.016062772673699044,0,s368
0,wfpt,0.0,0.9370974257978668,-0.0003124281011222458,-1.664149660540737e-05,2.5725206742599482e-08,1.252777197969716,0.5167325389704199,-1.6563413955950068e-05,0.0,1.0380655479647061e-07,0.968661777186632,-0.00016200986691279444,0,s369
0,wfpt,0.0,0.9298281218643956,-0.0004190426913357982,-1.590699899622905e-05,7.60210574046738e-07,1.2676417599964271,0.5518036619400748,-1.6537968783536527e-05,0.0,1.2925130299379362e-07,0.8308849407264138,-0.0011304132409716543,0,s372
0,wfpt,0.0,0.036394083424373946,0.00858218782347671,5.375174857003007e-05,7.041779714178631e-05,1.2379578198128995,0.5153916574188179,5.631009740869608e-05,0.0,7.29761033405607e-05,0.03983166758390137,0.008873693944117841,0,s373
0,wfpt,0.0,0.1331379507365196,0.006823151185827938,1.9067798047389672e-05,3.5874482734454816e-05,1.2133849348505972,0.39550009611361964,2.110227451823654e-05,0.0,3.7908925011875816e-05,0.1440192617870851,0.0067360831417977145,0,s374
0,wfpt,0.0,0.00017287959435542194,0.015575389411368849,8.001159861437124e-05,9.667720951467285e-05,1.2116770633265257,0.40012536303426344,0.00021840292169961195,0.0,0.0002350662260394154,0.01602005724641336,0.01034151966650006,0,s376
0,wfpt,0.0,1.1129548794730774e-05,0.01670553354305261,0.00018440249379214624,0.00020106636481520557,1.2181744949867355,0.4342693604712916,0.0003050837061612244,0.0,0.0003217455657972268,0.0005138579414298004,0.013340047877709295,0,s380
0,wfpt,0.0,0.1576189858132254,-0.006261100813161414,3.3842056007205024e-05,5.050843641263292e-05,1.270731788817397,0.5331653093597138,1.661620122961338e-05,0.0,3.32828687374942e-05,0.08171502560847259,-0.008384489641238217,0,s383
0,wfpt,0.0,0.20989666039110036,-0.005152440180596253,2.879052644955138e-05,4.545699104863132e-05,1.2361373937246347,0.4270383505250903,9.536278556487865e-06,0.0,2.6203064064977966e-05,0.0986417367015788,-0.006833687605489216,0,s384
0,wfpt,0.0,0.6632450793495834,0.0018193757693218916,-1.0283401318256224e-05,6.383714523661155e-06,1.22824379001675,0.44310755827467796,-1.3506949618546926e-05,0.0,3.160219950171239e-06,0.5359977142074809,0.002626906813945932,0,s388
0,wfpt,0.0,0.8880987659257815,-0.000603080270212988,-1.4802822516868375e-05,1.8643686501285117e-06,1.2029521460691612,0.33815959949211216,-1.6337212986883287e-05,0.0,3.300037536568823e-07,0.7380391577223513,-0.001492215498963308,0,s391
0,wfpt,0.0,0.28180356453078703,0.004527257660941162,-1.2533243045620424e-05,4.133910294301657e-06,1.237302904523036,0.4576460917770064,2.6399067792892694e-06,0.0,1.9306807229280132e-05,0.6184693262742891,0.0020963814681824715,0,s396
0,wfpt,0.0,0.0872196226618587,-0.007799265215636275,1.3348842943239347e-05,3.001556490800361e-05,1.2318699029246556,0.4142069213878938,3.208369377505349e-05,0.0,4.8750103487038565e-05,0.1796054328226474,-0.006667863810410414,0,s397
0,wfpt,0.0,0.007958379123756732,0.011214678487573444,5.6904692337100826e-05,7.357068835889269e-05,1.2524571384082799,0.5465415201296714,0.00010071300822422913,0.0,0.00011737827409530333,0.03564057443043424,0.009459764858150869,0,s402
0,wfpt,0.0,0.17687014239788035,0.005209141230514254,2.3376298824651087e-05,4.0042853662325406e-05,1.2178132992425226,0.41111909784967315,1.3729558463349001e-05,0.0,3.039627408274459e-05,0.12114002829658098,0.006044056375539215,0,s403
0,wfpt,0.0,0.01852472878141142,-0.009377524532818137,6.879448324403903e-05,8.546028109934767e-05,1.2590588010959454,0.5039173369552123,7.576446197432585e-05,0.0,9.243014366133728e-05,0.023547964153797427,-0.008773761311658433,0,s408
0,wfpt,0.0,0.6864633370244111,0.0016036782775212765,-1.6499458461716188e-05,1.6776098299420283e-07,1.2441408364795887,0.48226091151445044,-1.3951388178723434e-05,0.0,2.7157887974027517e-06,0.9200857771380628,0.0004096532523396694,0,s409
0,wfpt,0.0,0.0042785319380967395,0.013439825318608687,8.34412281180974e-05,0.00010010678185690125,1.2360814539927083,0.4927409270595637,0.0001193590379805487,0.0,0.0001360239930792151,0.014253616692519696,0.011985852424340367,0,s420
0,wfpt,0.0,0.11435005292612982,0.0073351452545965465,1.3579365446325653e-05,3.0246083568941096e-05,1.215934065328581,0.406737640266971,2.4885143653063935e-05,0.0,4.155167334285448e-05,0.17794343450001815,0.006510060955084332,0,s421
0,wfpt,0.0,0.0454011185449836,-0.012710970496919879,9.963057120432328e-05,0.00011629585511629958,1.2823459990169537,0.5153397801726899,5.006239202898222e-05,0.0,6.672850209099579e-05,0.008252393925294404,-0.023758217161349755,0,s425
0,wfpt,0.0,0.11120545559162934,-0.006596894863487065,6.538420951884838e-06,2.3205256425518073e-05,1.2338695980796381,0.4262535544226733,2.5617788684706433e-05,0.0,4.228430616359802e-05,0.23802153038504292,-0.005106358156089721,0,s427
0,wfpt,0.0,9.197181630326801e-11,0.02363232459413986,0.0009427913553983203,0.0009595839262230843,1.1909035756587494,0.4411834935561209,0.000688617139018799,0.0,0.0007054125705866499,4.1096348033153745e-14,0.027216113279047133,0,s430
0,wfpt,0.0,0.006976789271112731,0.011368754720423414,8.770530353008343e-05,0.00010437078619984774,1.2278762197426827,0.4587770962818546,0.00010464807687315947,0.0,0.00012131327715858564,0.012333307404885528,0.010881228464527132,0,s441
0,wfpt,0.0,0.01729834862767665,0.009174220912982365,1.1466250516289911e-05,2.8133003858066274e-05,1.2503635233253136,0.5209284307051594,7.776463354047802e-05,0.0,9.44302818908227e-05,0.1938735846746406,0.0053287288875393125,0,s449
0,wfpt,0.0,0.8848701044921679,0.0006259708697606488,-1.64181358945914e-05,2.4908219464769843e-07,1.2474269604530832,0.4944950418888073,-1.6317759334194548e-05,0.0,3.494570821604981e-07,0.9027034638617535,0.0005567473410404103,0,s451
0,wfpt,0.0,0.014660136586696746,-0.012414690940693782,9.533550331619622e-05,0.00011200085881379884,1.2674867298376464,0.5019798540510535,8.261462299985478e-05,0.0,9.928019051563819e-05,0.009532972307275274,-0.014791123991376762,0,s453
0,wfpt,0.0,0.09993413769682397,0.0068026773656810315,0.00012364106810691666,0.00014044627767595408,1.2251975222727611,0.4896974323446388,2.8683332323531374e-05,0.0,4.5489855402314205e-05,0.0038427861604353355,0.012071249126385027,0,s456
0,wfpt,0.0,0.031597593166384566,-0.01020042564171357,5.7545223990373984e-05,7.421120933648329e-05,1.2840551673775364,0.5785836945269617,6.03376025232194e-05,0.0,7.700354132889053e-05,0.03484708569176174,-0.011479283195645345,0,s467
0,wfpt,0.0,0.0341325466799493,0.008681601619000143,3.708300921467789e-05,5.374933560331474e-05,1.2291492082020568,0.4520012842373331,5.813521319864012e-05,0.0,7.480118871139307e-05,0.07252567549694562,0.0075190988291884905,0,s469
0,wfpt,0.0,6.735981078692581e-06,0.0172448785008976,0.0003157085057511333,0.0003326525944898906,1.2548583061342038,0.5752727376192338,0.00032651652120219143,0.0,0.00034346042675115207,9.403422649289317e-06,0.016326431256050745,0,s471
0,wfpt,0.0,0.9539913271800985,0.0002500481754968874,-1.6793718231378207e-05,1.3569180445927032e-08,1.2454179786666268,0.47641492566390464,-1.6751338985487862e-05,0.0,5.594771401717935e-08,0.9773322817629759,-0.0001339970487078037,0,s473
0,wfpt,0.0,0.20269181177356968,-0.0048481157700955265,2.0740534520280463e-05,3.7547191093723065e-05,1.2555277422693756,0.4938745005561996,1.0469102227461669e-05,0.0,2.727593143292406e-05,0.13500342330153878,-0.00585876928964109,0,s477
0,wfpt,0.0,0.9092142501939351,0.0004224682185796588,-1.2330284962835947e-05,4.476927432106592e-06,1.2440065940054008,0.48795018598648104,-1.6588740818557213e-05,0.0,2.185431482448763e-07,0.6057795772180274,0.001889971855421046,0,s481
0,wfpt,0.0,0.8661760395496023,-0.0007150152562745791,-1.4517568943883674e-05,2.1496174686941316e-06,1.247654335328539,0.4883855813795017,-1.61938912932591e-05,0.0,4.733230586362325e-07,0.719500489579202,-0.0015599889578005767,0,s484
0,wfpt,0.0,1.3748430130776948e-50,0.06648149542192347,0.002824013539921788,0.0028407730818713617,1.1787726328190773,0.4907314964246527,0.0037368701943077953,0.0,0.0037536143938708966,1.0737855761167061e-38,0.06386566487675278,0,s489
0,wfpt,0.0,0.9575566034304076,-0.000213312957547369,-1.6363590152668195e-05,3.0362702740927006e-07,1.213366294849223,0.38158310815936486,-1.6620013310708615e-05,0.0,4.7208143283405946e-08,0.8926356978181986,-0.0005556478250511223,0,s492
0,wfpt,0.0,0.8924547067525745,-0.00058910726072568,-1.3171663890254592e-05,3.495500090378023e-06,1.3018005326380948,0.6730145326665308,-1.6362559318139347e-05,0.0,3.0465784484068337e-07,0.6469856724387019,-0.0022333432219595597,0,s495
0,wfpt,0.0,0.8708930975128681,-0.0007012720925467487,-1.680870216302921e-05,1.4102255607717495e-07,1.2251909054282866,0.41802813144499557,-1.650200394842649e-05,0.0,4.477155723936477e-07,0.9273226159017053,0.00040674316339065625,0,s500
0,wfpt,0.0,1.964410647432149e-97,0.10066028710775966,0.008011237957909811,0.008027771379500948,1.1526345023717517,0.5406194825797979,0.007270593708298856,0.0,0.007287139474166593,3.5366806005310296e-107,0.09961713490291842,0,s501
0,wfpt,0.0,3.75737354708566e-09,0.026858680838484285,0.00028560835692259534,0.0003022705411531712,1.210950906732986,0.43977755362569027,0.0005622913340247448,0.0,0.0005789489067954401,2.0543652330833078e-05,0.021862277055484762,0,s502
0,wfpt,0.0,1.9916622760683856e-25,0.0469244681335471,0.0009797134567276489,0.0009963640723470446,1.1927303247643344,0.4356655415665921,0.0017917030488424635,0.0,0.0018083401310764469,1.0451608863576599e-14,0.037719023357736865,0,s504
0,wfpt,0.0,0.5831047451192446,-0.0020530787087901336,-1.2897410234691264e-05,3.9098116917379855e-06,1.305088003146529,0.7044642691807825,-1.1744109210010123e-05,0.0,5.063093332924318e-06,0.6295846106980012,-0.0017765543284533028,0,s505
0,wfpt,0.0,0.014687032074276856,0.01078023114206134,3.468908213910549e-05,5.135544842727047e-05,1.2466281653095597,0.5191440641212746,8.256076940937884e-05,0.0,9.922633782277757e-05,0.07919828954483173,0.008788111245390192,0,s507
0,wfpt,0.0,0.017816569939738198,-0.009542997855176484,8.854557365400861e-05,0.0001052110423189756,1.2451162425427318,0.4416074843276163,7.690212425526255e-05,0.0,9.356778698099699e-05,0.011987401041887688,-0.010358052582019047,0,s508
0,wfpt,0.0,0.023849306614777924,0.013791172607879357,-1.2859732974712657e-05,3.807425806856557e-06,1.2754862474457993,0.5654033823887582,6.842675435825285e-05,0.0,8.509255834243667e-05,0.6326855975078454,-0.004679410138880999,0,s509
0,wfpt,0.0,0.5969868034254734,-0.0020788770820825003,-1.134885081266468e-05,5.318282787047934e-06,1.2672693502330037,0.5569945009625161,-1.2007553013448913e-05,0.0,4.659591564926124e-06,0.5721583349389395,-0.0021403080384111844,0,s510
0,wfpt,0.0,0.18946076756859168,-0.005847852511440492,1.2121180248403363e-07,1.6788154231339725e-05,1.2375871998372476,0.4389610920304803,1.2030802995832701e-05,0.0,2.8697546928246886e-05,0.31556117790612753,-0.0046997849132038964,0,s551
0,wfpt,0.0,0.3844145332147524,0.003446011216536735,-1.5754959734604057e-05,1.1950344172007021e-06,1.2865129353684757,0.6547414722779352,-4.126392790348987e-06,0.0,1.2823116970706039e-05,0.790605975371534,0.0011172327034963151,0,s556
