,node,m_sample,m_kl,m_level_2,m_int_pval,m_int_val,m_log_int_pval,m_log_int_val,m_log_rsq,m_log_rsq_adj,m_log_slope_pval,m_log_slope_val,m_rsq,m_rsq_adj,m_slope_pval,m_slope_val,sem_sample,sem_kl,sem_level_2,sem_int_pval,sem_int_val,sem_log_int_pval,sem_log_int_val,sem_log_rsq,sem_log_rsq_adj,sem_log_slope_pval,sem_log_slope_val,sem_rsq,sem_rsq_adj,sem_slope_pval,sem_slope_val,subj_id
0,wfpt,24.5,0.22898926912034687,0.0,0.00034172400184941944,0.1179854373490142,0.1691717041247255,-0.1290996241051904,0.5112356995586832,0.5100493784411074,4.172471768515458e-32,1.0899009935501025,0.6846428120870662,0.6838773820193164,3.609272459096468e-88,0.748411569529015,2.0615528128088303,0.016258436036578054,0.0,0.00020068932000266314,0.0051444257581703436,0.035502200783284074,0.01971127758956953,0.013846114274849048,0.01387972134833169,3.9184147406694893e-32,0.01540362062676132,0.00570399924233042,0.005717843900685592,3.608896872281997e-88,0.0094995243437113,005
0,wfpt,24.5,1.6376852718051493,0.0,0.01106773832435053,0.08681912667705705,0.15135935810818382,0.04240287895837398,0.8143598105027533,0.813902568656701,7.508897910823665e-86,0.9535598285832474,0.8740757192330656,0.8737655609060532,4.0203891758895056e-138,0.8169056776811163,2.0615528128088303,0.05243651282200504,0.0,0.006236224993588656,0.004527962727855015,0.03900676234376975,0.01611934393942763,0.01251349043853128,0.012544311843552296,6.377068397226352e-86,0.011932997808256221,0.006451023069495921,0.006466912288878913,4.020386647925581e-138,0.007435794382704101,007
0,wfpt,24.5,0.06655365253594579,0.0,0.0007037902745550183,0.11538588507590677,0.3183064843482408,0.07995463788568472,0.5414972547021772,0.5403924288098935,3.663483056819472e-68,0.9334614284227913,0.8723403805239722,0.8720327669830662,5.1609735834740203e-172,0.8159506926963114,2.0615528128088303,0.0020683989753207534,0.0,0.0007026291377593566,0.005970838565857563,0.04575779655959117,0.01298718894296723,0.004259705272111937,0.004269969622165219,1.728896077193062e-68,0.010107569733341827,0.0016038824458943193,0.0016077472228723825,0.0,0.009533301412311602,009
0,wfpt,24.5,0.047805037708649495,0.0,0.12252421058921208,0.029810332083651015,0.2887158789676713,-0.08252875822317078,0.4968288791468664,0.4956251204845385,1.1774097467913495e-59,1.0603125731940188,0.8943909789234107,0.8941383257629404,1.9149544462051197e-188,0.9270530724568321,2.0615528128088303,0.0030024484008375494,0.0,0.03340609687011279,0.004207805284673471,0.042530182134130845,0.011557435905729078,0.007996380019106752,0.008015510114846238,5.980284028518086e-60,0.009231433503081086,0.0017416303038995053,0.0017457968835739043,0.0,0.008286208905899196,011
0,wfpt,24.5,1.282144021550921,0.0,0.023220521789658662,0.07333993913636133,0.17611669602418437,-0.012349454978118657,0.8181737451991965,0.8177334879236499,2.9156039089915466e-72,0.9984861395092764,0.9035203192515556,0.9032867122763778,1.1940706239861674e-147,0.8221443521391155,2.0615528128088303,0.05265580617245188,0.0,0.017677272824391473,0.004501412994311665,0.037180576567745725,0.014755470246813675,0.013681967134718098,0.013715095384438976,2.9156039089861663e-72,0.01136677408692301,0.0054912550420365075,0.005504551059087454,1.1940706239861668e-147,0.008242588895239777,012
0,wfpt,24.5,0.19781685674520524,0.0,0.0004199679511720514,0.10446651223935524,0.3782337134077995,-0.012930485709868074,0.4921869477521227,0.4909423079181818,1.0545807446894034e-45,0.9953322989874688,0.8043502135420759,0.8038706797517378,7.98943269059857e-130,0.7611823339665159,2.0615528128088303,0.013528044914289843,0.0,0.0002542870560595325,0.004560293878976368,0.04698301049526083,0.015578519431216426,0.011511008739580917,0.011539221996295578,7.966194673989882e-46,0.012261379196880393,0.0029957264184921114,0.0030030688852041,7.986451469975373e-130,0.008565719386591586,014
0,wfpt,24.5,0.2898509230056098,0.0,0.026652985576610208,0.06742185673906693,0.17490895939007323,-0.11757585628677619,0.533885015218301,0.5327672334802155,1.591389419272135e-34,1.08213821283635,0.7250967332401834,0.7244374927923184,2.056144502820552e-94,0.8166120363611122,2.0615528128088303,0.01600175457206198,0.0,0.012613224745175887,0.003618192625762069,0.036871042791039116,0.01381957116218889,0.01510782818359921,0.015144057987396809,1.5761181314549073e-34,0.011063921815854381,0.005885327944885246,0.005899441441155956,2.056141616157387e-94,0.008365946808760873,015
0,wfpt,24.5,0.17921549905418233,0.0,0.0004246850486489019,0.10018049882417321,0.3275316000202394,-0.017350392929731825,0.5523933403584363,0.5513199430931086,3.626808665639396e-47,1.0050241424299815,0.7957381731867733,0.7952483366716332,2.2056570364071697e-125,0.7928130632576003,2.0615528128088303,0.012675855415882831,0.0,0.00031520443561129034,0.004800912766525608,0.047055179627588914,0.01362800973241777,0.0170321038635067,0.017072948237280092,2.493672932494097e-47,0.010829703473111263,0.0051311253894713825,0.005143430246520473,1.5815313624165645e-125,0.009427648823378428,017
0,wfpt,24.5,0.5350023312476051,0.0,0.0034022118125765937,0.08316079277776214,0.17719699084239976,0.038281452670961745,0.807350346097068,0.806889461757587,2.852028856246636e-87,0.9659580852857549,0.8666188895725118,0.866299796006896,4.1464499240746927e-131,0.8263062022647568,2.0615528128088303,0.02967122365321119,0.0,0.0023630595037940428,0.004311624552218289,0.04258988748329657,0.017723699527691972,0.014367516470396576,0.014401888519368819,2.8520288370955195e-87,0.013829984055761729,0.007505684015874418,0.007523640197730576,4.146449920934749e-131,0.008013304085558429,026
0,wfpt,24.5,0.09913343552526342,0.0,0.11371952127754799,0.024893570024511525,0.17562729563925367,0.01706622000099072,0.9304273598182288,0.9302597149021284,7.891102098482273e-205,0.9853877219341076,0.9722929767105015,0.9722262127989607,7.992246717741365e-278,0.9606270909086877,2.0615528128088303,0.005132418635520257,0.0,0.03592467664242974,0.0038841032548098753,0.03975773961533215,0.008193701015731497,0.0020369662679182183,0.002041874620371034,0.0,0.006349878228106769,0.0010321285023850882,0.0010346155590173387,0.0,0.006171771967427897,027
0,wfpt,24.5,0.24234154052114398,0.0,0.017780405087634624,0.10338270540315969,0.34769068112924395,-0.02066681328592808,0.5231819698989196,0.5220274468236142,2.5431061694474786e-42,1.0048827615526523,0.774721089207684,0.7741756196900276,1.1966665535831715e-119,0.7862450345729008,2.0615528128088303,0.019471370273679345,0.0,0.017692762503096173,0.00458259900021801,0.04104237365579795,0.014427671840112042,0.016986351457185123,0.01702748063746887,1.8133387511419126e-42,0.011256519094206947,0.005078641015384701,0.0050909379669958075,1.0254998041087578e-119,0.008782898692804384,028
0,wfpt,24.5,0.07462037943377392,0.0,4.369283017214217e-09,0.17192737990361417,0.13529075160922452,0.1533249345821812,0.35429491457257717,0.3527464611303052,1.1553599430682785e-33,0.8736578212202916,0.6270602670222533,0.6261659271350163,3.3524315982266066e-78,0.6847372386029837,2.0615528128088303,0.0054699847778523335,0.0,4.369191960488121e-09,0.0040988012503505875,0.028466816415024975,0.010932289472832018,0.009209332355415283,0.009231417085284382,4.9725662748593885e-34,0.008609863766236308,0.004701076884162759,0.004712350449832216,3.093591906227777e-78,0.007416220711133499,032
0,wfpt,24.5,0.2973812020232806,0.0,0.018248072744066483,0.10652785572598404,0.35405007708342073,0.0316864349737159,0.6156467015552907,0.6147271960566189,5.833134934368272e-44,0.9680644377941552,0.8068494111202678,0.8063873283717521,1.4832892982651265e-111,0.7820083235329391,2.0615528128088303,0.015960363013703717,0.0,0.0182480709273928,0.004215081569707367,0.04510751238598943,0.01334845475243961,0.015072818725543502,0.015108878100484993,5.678589324950915e-44,0.010536713852339896,0.005519268401167557,0.005532472392557909,1.483289295514514e-111,0.008113632373999303,034
0,wfpt,24.5,0.6060072268617506,0.0,0.0003486111363911416,0.10820066579747899,0.2684939836493256,0.047510777098810235,0.5890393281410093,0.5880538109423066,5.9011710048478465e-36,0.9489722674509133,0.7063962084167202,0.7056921225855852,1.708134864213879e-83,0.7325929177565258,2.0615528128088303,0.03194192318349352,0.0,0.00031835493451960083,0.003963126280434419,0.04632257400928368,0.015450656697809777,0.0160967597816402,0.016135361124042208,5.9011710046621335e-36,0.012087544942480329,0.007394896022125438,0.007412629585727659,1.641571333082663e-83,0.008169485701169096,042
0,wfpt,24.5,0.4870854536846675,0.0,5.898087713373068e-23,0.1960662093445812,0.09938877786396956,0.1777986193152045,0.4636025083055007,0.46231309125815806,4.1982069718853416e-42,0.8353678029737628,0.6620000629046271,0.6611875630558401,7.922357829353368e-87,0.5458587834297718,2.0615528128088303,0.028833871075321857,0.0,5.739450046044965e-23,0.003489156975002982,0.028975380294197352,0.015451746203401517,0.009126234707139039,0.009148172771338893,3.550617697259676e-42,0.012105260400545973,0.004393842086347623,0.0044044042067474965,7.912530271694284e-87,0.006797094419274133,049
0,wfpt,24.5,0.03813746043180851,0.0,0.011231980109221133,0.09481230880211297,0.4105615260680559,-0.093424079945392,0.2522070240782186,0.25041375555082834,4.496335865135873e-26,1.0662157658269864,0.6108049576888088,0.6098716362444178,1.599311695778441e-82,0.8088136229619235,2.0615528128088303,0.0021005920468977948,0.0,0.007386252958661009,0.004742654848469954,0.04459763152017982,0.014857463772883689,0.004855271868283037,0.004866915206096664,1.6828617382001584e-26,0.011703845514231858,0.002729611359863059,0.0027361571904622483,8.042333877805472e-83,0.00853962696848751,060
0,wfpt,24.5,1.2079639257220718,0.0,0.06456986638210753,0.06631076821049195,0.171718089127639,-0.018660779182476505,0.7714471372071552,0.7708977312869802,3.654513182025319e-72,1.0032963417084484,0.835377349740313,0.8349816222156504,2.1630402316109543e-103,0.8274064531854134,2.0615528128088303,0.0667207764615348,0.0,0.026021138092512178,0.004832686775210593,0.03845224806847157,0.017665813575587767,0.016816714252454776,0.016857139046330866,3.6539866973677137e-72,0.013304398370391367,0.00965356087296751,0.009676766548142916,2.163040231610954e-103,0.007708822323469434,062
0,wfpt,24.5,0.26559447462093216,0.0,0.15976228247329108,0.04203176323244531,0.10757019267331236,-0.18775491663044708,0.5229902552150254,0.5218463469541501,3.6496198573370924e-34,1.1365750571621893,0.7391134202765818,0.7384877929870768,3.474695549089191e-103,0.8768785381638344,2.0615528128088303,0.01945355910998511,0.0,0.04065619117729482,0.004460049543783644,0.028594426765722113,0.01718633094120711,0.01757129851134066,0.017613435917842677,1.8803321476626813e-34,0.013489606768514815,0.006100870107911385,0.006115500491863212,2.404989593256221e-103,0.009216146892365632,063
0,wfpt,24.5,4.781574873318143,0.0,7.508426660947084e-08,0.09716988640763327,9.248987698780021e-05,0.2593528335681432,0.8548832080131996,0.8545120653226964,6.303705115111788e-54,0.7755011923137523,0.8508601402513162,0.8504787083849513,1.243555945641459e-126,0.7008281383544318,2.0615528128088303,0.1075275798156968,0.0,7.502094338137362e-08,0.002684160786645866,9.246254629708221e-05,0.015664689464993976,0.012097443938272914,0.012128383692590746,6.303705115111787e-54,0.012707071673914645,0.004476462643533137,0.004487911397097163,1.243404447774899e-126,0.0065043722672849715,065
0,wfpt,24.5,0.18917128042298267,0.0,4.277395566451568e-25,0.17576158579691226,0.3976983922647838,-0.01402480813377065,0.44195258285030364,0.4405948032465333,4.456612906157741e-40,0.9912852125860984,0.8424342393525706,0.8420508676721632,3.1407140771100356e-140,0.6679211140180787,2.0615528128088303,0.012159504110879368,0.0,4.274711336729194e-25,0.004233661289593344,0.045951260106921375,0.01374748810036373,0.014265919724508034,0.014300629991477647,3.114624572547186e-40,0.010792192863126516,0.002654297737496393,0.002660755882843109,3.140713991250838e-140,0.007633138897071273,066
0,wfpt,24.5,0.6974171145091518,0.0,0.14033157192525036,0.022214102468962205,0.025343662314279848,-0.18430971277378355,0.7618948328230505,0.7613196995689997,6.094375671451064e-83,1.1289890049546285,0.9015671014114524,0.9013293407868425,2.060576683612388e-170,0.9126343831618849,2.0615528128088303,0.03479103812557385,0.0,0.03365494226223442,0.005095817777549619,0.013647997462685546,0.01911390334706942,0.012519838562325284,0.012550079718272933,6.093822534074049e-83,0.014481109143208538,0.004092169701149878,0.0041020541690270544,0.0,0.00837903813924238,071
0,wfpt,24.5,0.043807488714011536,0.0,0.06114566992847391,0.05117665080944556,0.3480096953202378,0.046660290514173114,0.5792771142170191,0.578263324130795,3.731068589422864e-74,0.960510702923049,0.8997219146400294,0.8994802806994027,1.094723498684323e-173,0.8956380265342083,2.0615528128088303,0.00047792589288551593,0.0,0.025998231908335324,0.004251008007421839,0.04739031166076487,0.010970584088238228,0.0014744572308783366,0.0014780101398684095,3.726714621700783e-74,0.008743405983390606,0.0024814496018688657,0.002487428998499872,0.0,0.008288502340063363,081
0,wfpt,24.5,0.0819874116379748,0.0,1.119685290730499e-05,0.09910808817397232,0.36867668490508704,0.00788925600362791,0.4484054004169948,0.4470857961117724,2.4886840776652147e-41,0.9880359900707231,0.798407766720954,0.7979254886509082,6.309798598344392e-131,0.794355470816917,2.0615528128088303,0.007608847168415712,0.0,7.225265462382029e-06,0.004117537561535397,0.03801492899120466,0.01272489677021513,0.017702361793432955,0.017744711941264132,1.1921625201237282e-41,0.010213002525260398,0.004676832393183166,0.004688020987425223,6.128680227404631e-131,0.008233566316948724,082
0,wfpt,24.5,0.6769038679641234,0.0,4.147303027843786e-52,0.28339165045273446,0.01314660478927799,0.2907116405542872,0.5007526615254349,0.4995408961407877,1.9429301456864838e-42,0.7351341255687165,0.6350927787421251,0.6342070816031498,1.1024717266227005e-81,0.39474448677429946,2.0615528128088303,0.027315972330243826,0.0,4.146049467868693e-52,0.0032958938837342783,0.009615043055467154,0.015380900052545447,0.0078008610499328305,0.007819795178694803,1.942881412123252e-42,0.011928640956318737,0.0027192177224350427,0.00272581776545066,1.1017828412273193e-81,0.0056339432172915534,083
0,wfpt,24.5,1.588228730807992,0.0,1.6615552469339037e-21,0.1665788197945819,0.003457605561429507,0.28972235259559626,0.616241428849466,0.6153167094009105,4.381352499000846e-64,0.7380339271174107,0.6655498212498034,0.6647439172046226,1.600049432561161e-85,0.49638433697529927,2.0615528128088303,0.05541547569972541,0.0,1.6615551071477764e-21,0.002594379652731418,0.002025611497679479,0.013272592447533248,0.009452073537009597,0.009474849617821666,4.3659820966400844e-64,0.010388745902794124,0.004311407467683694,0.00432179640134076,1.5344927261839057e-85,0.005716228621938237,084
0,wfpt,24.5,0.047014852130448766,0.0,7.487545909210409e-11,0.19610175602628196,0.01795491644989475,0.28394149610107744,0.6624147928933485,0.6616013345629709,9.329337257387921e-83,0.7812757190345486,0.8328460882794662,0.8324433077692955,1.1560300002536223e-121,0.7129418069022337,2.0615528128088303,0.0021951417956726483,0.0,7.487520185251723e-11,0.007279819090412985,0.015680379722669426,0.018021734198273222,0.005132108055867194,0.005144474581303021,6.566984714526796e-83,0.013861768303062528,0.005718959484113252,0.005732740109376177,1.1560122799917152e-121,0.01131958797124237,085
0,wfpt,24.5,0.5938590940612472,0.0,4.4449753316694044e-14,0.2041634916167311,0.28954800321438295,0.061382184628127966,0.566322773877727,0.5652777685135768,1.2408335627265554e-44,0.9314595456225302,0.6893800130197674,0.6886315311234292,2.4014406245847786e-88,0.6122153401451627,2.0615528128088303,0.030418036510740338,0.0,4.444734313384686e-14,0.004770924595012747,0.04680008745558736,0.01742952199236314,0.013700932281466434,0.01373394657612057,1.229440360618393e-44,0.013370503440601061,0.005442661942212675,0.005455776790266201,1.8235811575124367e-88,0.008161014052195027,086
0,wfpt,24.5,0.6486721955038276,0.0,0.005079078833182025,0.13471439524697748,0.260446024061653,0.0021161391316276866,0.630983709865825,0.6300902079526672,2.9236377026539196e-50,0.9817480750673259,0.7591144354606963,0.7585311774351772,2.8805914019315036e-104,0.7277932604703788,2.0615528128088303,0.033399144260690315,0.0,0.00500456740220469,0.005077743803370256,0.045221796638297895,0.018195876407190104,0.01566255133921533,0.015700475192336923,2.923630019925435e-50,0.013861883931607193,0.006545000501063851,0.006560847959904203,2.87310667092245e-104,0.008739969725984132,089
0,wfpt,24.5,0.05904400733835374,0.0,0.12526914134851747,0.03367451237188033,0.3017975466851728,-0.03774578936745208,0.5900431459561591,0.5890623879321307,4.2110030793484474e-75,1.0253060697366785,0.8618571003341253,0.861526614928226,8.99883839582961e-161,0.9214229285266663,2.0615528128088303,0.004109497020573335,0.0,0.035443898488421256,0.004428824332724696,0.043974411865521916,0.012595431781808497,0.005762952098845062,0.00577673906558871,3.511253016956543e-75,0.010020238418700351,0.0021211450026826476,0.0021262195122584413,7.812546432241918e-161,0.008748339032470367,091
0,wfpt,24.5,0.3288737601071432,0.0,0.006929925539799957,0.09481292491327048,0.17326310695269825,-0.11384298631473291,0.6172494456806441,0.6163271551883085,7.165154841206359e-36,1.0802009757968862,0.8043966998252524,0.8039253665718195,7.286378690599265e-118,0.7719750497245217,2.0615528128088303,0.02321587575380469,0.0,0.006907078124409757,0.006152478618348555,0.04133417133942417,0.021752897218140953,0.020143638282446863,0.02019217716987444,7.165154841200568e-36,0.01736609352438059,0.005903839131266602,0.0059180652496551986,7.2863785232221215e-118,0.013297595689374875,092
0,wfpt,24.5,0.06857360578050434,0.0,0.06563563104101047,0.06078551353508699,0.32660708228705176,-0.10139493091234703,0.3688212507224452,0.3673003380735835,7.614873658209762e-36,1.0727375980608365,0.7097556807954016,0.7090562968937038,4.095329547461532e-104,0.8526667973093466,2.0615528128088303,0.006469560254752303,0.0,0.02628978466648956,0.003967560680297671,0.03674249774839425,0.012355923535306818,0.010848825177613272,0.01087496692502921,3.952441120720442e-36,0.009860242842565712,0.003759905120771984,0.0037689651331111944,2.4048155680279977e-104,0.007870728333787994,093
0,wfpt,24.5,0.3692653138351234,0.0,0.0030118359093633407,0.09413152182901645,0.31382762921193647,0.025864089752593092,0.4715873056724241,0.4703231604706836,1.4774636056183136e-35,0.9683958769791958,0.63500814776578,0.6341349615164158,2.3220597546088214e-74,0.7366259294983573,2.0615528128088303,0.021763744201098792,0.0,0.0024233974885395568,0.004232697868016445,0.0456094016189462,0.015719246969601048,0.01449674559144135,0.014531426800990253,1.4671732422890248e-35,0.012767769899223843,0.007259646782886155,0.00727701435892177,2.3220357787394617e-74,0.010595024066840566,094
0,wfpt,24.5,0.08743678000590871,0.0,0.00012952377167248265,0.10951085066197813,0.34819829444426537,0.07097253337991152,0.4464377485952486,0.4451134369890173,2.022880280795901e-47,0.9379782581714605,0.7678503964045489,0.767295014577765,8.884329975814512e-121,0.7858317877396501,2.0615528128088303,0.00561133765994046,0.0,0.00010676602083956986,0.004389193842373091,0.0508836689313932,0.013859411241426572,0.007057074651265444,0.007073957604976607,1.0488662874213504e-47,0.010903036356435029,0.0027613998886968395,0.0027680061085262565,6.800827151330946e-121,0.008045918367401908,097
0,wfpt,24.5,4.506283405278664,0.0,6.36193145855927e-18,0.15074811388967338,9.922006178369226e-05,0.3087886420917976,0.7910436265957416,0.7905078410229102,9.210411046171742e-66,0.7254304707479144,0.7944724478942473,0.793945454170899,2.4366003727911527e-110,0.6006071839987975,2.0615528128088303,0.10454527891828258,0.0,4.113136314985479e-18,0.003928219345877832,9.331232446551152e-05,0.02531207655328577,0.014660783020388575,0.014698374771722903,9.174478775020417e-66,0.02019991129704367,0.004929081458507907,0.004941720128914338,2.436599931236337e-110,0.008102374609499871,098
0,wfpt,24.5,0.2728982020152813,0.0,0.015488606089246276,0.09082491094849371,0.16666714341833003,-0.09086309227728293,0.6069385333699847,0.6059981949330708,3.4676841227171884e-39,1.0620893716059314,0.817922167544634,0.817486574644023,2.3108067903735426e-121,0.8053904803671722,2.0615528128088303,0.017552095555765156,0.0,0.015348939173047353,0.004705751063213191,0.032953378729856285,0.013342168590922026,0.01993352924996519,0.01998121711898425,3.174530435297198e-39,0.010629389215343333,0.006237840298770909,0.0062527633616866266,2.091004863654683e-121,0.009576232217234842,103
0,wfpt,24.5,1.390176289387807,0.0,6.19447596599566e-35,0.20853656158673817,0.0066877409249048655,0.28854107674830176,0.5668046891164206,0.5657683366980385,6.952227606906563e-51,0.7367628052858897,0.6345512668261982,0.6336769875602323,2.4591126632718523e-75,0.45305137635708553,2.0615528128088303,0.04703316384848065,0.0,6.194108713142741e-35,0.002555282434913142,0.00654306910282711,0.011724759170583288,0.00845455373058304,0.00847477993568013,6.952227603505844e-51,0.009119983661732655,0.004357400623710931,0.004367825027116935,2.458537922386669e-75,0.0053467206816894585,106
0,wfpt,24.5,0.0957508724067276,0.0,0.045015493551292626,0.0788875850651096,0.15498096262785452,0.09297723878523706,0.8035491020471932,0.8030779967763232,1.1795314290949671e-116,0.9261988995198353,0.934665419383777,0.934508741732419,2.942370814956582e-163,0.8718340738583638,2.0615528128088303,0.006174047485976723,0.0,0.02421587176337755,0.007341574314378985,0.036684973621637744,0.015998240634654128,0.00643883701768959,0.006454277873847124,1.1795314290910197e-116,0.012544231126145836,0.0033928974589631715,0.003401033903708891,3.1434555694052573e-163,0.01264835356392461,108
0,wfpt,24.5,1.1639856267422999,0.0,0.003715843407276703,0.07121809722078616,0.26856311713604664,0.08649224255055472,0.611542791550552,0.6105716485294285,1.926885914781078e-56,0.9126371106406803,0.6969121683511987,0.6961544487720767,1.8646979483087492e-86,0.7258255671717124,2.0615528128088303,0.04770792792793294,0.0,0.0033094380793729774,0.0025676083015429814,0.05020442315391931,0.012879306900126177,0.012360872763477419,0.012391774945386114,1.917931036697288e-56,0.01027014644497422,0.006926053209605598,0.0069433683426296106,1.8474413061662533e-86,0.006362845211193846,110
0,wfpt,24.5,0.34714702602143754,0.0,2.1902222995678838e-35,0.20662894069384358,0.14046082524669953,0.11452819311643077,0.5213311044705342,0.5201748994088689,6.443552329948401e-44,0.8846549774347794,0.7776478995299813,0.7771108171616965,2.0180222221152822e-126,0.5482252567797097,2.0615528128088303,0.021260319882459435,0.0,2.1898043766840832e-35,0.0029944110203968073,0.029217694702618684,0.012364627810184584,0.011968628722357738,0.011997538453571162,6.220322082045994e-44,0.009849866618423537,0.002530249324162719,0.0025363610375061085,1.8871258737785695e-126,0.005816205267742901,111
0,wfpt,24.5,0.20255582325107896,0.0,0.01562242646319542,0.05687028198115915,0.10780970031414061,-0.16623972684322336,0.54090309788414,0.5398047799364943,4.6843994090736445e-40,1.1218364213542915,0.8020843538856814,0.8016108714787094,7.2352257093802544e-127,0.8490559796761232,2.0615528128088303,0.01732735076787047,0.0,0.00616535148964891,0.004109911738626046,0.028693813696243155,0.015769885907510935,0.01971269191407938,0.019759851464113062,3.1030786983122023e-40,0.012626254274430305,0.005492982533249747,0.005506123639788622,7.235010074052187e-127,0.009020796455815532,112
0,wfpt,24.5,1.1145742591948489,0.0,1.7855808642636446e-09,0.13488424586064604,0.21897376902222038,0.04860476046722371,0.7039392802030506,0.7032275957804616,7.040244259261213e-61,0.9400285136524072,0.7812272296058353,0.7807013335231571,5.1506249494142364e-107,0.671920267992568,2.0615528128088303,0.04291128190963392,0.0,1.406959641398602e-09,0.004108748757825566,0.04295125928394987,0.016257085863808838,0.012554735883465196,0.012584915537031217,7.040240963367781e-61,0.012490833763906053,0.005386165023046706,0.0053991125351213415,5.150624933389717e-107,0.007763764425694247,121
0,wfpt,24.5,0.842322751321162,0.0,9.409125043475233e-06,0.10486947759582181,0.18681938715058902,0.09994258497650624,0.5694501814197652,0.5684201579303387,9.752521646320856e-42,0.9055148390215908,0.6594989844230175,0.6586843886919719,6.607588987231649e-70,0.7240102316776204,2.0615528128088303,0.04663476965295677,0.0,8.028640551040054e-06,0.0031650964085210764,0.03818908720472484,0.012997445955286688,0.017831844440882955,0.017874504355813288,9.752146742893247e-42,0.010023350939531887,0.010424255603804541,0.010449194014339955,6.607157664102472e-70,0.007041710849026662,128
0,wfpt,24.5,0.9337644083636519,0.0,0.0433701340810471,0.07083018143826104,0.27730625953989807,-0.0071514503201700694,0.6641921926642327,0.6633849623581373,4.3105361766482417e-57,0.9897675761216763,0.7543040714515924,0.7537134562387355,5.2022543504404074e-96,0.7979074397546958,2.0615528128088303,0.040571549159881086,0.0,0.023462462905295037,0.00398338886429979,0.039474388035544136,0.012445281568633554,0.014355630500469467,0.014390139227634059,4.31053023630462e-57,0.0096690155247302,0.008218265458402112,0.008238020904215581,5.035304689537375e-96,0.008390870087454884,129
0,wfpt,24.5,0.3527060907422097,0.0,2.8743988489422783e-25,0.17530595364901738,0.16854419767782136,0.13519045269302374,0.5235498784287035,0.5224100456019779,2.906044634241417e-49,0.8715267508384384,0.7959662098895883,0.7954780907744918,5.848072809092692e-129,0.6089722970624855,2.0615528128088303,0.022776267557503765,0.0,2.8734645488152208e-25,0.003467763515342546,0.04008425362329735,0.01208980991520771,0.010776635478415637,0.010802416903005147,2.7829658187607834e-49,0.009708389387928302,0.0031944334661559064,0.0032020756514816394,5.698756497312588e-129,0.007462449579096946,142
0,wfpt,24.5,1.2560935105587805,0.0,8.178434296847411e-13,0.12687192162343694,0.15376937318862893,0.11679965653899867,0.7121001135520091,0.7113979187070136,2.4219696057819382e-77,0.8874008169420524,0.7808138376507827,0.7802792372548093,1.0868395145139449e-114,0.6635116015948713,2.0615528128088303,0.042133462801619836,0.0,8.159775392103039e-13,0.0036174414708436214,0.03693127019722048,0.011497732999098323,0.010094288144881544,0.010118908359869061,2.197668113614865e-77,0.009044849398329766,0.004765878253421018,0.0047775023467220455,1.0867380289688666e-114,0.008000817687852239,145
0,wfpt,24.5,0.03476686378936064,0.0,0.019958414850631462,0.10652035900108911,0.10501537456880135,0.13767106211997757,0.508119706461705,0.506942959347977,4.603871410655644e-62,0.8888938475066699,0.8150200060518855,0.8145774701811966,5.607113951159795e-140,0.7973964157547807,2.0615528128088303,0.0010462397308988835,0.0,0.01995398257320319,0.004296094775301237,0.029866799106404544,0.011353218593449487,0.0038350217782498063,0.0038441964714992093,4.307927604418622e-62,0.009026689242572215,0.002198424291642721,0.0022036836799002404,5.607063845720249e-140,0.008254202688026482,149
0,wfpt,24.5,0.6919422750154142,0.0,5.0150463224199626e-11,0.16224341941617482,0.2188300121856068,0.06300415506323817,0.5664688488267722,0.5654267066364518,2.103640043472519e-45,0.9302302558113544,0.6840525093313227,0.6832930201710613,2.221071691338109e-83,0.643815759684211,2.0615528128088303,0.03485680011684068,0.0,4.816586293201945e-11,0.0052476010880762106,0.03988549776562749,0.016535350224050473,0.013541734301963263,0.01357428654788145,2.1036122831634562e-45,0.012792229423163378,0.006952689432963251,0.00696940262871557,2.1520835838755686e-83,0.009575548272663858,161
0,wfpt,24.5,1.142494221829151,0.0,0.0005566010101238524,0.10607436465672043,0.2629641555341939,0.0485495719871221,0.7314821675940618,0.7308335737959798,9.875566452434349e-74,0.9476692736550159,0.7820486762654393,0.7815222237926502,4.2928281044600674e-97,0.7605247789378271,2.0615528128088303,0.04813084070608181,0.0,0.000537314302309701,0.004121766604817182,0.04161344055168239,0.012187954323106372,0.014479098290014526,0.014514071957381714,9.854563470877789e-74,0.009234382423571098,0.008545720563730392,0.008566362400840851,4.292828104450851e-97,0.007758794043881369,163
0,wfpt,24.5,0.03232788257188181,0.0,0.08608832184282454,0.04122683129854534,0.49859854573322837,-0.04873316774591223,0.4354163402504665,0.4340656616386254,2.0046700076829333e-50,1.034719535476826,0.8293444463773797,0.828936179502685,3.882282038545718e-148,0.9166428577098672,2.0615528128088303,0.002102962474195183,0.0,0.02783041010638522,0.0053292609587105326,0.048188951432992747,0.013311182271039501,0.007912137024912903,0.00793106558238877,6.529864975064024e-51,0.010498900205525592,0.0022065360606434597,0.002211814855046918,3.881275778077973e-148,0.009552418671298997,165
0,wfpt,24.5,0.13618925629422807,0.0,3.136088144860417e-05,0.12015703563778687,0.36317542309715434,0.05902247076563402,0.36339885161458807,0.3618758823600776,9.408631494533726e-28,0.9442134448546906,0.5896534747886514,0.5886717845369497,3.5101637213587276e-64,0.7016695828195263,2.0615528128088303,0.011379085993629752,0.0,3.1257301729840666e-05,0.0034051520839223502,0.04306384813291549,0.013079281161755088,0.013384623332565,0.013416643962547216,8.601028863043733e-28,0.010612430986688681,0.006154713380682105,0.006169437575372734,3.510161370752414e-64,0.008107582437852331,168
0,wfpt,24.5,0.5285524975918426,0.0,0.00012124047965854225,0.12775730250784542,0.1219454783766033,-0.13825756191697466,0.6276895334067032,0.6267249985191561,1.774763279074987e-52,1.08491667607326,0.7771986688009096,0.7766214632796682,2.3542221741981753e-106,0.6936655585026813,2.0615528128088303,0.026206322957061094,0.0,0.00012123188631978481,0.005042117387325893,0.031211139475827702,0.021205934280568686,0.012193374626865844,0.012224963680303317,1.5861714165766237e-52,0.016493562434080754,0.0041079248461464825,0.004118567138494013,2.3540747889963094e-106,0.009252840304238993,170
0,wfpt,24.5,1.3173253893264354,0.0,0.029651391561134985,0.06249606823348834,0.18036827760232793,0.04646354640480335,0.7580463649935907,0.7574675285462067,8.246642854909143e-64,0.9542282689386847,0.7894660294424054,0.7889623596563823,1.2780740273892113e-87,0.8364308171216163,2.0615528128088303,0.04180899205951909,0.0,0.02090842003894528,0.003239991745317378,0.032503524777627246,0.009050584499934015,0.014752610602650644,0.014787903929451248,8.246625260271748e-64,0.007009555105346382,0.009486848855147617,0.009509544665805865,1.2780735732046733e-87,0.006737017514438279,173
0,wfpt,24.5,0.5830001926957934,0.0,0.0005260304260241147,0.12005155199099005,0.3337932396460406,0.036951920606884535,0.613130239722713,0.6121912354501952,3.9426131034953175e-43,0.9591167953508279,0.7044216711566108,0.7037042480283502,4.066470980180045e-78,0.7471421107974201,2.0615528128088303,0.030314486723400137,0.0,0.0004947142588860107,0.0051311511060782656,0.04601384482225614,0.014525385998018468,0.01754172729238856,0.017584304300379803,3.9424639374227794e-43,0.011237732771620369,0.009623587328365364,0.009646945550036156,4.0602913517273365e-78,0.009417059793427655,179
0,wfpt,24.5,2.541780979249977,0.0,0.0458962548269362,0.05457508386698975,0.25388964921105456,0.04354467810673095,0.7965951197015865,0.7961014185358137,1.1012388924919896e-99,0.9412739104119211,0.8447487827731922,0.8443719594304083,4.181921341635968e-129,0.7836062861329376,2.0615528128088303,0.07334112089551136,0.0,0.021937623967510433,0.0031840054077183337,0.046192814806829186,0.012490745955168777,0.010929244040049024,0.010955771331408366,1.1010058724459437e-99,0.009404417727700438,0.006044858629238561,0.006059530616202733,4.1819213204492865e-129,0.006134587845557618,180
0,wfpt,24.5,0.7123784143217441,0.0,0.07063199773860883,0.06690713606950645,0.12269512208523357,-0.07458698316428784,0.7267134672066266,0.7260581038186329,2.7482698166617412e-55,1.047682584158299,0.8185117228349299,0.8180764991486826,4.111222947101895e-114,0.8360815530478125,2.0615528128088303,0.03828211065961289,0.0,0.029998650070515737,0.004704974157641529,0.030586836901121725,0.016113097841660075,0.018235413907208155,0.018279143916577947,2.748269816661707e-55,0.012336337171619667,0.008139302277403152,0.00815882098790052,4.1104993624118195e-114,0.009099901180206867,182
0,wfpt,24.5,0.06382077343266743,0.0,7.281064483995464e-17,0.18715395046787772,0.1169978199980278,0.16672266240282066,0.37516011688821627,0.3736580979384282,1.2154765738388448e-38,0.8638570179616201,0.7314377494745733,0.7307921671415794,7.550024752906838e-105,0.6836760422908772,2.0615528128088303,0.004074048008921188,0.0,5.212655184792057e-17,0.004321137913266629,0.029042716366794025,0.010926466508582637,0.008379112471639326,0.008399254568926923,9.208369426424278e-39,0.008553047806975885,0.004163646741571285,0.004173655507776986,6.530019536238605e-105,0.007269295022378449,184
0,wfpt,24.5,0.39147174564975257,0.0,0.03593194989985565,0.06360020205581529,0.060406920389512155,-0.16435269745935316,0.7478181496980371,0.7472148438360705,6.141414934454837e-45,1.1217579234676869,0.8846032081060682,0.8843271392259392,3.194865301303211e-154,0.8625564209292931,2.0615528128088303,0.022266606272745685,0.0,0.01798162909601033,0.005187689861491297,0.02366609861663332,0.017694198369453504,0.014067587623075065,0.014101242138919739,6.141414934454837e-45,0.01391421909786521,0.0049526663537513655,0.004964514837851248,3.194514890594707e-154,0.010747211641433293,187
0,wfpt,24.5,0.03639841744207271,0.0,0.16265230895601188,0.0075152499378470195,0.25169967969555035,-0.0034160624300259112,0.7766398008314361,0.7761054462879706,9.752965174523338e-126,1.001697940682732,0.9203880687685296,0.9201976096029043,2.176139264676708e-193,0.9813763429469742,2.0615528128088303,0.0011221634049845472,0.0,0.03926237668813958,0.003690560827763225,0.03907256544960382,0.009252264113600665,0.004131582008533815,0.004141466176018344,9.749569729661982e-126,0.0073873899617656405,0.0026129563514244764,0.0026192074431742947,0.0,0.007369301248200533,190
0,wfpt,24.5,0.7809043394897333,0.0,0.06911543384334827,0.06588988703313099,0.2527908003274847,-0.04502042684073833,0.6960142734585076,0.6952835385389368,8.97037788699028e-64,1.0241104621225063,0.7914888913554391,0.7909876627288898,1.2094003865191365e-111,0.8285078443684664,2.0615528128088303,0.04152923835279056,0.0,0.027163974599884698,0.004636480991346847,0.04199347774446788,0.013777958233326707,0.017316773002218865,0.017358399860397278,8.969726114993219e-64,0.01062785744303773,0.00830069639282498,0.00832064998992312,1.1689565330549463e-111,0.008544599226003757,192
0,wfpt,24.5,0.9878058845616599,0.0,0.0027881755302061645,0.17056954080039485,0.1746496274644084,-0.049842623346056214,0.7161521969782298,0.715428095439909,4.890150008702346e-61,1.0150684281053006,0.8175385341140676,0.8170730711908888,7.310384598213592e-116,0.7053942238795183,2.0615528128088303,0.04952884265319356,0.0,0.002788175328768979,0.0060998026853458995,0.037549771826777545,0.023903141271669814,0.01638979118510124,0.016431601876899963,4.8898087186330914e-61,0.017550787778878297,0.00602840435019698,0.0060437829327229945,7.310384532003313e-116,0.008652056441754373,196
0,wfpt,24.5,0.0358371661506576,0.0,0.06765349357289847,0.0682439662608565,0.2898810771669227,0.048250199754683934,0.5314615163648752,0.5303406109016331,5.7073563237593066e-68,0.9590834588556462,0.8649093216266419,0.8645861381855576,1.0344347768295155e-172,0.8693224490931695,2.0615528128088303,0.00042388326378985634,0.0,0.030262213386439134,0.005705371133051196,0.046035167666865044,0.014140203490845734,0.0013645082314185113,0.0013677726051778871,5.242817002182963e-68,0.01114609165099774,0.0011817373574579404,0.001184564480322676,0.0,0.010249885512719619,198
0,wfpt,24.5,0.2597989565743104,0.0,1.1710584257855971e-05,0.10922609831440099,0.4304110968945538,-0.05632517451808892,0.4115838434939609,0.41017614933964014,4.2648655913113744e-29,1.0308802391375693,0.5848704362546894,0.5838773033270691,7.367769233129134e-67,0.7004909464919855,2.0615528128088303,0.01697110242512234,0.0,8.87012140828039e-06,0.003469780664226191,0.04594937811793676,0.013391305544529775,0.01214709842797908,0.012176158472065155,3.233626240092699e-29,0.010706024182553427,0.0063529334519341705,0.0063681318573215765,6.531484193941055e-67,0.007662223424002597,205
0,wfpt,24.5,1.0729149733791497,0.0,0.039596623131605016,0.06643596944612172,0.17102576901387992,-0.006717396126628974,0.7264481912102316,0.7257826150331276,1.3773307260987793e-67,0.9865459982816296,0.844063744072474,0.8436843371237454,1.3979743529455512e-138,0.7765581586600621,2.0615528128088303,0.04225510529036679,0.0,0.022841405597112216,0.004195127617104916,0.03689746538579188,0.017803621367912918,0.01171440196064853,0.011742904155199985,1.3773307260987792e-67,0.01399299910069696,0.0045133350074706155,0.004524316357853758,1.3979583211222632e-138,0.009045565868007921,206
0,wfpt,24.5,0.15177817014731915,0.0,0.0005595030593747504,0.10327908296729377,0.3954190958349609,-0.024558158962557464,0.4720972789679746,0.47080339974975893,2.596366603494918e-39,1.0099731093784463,0.7725081838616714,0.7719506058809402,7.525028060125347e-114,0.7728271484006374,2.0615528128088303,0.01191975112248172,0.0,0.0005538964984661685,0.004063629787854422,0.04149715108368663,0.014411722887329902,0.014177346571919987,0.014212094970380581,1.4418219931263734e-39,0.011455342998932526,0.004439726768655554,0.004450608451912066,7.52343019659898e-114,0.008036389319204248,207
0,wfpt,24.5,1.2079645079703862,0.0,0.044832738533033226,0.05988909153512596,0.33086643359006584,0.020881836268870514,0.6303061317935509,0.6294195757546864,2.2381938310541053e-57,0.9649942299183291,0.7032563845978089,0.7025447692131516,4.026451581728109e-88,0.8028087266516312,2.0615528128088303,0.04941122971728999,0.0,0.022560720038685037,0.003823572310352915,0.045726695608554295,0.011751990966958122,0.015675709087502893,0.0157133007160101,2.2378726352627898e-57,0.009060147726090305,0.009178431192703264,0.009200441819064663,2.6203618394932127e-88,0.0078315256366667,209
0,wfpt,24.5,0.17534301959419196,0.0,1.288641037991804e-06,0.17918812383456292,0.09982653209754344,0.14324229121775858,0.6866464073028594,0.6858967575595645,1.578341977289592e-70,0.8859049143791482,0.9033182499953253,0.9030869539426821,8.453509181390262e-158,0.7443601312034829,2.0615528128088303,0.011209127074166717,0.0,1.2886410379899623e-06,0.006908168082167711,0.0281824380487633,0.015560037853724241,0.01589340033555207,0.0159314228243931,1.574329423038806e-70,0.011750466586883309,0.00443385158929599,0.004444458889748853,8.45349171754048e-158,0.00899003209183411,212
0,wfpt,24.5,0.27834279333747913,0.0,0.00019854450303838676,0.10984708377948449,0.2625000309483789,0.06222323428869597,0.4530368394264074,0.451722024136567,5.889231186401887e-36,0.9385932694073311,0.6773392700774132,0.6765636433227914,1.5373687729253008e-89,0.753066800611177,2.0615528128088303,0.02374261564375645,0.0,0.00010599191317547714,0.004255049410223486,0.040591392077547105,0.017172090912346814,0.015566515188869378,0.015603934696534935,3.7679005187404886e-36,0.01343712137160617,0.006911701879174851,0.006928316547153637,1.1865377570819017e-89,0.008508998437250382,216
0,wfpt,24.5,0.21244342268274877,0.0,0.01938884762684532,0.08265921113558333,0.20659989357099853,-0.11731566875258455,0.5400524141857008,0.5389223218372627,2.756558966552599e-41,1.0802878675715404,0.8227552126752468,0.8223197217972988,1.999345267357536e-124,0.8247868011610764,2.0615528128088303,0.014342121483880697,0.0,0.014273807253418645,0.005147408919479852,0.04341220315163372,0.014241490914007358,0.016726320358370825,0.016767416968587957,2.373975883587364e-41,0.011131752512090443,0.004301373274794471,0.0043119417594991265,1.99934526735603e-124,0.008874147934477024,218
0,wfpt,24.5,0.22393659001311972,0.0,0.006853654387504475,0.08722041664450271,0.16119721705503845,0.12458662621928364,0.65323239069891,0.6524028031168498,4.968620788599969e-65,0.8962062747798673,0.8681547867771726,0.8678393676067832,2.4479219668068959e-147,0.8075096198008203,2.0615528128088303,0.017697637683641854,0.0,0.004449859929037022,0.005306312935213273,0.03761347171939513,0.01749685106475805,0.0154532667743372,0.015490236312074851,4.938241292097241e-65,0.013948149935994336,0.004462132101374962,0.00447280705855529,2.447918408202143e-147,0.011679807890633184,226
0,wfpt,24.5,0.25461463202563356,0.0,7.81543943465733e-05,0.1058501552855984,0.28414536344554997,-0.05995007718061409,0.574102914386081,0.5730840218367653,4.114844795304864e-46,1.0334564426154065,0.8013122086078421,0.8008368789633635,7.008622971234967e-123,0.7726044867451327,2.0615528128088303,0.014103577907082294,0.0,7.513210330941667e-05,0.004719860113564524,0.0420953066448355,0.013220834078122735,0.012180979935860151,0.012210121036185176,2.889477259958112e-46,0.010402345241562142,0.00415325355060916,0.004163189563888128,6.996030310868487e-123,0.008630410529870847,233
0,wfpt,24.5,1.021831497026288,0.0,0.04794420037728993,0.026704323021519465,0.15528422730773497,0.05440521825073481,0.7995993228767887,0.7991164296789013,9.721576186069012e-91,0.9486655347975601,0.9057393585400318,0.9055122244642247,2.9901877189948234e-146,0.9030619425633813,2.0615528128088303,0.04510531006138377,0.0,0.020503067845849803,0.004232427163275197,0.0376522223803202,0.012614183176510032,0.013346641267307929,0.01337880184867494,8.220200634510996e-91,0.009837631575967766,0.005568840878495231,0.005582259772178353,2.9901877188856975e-146,0.008626018311034826,237
0,wfpt,24.5,1.1466664259853727,0.0,0.024405148945415133,0.07418676988256795,0.24590064540614015,0.06622670837920872,0.6488625238139254,0.6480224820048675,3.5623116666529705e-56,0.9297459926232391,0.7622320486373796,0.7616632257872297,2.5629859727465896e-92,0.7726282876106011,2.0615528128088303,0.0500251358549116,0.0,0.01889056264642965,0.003907712887637079,0.045242638442301385,0.013288774708594981,0.014933144466858055,0.014968869692855326,3.562301445783746e-56,0.010179251566460584,0.008087200215163176,0.008106547584098981,2.562985972634331e-92,0.00814914194196335,238
0,wfpt,24.5,0.04421970130403017,0.0,0.08439321142269911,0.06645895528028038,0.42014652161418753,-0.03964173379396432,0.4102454062943902,0.40882431088787063,3.282500547940903e-45,1.0261854556562455,0.7804723296537275,0.779943347315544,8.14771996948247e-130,0.8701836421620572,2.0615528128088303,0.0029889633396735136,0.0,0.030357920481882922,0.00549775769033715,0.04599563295203126,0.014612430100951692,0.006949147509315397,0.006965892443072784,1.0133633378530873e-45,0.011542470142290725,0.0026675860594314693,0.0026740139776469675,6.0633281135138176e-130,0.010076071059162566,244
0,wfpt,24.5,0.050519321477270535,0.0,0.03344503343835069,0.06229858856248218,0.3809864375559828,-0.003138754882741196,0.4997116109132852,0.4985147487384364,2.1134637695419208e-60,0.9981124312448307,0.8585410334243859,0.8582026148440611,1.4835547502093032e-166,0.8843112628447863,2.0615528128088303,0.002470321192784695,0.0,0.018968888654254733,0.0050881957663298965,0.04206200604343249,0.012475562264587788,0.006716770335126474,0.006732839163679409,8.085160351374301e-61,0.009827831381944681,0.0018422252350737457,0.0018466324724782318,0.0,0.00907230759151792,254
0,wfpt,24.5,3.081778813774498,0.0,0.03009945527750721,0.05806145946438943,0.20576101858401322,0.056988198618212096,0.8540676132012193,0.8537090569682985,1.6802973942828832e-93,0.9416400400647374,0.8584623996152281,0.8581146413833245,1.0847297557212375e-112,0.8317260740440046,2.0615528128088303,0.09123374809094205,0.0,0.018977281302670436,0.004163091482807443,0.04106711012926864,0.012336990030367652,0.010201837931155025,0.01022690387201782,1.6802973942827518e-93,0.009295252182324274,0.0072845664082316665,0.007302464605794886,1.0847297557212375e-112,0.006628429818928969,259
0,wfpt,24.5,0.2161784507534912,0.0,0.06823288964820716,0.06571390065325029,0.07946115581149543,-0.22806349553247934,0.6293915032213806,0.6284963136156352,3.591247236203524e-38,1.1695663968259398,0.8415699039665958,0.8411872225752108,1.727747010900188e-140,0.8702983022597767,2.0615528128088303,0.016214449001196007,0.0,0.030577581444225965,0.005595051745601327,0.032090902891301835,0.022436826308030133,0.018100294898145474,0.01814401541722312,2.218954076793894e-38,0.017329804764379404,0.005053017479193139,0.005065222835423078,1.718078805614959e-140,0.00945388585465775,262
0,wfpt,24.5,2.964030338217603,0.0,0.09975755401452693,0.03919681342093371,,,,,,,0.8035252529461667,0.8030448745915119,1.7271550229542717e-115,0.8220403499742787,2.0615528128088303,0.07910748939531409,0.0,0.03424709678820037,0.0040048341242486934,,,,,,,0.006114073775739885,0.006129022611377391,1.6717332753813108e-115,0.007919680487798548,265
0,wfpt,24.5,1.9168795263609437,0.0,0.0024109326057078924,0.061787036948259405,0.0752959472157771,0.08451407321380167,0.8505297959521918,0.850172211731982,5.677313595770984e-113,0.9243171264598127,0.8632612587979723,0.8629341326228476,6.67770379645035e-140,0.8290201003959045,2.0615528128088303,0.057938237149780185,0.0,0.001649352980389321,0.0025921500374143725,0.023063940474434646,0.01011450757215267,0.010147564309003484,0.01017184077864225,5.677313589086806e-113,0.0077788918093556324,0.006947056378314902,0.006963676130416136,6.668555769493995e-140,0.006355397073459233,269
0,wfpt,24.5,0.023313597664091672,0.0,0.09101027242840251,0.07769409409463203,0.34171011041115185,-0.11596430277529082,0.262162028156212,0.26039686554414543,3.7871933558937264e-27,1.0843652886292836,0.6276128796675086,0.6267220013892014,1.5099160058804253e-85,0.87466103822299,2.0615528128088303,0.0017228011914342657,0.0,0.02839533047054556,0.007366665648564887,0.03990278038680975,0.01888216411233138,0.006149321066344998,0.006164032360762092,1.5050201516214257e-27,0.014523214466666514,0.002941801131905372,0.002948838933656346,1.1535363946713389e-85,0.01107411716812284,273
0,wfpt,24.5,0.49164026937619937,0.0,0.039315711668631924,0.06793632835738914,0.3241252877449526,-0.09384903800251858,0.5695015628646236,0.5684667108522788,4.387998175513843e-33,1.0618492817504706,0.691779922629556,0.6910390089820307,4.229561538340337e-81,0.814691737973181,2.0615528128088303,0.030752956644335198,0.0,0.01824029508851396,0.004310111948682015,0.050026625298225456,0.019820586464237806,0.015688977024751482,0.015726690911830214,4.387998175500796e-33,0.01544527295700667,0.008892524420431614,0.00891390068105765,4.1736933824236427e-81,0.008382848062596433,275
0,wfpt,24.5,0.852625338273547,0.0,0.0005824540700710417,0.11139720377542515,0.25249917853978965,-0.048379943210889856,0.6489200856203834,0.6480221830260621,8.836145743502606e-46,1.0239161711887104,0.6936339237771445,0.6928503788251676,3.7596654706484315e-77,0.7096279403072805,2.0615528128088303,0.03947508240915181,0.0,0.0005754477106733662,0.003920630909285763,0.043967399859709794,0.016687599073910726,0.017259853384036468,0.01730399623156597,8.821657867600337e-46,0.013240770793449676,0.008773836206014782,0.008796275684802542,2.2517801576822508e-77,0.009087506800941036,277
0,wfpt,24.5,1.0570684938438253,0.0,0.04741297710559087,-0.04857558405495281,0.0685268763920229,-0.049435806373828405,0.8422008986682091,0.841818818519706,9.281605060436258e-85,1.0311756882449192,0.8879834910442201,0.887712264630284,2.9817850946051463e-164,1.0419199864336248,2.0615528128088303,0.059682065495576114,0.0,0.022344888664219888,0.007142486574200787,0.02815937586566142,0.027209830527294993,0.01126529827020758,0.011292575021467166,9.281605060436257e-85,0.020457581664067612,0.0038842946353777872,0.00389369970713415,0.0,0.010007950383319713,284
0,wfpt,24.5,0.10270891406817899,0.0,0.01565509271244413,0.1347334806099515,0.33699336157516235,-0.045688125401603566,0.4549030775672295,0.45354033526114756,4.4781749180889305e-41,1.0257309196315254,0.8610791062473497,0.8607318040129682,1.810879747686494e-145,0.7756442443181832,2.0615528128088303,0.006480150372116525,0.0,0.013761865697410443,0.006868664954937697,0.04384525858534376,0.01603033328291492,0.014477231957917742,0.014513425037812536,3.686009556447365e-41,0.01249241484836532,0.0028789188003953223,0.0028861160973963113,1.8108656437752716e-145,0.011134094690379417,285
0,wfpt,24.5,0.27209059111740347,0.0,1.510873106829508e-07,0.1641208465787546,0.2686680742502751,0.02435064360349857,0.722025895694573,0.7213512012666472,1.1174585934302016e-56,0.9743814112671711,0.850693369254136,0.8503309745193158,7.473423227426046e-135,0.7545764791274263,2.0615528128088303,0.01758684754857093,0.0,1.5030882304635607e-07,0.007244223919384749,0.04482840248314228,0.01631996867427131,0.014501489649399792,0.014536687439810968,1.1157002011222715e-56,0.012476900290848627,0.005104437831944363,0.005116827244157819,7.473372048932526e-135,0.011021449831750197,286
0,wfpt,24.5,2.4749839449939923,0.0,0.025917885551074885,0.0710476651258532,0.09337830901633033,-0.04944510960778206,0.8789351169135858,0.8786347077744138,2.016011066757066e-85,1.0254158267812763,0.8582220050611532,0.8578701986220988,1.8593466078789746e-101,0.8074274165040042,2.0615528128088303,0.067217977864013,0.0,0.013457376194294218,0.003881831691508661,0.029756225566952326,0.014024667951950523,0.009905508696113589,0.009930088122158528,2.016011066757066e-85,0.010541070934531936,0.008356853308727444,0.008377589917433969,1.8593466078789752e-101,0.007730765626535888,291
0,wfpt,24.5,0.3900716137778259,0.0,0.0033719770523155347,0.1012050640636414,0.20572237584954398,-0.01763433592334895,0.6628602382839985,0.6620517496467899,4.222573764902772e-43,1.0061810341644482,0.7973503774954709,0.7968644071777142,1.3282641633670743e-114,0.7743088634102366,2.0615528128088303,0.022455089055607332,0.0,0.002346086447474721,0.004703198462041202,0.03634600129204363,0.018246084666143608,0.018329526697378046,0.018373482396892144,4.222573764445502e-43,0.014374831512596834,0.007178412243078594,0.007195626660927701,1.2470286697180632e-114,0.009511643753471091,294
0,wfpt,24.5,0.8964224216572996,0.0,5.129592845062322e-57,0.26746484182284547,0.002030041471535394,0.2809876601435748,0.5803748540646881,0.5793178637726597,6.789755399247918e-52,0.7461936785420232,0.758149925336551,0.7575407311938221,3.655212915733637e-112,0.4453639356341699,2.0615528128088303,0.041106520485444976,0.0,5.123270469938577e-57,0.003011802101454886,0.0013822220096996985,0.015920360921507896,0.011294273682170465,0.011322722734266611,6.624727380384043e-52,0.012121124620859661,0.0026029339664502505,0.0026094904751818664,3.650706550958884e-112,0.004992351072076053,295
0,wfpt,24.5,0.2081070736692035,0.0,3.5830321667110935e-10,0.19075394280988717,0.2285977015446716,0.11278824022438955,0.43665948775742364,0.43530855127722584,2.1160424922136318e-31,0.9007241035967383,0.6731697253124678,0.6723859596657352,1.6868036899560237e-75,0.6505982793810945,2.0615528128088303,0.01749133693482806,0.0,3.466457938218173e-10,0.006577860322624885,0.04311373783273741,0.015601729735816097,0.015424183251152987,0.01546117170019652,2.114715584195863e-31,0.012185978466437377,0.006853853883393323,0.006870289983833114,1.6868036898420893e-75,0.011104709010560135,301
0,wfpt,24.5,0.5658591173166319,0.0,0.0012745496276847295,0.10067020131144928,0.06905525951556274,-0.18981346337041877,0.617180431625839,0.6162623990877715,3.317767448514277e-35,1.1295628200971188,0.7997453364518172,0.7992651094409104,3.5456491299449364e-108,0.7446360134826662,2.0615528128088303,0.03320244440911574,0.0,0.0012643393408451878,0.004095179849356431,0.024747195902117863,0.015173764842758305,0.01791322186853834,0.01795617923512956,3.311260898424421e-35,0.011855980874720635,0.006202163756732595,0.006217037051113244,3.545649129943396e-108,0.008152095504668312,305
0,wfpt,24.5,0.09853145467699695,0.0,2.695413065442413e-70,0.2380870833088353,8.759834018153457e-11,0.4804095410197181,0.35159653853836376,0.3500453340851063,1.1667791047539383e-37,0.6051816378197598,0.6450114994677528,0.6441622446817905,1.1636335358764212e-86,0.4519142455816394,2.0615528128088303,0.000934836999083308,0.0,2.695344425380391e-70,0.0022314982221140873,7.545090445296525e-11,0.007954427584886613,0.001938900892968506,0.0019435394118512076,9.276296112215609e-38,0.006441012880370132,0.0024228239852296285,0.002428620214859364,1.036434653470564e-86,0.004980176771323723,307
0,wfpt,24.5,1.0973756721545334,0.0,0.017329770088730587,0.06810215311903234,0.20806061467511616,0.0006776254423975805,0.7256059696150655,0.724938344237,5.858229071548841e-73,0.9829492436160142,0.8209377037690505,0.8205020290823576,3.7933682293459803e-115,0.8116096364641308,2.0615528128088303,0.050198803259181655,0.0,0.011169175271663941,0.0039262988974954555,0.03551540073178954,0.016120714550817865,0.01439268236575036,0.014427701057637837,5.842363223758876e-73,0.012204539137260556,0.0075382951751667366,0.007556636525957897,3.7933677328575492e-115,0.006741019903494745,313
0,wfpt,24.5,1.1653132468446576,0.0,0.14035251374839575,0.03598207443348853,0.29677764324670486,0.045724045856948455,0.7370337748944163,0.7363876662332232,4.6411623527586977e-66,0.9524015900363091,0.8409344415894643,0.8405436171216247,7.336024255374931e-125,0.8757126603372994,2.0615528128088303,0.06277751215630371,0.0,0.03757965053522583,0.004528583305262179,0.04749319049385883,0.01735720108424726,0.01436657099918182,0.014401869699425508,4.633805725877901e-66,0.013290470882208607,0.006627097732311734,0.006643380527722825,7.205372844669503e-125,0.00837316719808095,314
0,wfpt,24.5,0.7961530530260412,0.0,0.04565956517050298,0.06211731231546159,0.01580806686160704,-0.22026612617701635,0.6247014749271178,0.623792761791348,4.4440546016333656e-55,1.1510920793363963,0.7292292393475447,0.728573620072357,2.2652743012681894e-93,0.8127100604839407,2.0615528128088303,0.03331859140404687,0.0,0.0132969233968313,0.004584987825078201,0.010731080295235153,0.012287061712936477,0.01405489236880907,0.014088923585198435,4.4257777384618085e-55,0.00935671607364999,0.007587883314609432,0.007606255913434154,2.262642369929878e-93,0.00860403446736188,326
0,wfpt,24.5,0.10081836429921756,0.0,0.027421507183260342,0.08650095362199312,0.3320007483889583,-0.07499941861353716,0.46998440685206133,0.46863918961056916,5.147414805767609e-37,1.05229247814915,0.771931528296736,0.7713526743076413,1.77928519072981e-114,0.8167907194667758,2.0615528128088303,0.008605853185739393,0.0,0.015629526047258573,0.00511783752064668,0.04616010136638309,0.014696613521312693,0.018497553884115798,0.018544501990420667,3.1808924461779593e-37,0.01174050450623989,0.004633710183827569,0.0046454708695733244,1.7526985176272558e-114,0.01016647051327143,328
0,wfpt,24.5,2.0856928705728173,0.0,5.697634544095516e-07,0.10469296647334947,0.15274184025785284,0.09732263064745292,0.7497899111491654,0.7491898869552786,4.003732721377953e-80,0.9012848448474894,0.7153688886212861,0.7146863200088673,8.296077548075364e-86,0.6756347058380113,2.0615528128088303,0.06107038346369256,0.0,5.441401619602119e-07,0.002996970477946228,0.03881724915446276,0.00957796751015847,0.011533594437438757,0.011561252937288729,4.000067536920674e-80,0.007320455895175362,0.007303875486523903,0.007321390775460413,8.278084468662178e-86,0.006322105335136223,329
0,wfpt,24.5,0.8879879811174872,0.0,0.009353079836440181,0.07518914022315298,0.1964610898786994,-0.019113313290123304,0.7931154672052105,0.7926133202809512,6.66299357018588e-67,1.002104940047975,0.8930497935630691,0.8927902056833676,3.850090499368808e-160,0.814288910070939,2.0615528128088303,0.041493782463600075,0.0,0.005840340086446731,0.004330598925709828,0.04427363562928352,0.014904941666393175,0.01280638560042187,0.012837469060617068,6.662993570185879e-67,0.011473431787492374,0.004359138071157624,0.004369718503369173,3.648567592037873e-160,0.00823768200078721,334
0,wfpt,24.5,2.2002148847246534,0.0,0.13977549281522886,0.03364003624371951,0.30385985427358714,0.02437296220912859,0.8421254268041547,0.8417365731755935,1.1736667097186903e-92,0.9714243798230191,0.8662158215243071,0.8658863038433324,4.149747332199943e-115,0.8835270659370726,2.0615528128088303,0.07373518289737326,0.0,0.03807617270879096,0.003507273130432275,0.0482369556077246,0.009922494071259915,0.012722898385620084,0.012754235573762008,1.1736178384180537e-92,0.007529522448430847,0.008860563389576394,0.008882387437333966,4.148850975684581e-115,0.006905969567339416,336
0,wfpt,24.5,0.9044754154297979,0.0,0.02099804286667787,0.06487583488516128,0.1480087988096927,-0.06810530218126785,0.7137339963061222,0.713037485348229,5.05046020631673e-63,1.0396889566644374,0.8052672146783341,0.8047934122809574,8.243604374903365e-116,0.7830486226252894,2.0615528128088303,0.05466475991206493,0.0,0.012567963235542379,0.003741589872789139,0.032307827452827696,0.019960807485597837,0.016491162784026868,0.016531287267686306,5.016996964429498e-63,0.015656638153645947,0.0073599555061114675,0.007377862940432908,8.24134011186448e-116,0.007918137224946671,339
0,wfpt,24.5,0.09570534814650473,0.0,2.5132867279862985e-09,0.1292994022055648,0.3508520426741867,0.05607483528545146,0.36004621934149705,0.3585115579969924,9.430195879642277e-38,0.9438606862303267,0.6789349569357326,0.6781650167844994,2.1928609370091818e-99,0.7038221357983268,2.0615528128088303,0.005725005392062089,0.0,1.8735481972333868e-09,0.0037254509388218557,0.03814445508213093,0.012531357996283009,0.006339102654497059,0.006354304339519834,4.864101481877022e-38,0.010073145796564703,0.0022403133326173315,0.002245685786652387,1.7329131607486506e-99,0.007878310594474476,346
0,wfpt,24.5,0.42338457411468644,0.0,2.16222669990726e-06,0.12722332245068402,0.27869376381083594,-0.07267753154704894,0.5413226759601065,0.5402227303389078,1.2897107361067327e-47,1.041747998280174,0.6852780548028922,0.6845233259175276,4.678612728098315e-88,0.6990014183485092,2.0615528128088303,0.025467696053677734,0.0,2.147332735468168e-06,0.003929192989448349,0.03967234947335536,0.012273495035488321,0.012852257357083004,0.012883078118131166,1.2718671356560116e-47,0.009533884569743597,0.005898181806619743,0.005912326127498926,3.222758244524318e-88,0.007432958472002972,357
0,wfpt,24.5,0.09601779007978108,0.0,0.05128575663597825,0.0636043068462178,0.34270152502062456,-0.0740365318058445,0.38782499382744073,0.38635694824908917,1.1324889984393776e-34,1.0517044186053612,0.7012911894175693,0.7005748613346376,1.2876224317950681e-92,0.841261800720266,2.0615528128088303,0.008875227771035686,0.0,0.023693347064553068,0.0045288168126821765,0.03942255688180158,0.01553336603855094,0.01303051644726181,0.01306176468814253,9.332086634259318e-35,0.012373134417796304,0.00539902656976534,0.005411973875688041,1.287621185239412e-92,0.009397649345963632,359
0,wfpt,24.5,0.15276661131396302,0.0,4.85345077858901e-05,0.12320228454281884,0.3429642402157955,0.049078003223628305,0.3984420665069686,0.3969994815345633,3.020912738957812e-34,0.9516282260779703,0.6556827652816944,0.6548570644790126,8.205558877900565e-83,0.7323193808747296,2.0615528128088303,0.013489072268059761,0.0,4.292385916100298e-05,0.00476517317479147,0.04280164715412929,0.015348070176972982,0.0119402528211085,0.011968886520919311,2.704581130175622e-34,0.012176356146563984,0.005488364794497829,0.005501526340767607,8.197508113869021e-83,0.009423654948961531,365
0,wfpt,24.5,0.06307560600196488,0.0,0.0010727788122331745,0.12048670461104213,0.28438411185874957,0.08813042213796855,0.4060143762728248,0.4045933580342428,2.60659326385008e-40,0.9245993443804413,0.7816127603737677,0.7810903028626996,1.2376979596461736e-118,0.7520161065532647,2.0615528128088303,0.004060243729350805,0.0,0.0010724787072226934,0.004934748344711265,0.04189021751184624,0.014890755856607143,0.011709692665914801,0.01173770628473278,1.8638130396871412e-40,0.011918056785455893,0.003248866618006764,0.0032566390261838146,1.216587577825307e-118,0.010004108428307743,368
0,wfpt,24.5,1.172702676019932,0.0,3.1665688238524824e-55,0.26165453564143426,6.044341691160105e-05,0.38732248066020447,0.5865868714975839,0.5855858711864403,9.745556842413734e-43,0.6664024144402697,0.6450790053502143,0.6442196324818127,1.705513638076232e-81,0.4093891301963422,2.0615528128088303,0.04893628289195818,0.0,2.2237309999129945e-55,0.0024862796687972898,6.042557634821233e-05,0.01609596397910886,0.011244212926321374,0.011271438623479535,9.745556842190145e-43,0.012612764755971305,0.004258583669012008,0.004268895009614944,1.2061870498228215e-81,0.00553884572743803,369
0,wfpt,24.5,0.22000624374843356,0.0,0.00036102195167578207,0.18261024989586994,0.025381153972814135,0.2321421349271425,0.7760981334715286,0.7755611985398057,1.4799870373381696e-82,0.8237074124394792,0.8565122106291551,0.856168115211,9.241478549002252e-122,0.7586085892485235,2.0615528128088303,0.01658949605304453,0.0,0.00036102194604497104,0.006543088391178194,0.016666340620885102,0.01737185081120598,0.012531544305422845,0.01256159597042386,1.4799838504201152e-82,0.013129459423844844,0.00536758491530329,0.0053804568215749925,9.241478539217674e-122,0.00952711030874758,372
0,wfpt,24.5,0.9624134241465927,0.0,6.549836126004089e-24,0.21161165986740002,0.09111647985529962,0.20195888883051483,0.6683072664863082,0.667490289310166,5.686444466193993e-52,0.8242253492701339,0.7430875576812993,0.7424547684145041,7.533003707932142e-89,0.5732183685024093,2.0615528128088303,0.049125035387063774,0.0,6.540992149007695e-24,0.004943532342634252,0.030275670484590976,0.022279030750363058,0.016292391004457698,0.016332520046340594,5.626410994967235e-52,0.017268229704807698,0.0073034048069573814,0.007321393488747921,7.532981855674991e-89,0.009518558402299782,373
0,wfpt,24.5,0.8120245500394414,0.0,0.05152295453799215,0.06649223141569607,0.20540497227023377,0.06955051140997054,0.5708992191314401,0.5698726622394101,5.913930549349718e-51,0.9303956168122491,0.6683666752237687,0.6675732940640171,1.1489220521198904e-78,0.7756033485643967,2.0615528128088303,0.04268484168398586,0.0,0.022417150563018344,0.004045911514246869,0.03729452132131403,0.0122893333727401,0.015936982309642942,0.015975109061579888,5.493145565840606e-51,0.00983170953233675,0.009085384781805612,0.009107120152097014,1.116845913686325e-78,0.01011137454219302,374
0,wfpt,24.5,0.05430542224872875,0.0,0.02190292674314225,0.09642854022777204,0.2879916959553307,0.04055142087186524,0.4102685817603086,0.4087486554246395,5.153758146801683e-38,0.9635639164721941,0.8102777398283452,0.8097887649309956,2.7095333128372775e-115,0.8118504999994117,2.0615528128088303,0.005487843528831662,0.0,0.009568965512706475,0.006323177575866628,0.03811646367358702,0.01591202671811921,0.012520143755731683,0.012552412167473258,4.997308443923624e-38,0.012656647294003337,0.003779540486420737,0.003789281570148627,2.7095333128323437e-115,0.011986228377278448,376
0,wfpt,24.5,0.28583491193597765,0.0,3.4009925832867844e-16,0.14452058904001672,0.190276991074586,0.1278162125481127,0.4923823790682146,0.49116798284588975,6.24356660520357e-45,0.8824696933562577,0.740853130281995,0.7402331616941528,6.97105867716284e-107,0.6359698416468079,2.0615528128088303,0.016938371800533026,0.0,3.3952055597941123e-16,0.0041617669094413095,0.04122515735991326,0.013065154315804023,0.01003983291074265,0.010063851649763566,4.416096616984307e-45,0.010543250267055479,0.0036200728742704453,0.0036287333356921437,6.923907078011302e-107,0.009196905953049492,380
0,wfpt,24.5,0.0397662341410548,0.0,0.0015821588813916638,0.0814598001980732,0.33541724655518884,0.06128585357756453,0.4926965472766158,0.49148290265287564,1.38421296530124e-57,0.9478977376475762,0.8306376872145816,0.8302325142174877,5.189030690672958e-134,0.838288451169402,2.0615528128088303,0.0010573619870448713,0.0,0.0011738034796155432,0.005595594244874659,0.04523481331641941,0.014589445454628924,0.003498892764538057,0.0035072633213910197,1.3771444908879738e-57,0.01154311820196382,0.0027844542572674066,0.0027911156310886135,5.18903069067271e-134,0.010378660416086555,383
0,wfpt,24.5,0.07785821991432637,0.0,7.97765728314604e-38,0.22272725217761694,0.0003154997768417847,0.3210430254616452,0.5259731665150378,0.5248198165552204,1.4487582384890944e-60,0.7456008994776111,0.8416612939569335,0.8412760416307943,7.897378538829824e-127,0.6280201907484176,2.0615528128088303,0.0016278851197893706,0.0,7.977657283130141e-38,0.005804875652061519,0.0002617673015916212,0.01312488667185625,0.0037962830573279593,0.0038055197557642795,1.2103701182137583e-60,0.010279113029493674,0.0038387322994064507,0.0038480722806702138,7.897378538829216e-127,0.009692710797292652,384
0,wfpt,24.5,0.6337510563632083,0.0,4.1658232240606845e-48,0.23968806257494749,2.849089625245602e-05,0.36737062955979216,0.47789728756896166,0.4765012910116595,8.651143524641762e-36,0.6814762523920518,0.6078508261403747,0.6068022989375416,4.0620042842794605e-70,0.4126366858384014,2.0615528128088303,0.027815722263911415,0.0,4.164814534495336e-48,0.002407857651760504,2.1988621705726282e-05,0.012313991115465205,0.008580985701009222,0.008603929513044008,8.651143331349157e-36,0.009765510284084114,0.003348795275823305,0.0033577492738870026,2.8513475328801534e-70,0.005214452393690116,388
0,wfpt,24.5,1.6702615889589847,0.0,8.557342437780435e-07,0.10693656333053327,0.14861400505323935,0.06710927416407614,0.7394182204091726,0.7387887958207888,1.034736060005646e-89,0.9245650654728165,0.7605318207064644,0.7599533951526155,1.1569686504110034e-103,0.6805473121168003,2.0615528128088303,0.04458143495129518,0.0,8.546517167290541e-07,0.0025304382589790386,0.034518886315396693,0.011130397692653062,0.009439074636516217,0.009461874333705865,9.684343404697554e-90,0.008610522058377295,0.005802740102378107,0.005816756382818629,9.910894576443398e-104,0.005890014134893433,391
0,wfpt,24.5,1.8827278875685898,0.0,0.024535037181720086,0.045904437012096316,0.2075576843170287,0.06024411689627221,0.7535092894426062,0.7529195987474925,6.448864752457428e-70,0.9403000940052161,0.7703502609645085,0.76980085967495,2.275465933132756e-81,0.8256234511932931,2.0615528128088303,0.05220470837692146,0.0,0.012331909228937465,0.002686825509114558,0.03571437543478504,0.007715578280517552,0.01394313000147335,0.01397648677181181,6.44886475232121e-70,0.006142443840001785,0.010090049480849848,0.010114188355205951,2.2754659331327545e-81,0.007287981779392718,396
0,wfpt,24.5,0.05554408535900592,0.0,0.14043189538071676,0.031774642302077334,0.31135244789381905,-0.020284837166954294,0.5804838609709404,0.5794778270643959,1.423052756878597e-74,1.0119292560497535,0.8900183143897809,0.889754569340356,7.831485726290872e-190,0.9219612480426833,2.0615528128088303,0.0029471792460911573,0.0,0.038080505596550636,0.005119988809605876,0.04400612331533806,0.014333876965713198,0.006560035852601669,0.006575767353447235,1.0266661025663812e-74,0.011397525553008561,0.0013849504716622585,0.001388271695814927,0.0,0.010112431164631123,397
0,wfpt,24.5,2.557382033985074,0.0,0.01623209274963554,0.07661204703426981,0.2372282936060746,0.011448721618323509,0.8352014431185417,0.8348043381622011,8.293383059224047e-104,0.9733054104152228,0.8489119475208178,0.8485478799244822,3.1505323902847803e-119,0.7905210780728532,2.0615528128088303,0.07731399896443081,0.0,0.01047012261653776,0.0043546082147519136,0.043904007470530935,0.013462799959203154,0.01107243588487426,0.011099116453271548,8.293379881894413e-104,0.010003776286844202,0.0075650940143623755,0.0075833231565656575,3.1505306499651037e-119,0.007392121015037251,402
0,wfpt,24.5,0.14198033963063383,0.0,9.581797883534998e-19,0.18234864855795938,0.07718114082352248,0.19418177817366902,0.4222857277908522,0.4208869038871982,4.847621599969282e-41,0.8331872104490516,0.6866590326143667,0.685900337778082,3.564331157553122e-94,0.5940610406663132,2.0615528128088303,0.008849855951950642,0.0,9.581792283798116e-19,0.004293321046346872,0.028690596048106653,0.012704986611028944,0.008496530655124472,0.008517103368575137,2.629868812485899e-41,0.010188054811383941,0.0035193254631749604,0.00352784683233519,3.5397227285841846e-94,0.008654955401407849,403
0,wfpt,24.5,0.2303877279468899,0.0,1.2792643973137643e-73,0.24263759449581798,1.1645140614466568e-09,0.4210487656994847,0.44482939489307893,0.44350123555071774,6.571144776811865e-45,0.6488572286256145,0.6854523954280922,0.6846998891970588,1.32473596992025e-97,0.4405514888728325,2.0615528128088303,0.011256042616270064,0.0,1.2580503289573296e-73,0.0025706292145549073,1.1414340741166798e-09,0.009097388941325035,0.007357992606586489,0.007375595459712294,5.708812147498968e-45,0.007364950849883799,0.0026328735850199383,0.002639172325653953,9.514113074302225e-98,0.005638153664192586,408
0,wfpt,24.5,0.06521995891743164,0.0,0.02232799671602156,0.11073624007843891,0.45185689695207254,0.01421810577282971,0.4276800350083736,0.4263009507553816,2.2815219142812526e-46,0.9823002059367362,0.8439471735724158,0.8435711426653612,2.358725975144212e-153,0.8097497868001,2.0615528128088303,0.004947988562269334,0.0,0.012743284364872175,0.006108036232053243,0.04464244212317773,0.01445928913603681,0.009446269839992132,0.00946903193599211,1.1210196483178842e-46,0.011194965447541188,0.002492758338254212,0.0024987649848524167,1.7338625010589285e-153,0.009471465912221097,409
0,wfpt,24.5,0.1236612871107608,0.0,1.1369696234493134e-05,0.15741531597253325,0.2766191061388012,0.07705604572916205,0.453619900372345,0.45230963634446103,4.1375023415104235e-39,0.9319260085506522,0.7402980986726265,0.739675312338508,6.22334601049236e-103,0.7141376195752247,2.0615528128088303,0.009947168870829897,0.0,1.1358969168350083e-05,0.005235377932097968,0.039982991920027446,0.012784582089759659,0.01477143380355786,0.014806856906204287,2.8966450560573118e-39,0.00998943366661699,0.0043640526046751435,0.0043745179586431905,6.22305211875828e-103,0.008774531516553845,420
0,wfpt,24.5,0.9360470403759424,0.0,0.02026855214002319,0.07132492287642064,0.03247596224424172,-0.15480791606234323,0.8166505380871094,0.8162119030107624,1.490193199619165e-70,1.1115968752207193,0.8852253831676314,0.8849508027445876,2.128160073689213e-140,0.8301745423046158,2.0615528128088303,0.04585088118924569,0.0,0.009849986913011593,0.004526131141141791,0.01730879135558189,0.019196048552199568,0.016382169475051268,0.016421361268053783,1.4857707742225004e-70,0.014782845190148074,0.007015120724729998,0.007031903310195858,2.126566425015599e-140,0.008306182620526514,421
0,wfpt,24.5,0.03634198249066786,0.0,0.0013957075636147906,0.12106007209776261,0.4212219300335141,-0.00551115814594746,0.3598549068496132,0.3583234592583444,2.309077595549662e-39,0.9982665125630654,0.8066884442503216,0.8062259764135998,5.1791540636365386e-133,0.8111501283539796,2.0615528128088303,0.001141072099218354,0.0,0.0009598161536564068,0.006128354395819246,0.04205457524579341,0.014317083605308955,0.003281056849457116,0.0032889062677572546,1.4262655703467783e-39,0.011021055696400007,0.0023371341427987054,0.0023427253728054015,5.17909125115866e-133,0.009181088046588959,425
0,wfpt,24.5,1.3400858102867885,0.0,0.1375782804632957,0.008048203244369449,0.17285362151398012,0.07588081253520194,0.8170538647592036,0.8166161945792019,8.133750651061652e-85,0.9322185239850334,0.9202476292614982,0.9200568341161908,6.692253778057132e-172,0.9434117558132464,2.0615528128088303,0.05052276021904049,0.0,0.037678856562153556,0.004427346167633841,0.037373813526214605,0.01205306103672963,0.013540805312552058,0.013573199583634734,8.13374872080693e-85,0.009483226826541838,0.004703187048440695,0.004714438692097247,0.0,0.009955565791394613,427
0,wfpt,24.5,1.5285122601204728,0.0,0.026307893207836407,0.08078198030565704,0.07232389641273188,-0.07272085503851293,0.8823901026527206,0.8821053329254872,1.0273438259587476e-123,1.0455567396702872,0.9032899028388408,0.9030557379546735,1.8588371680535585e-162,0.8254698868523017,2.0615528128088303,0.052436286278958716,0.0,0.016572698845740752,0.004486078642862285,0.02498204139192607,0.01811916105276145,0.008843352906254926,0.008864765383025514,1.0273430433762828e-123,0.013585634561249761,0.005229761932857885,0.005242424794680781,1.805777744505737e-162,0.00789193225215351,430
0,wfpt,24.5,0.38808231991627146,0.0,0.014563191702199609,0.10014392195951347,0.158448720757161,-0.14845299565785167,0.572443207748569,0.5714129504178425,4.0514160911875004e-40,1.097434956777328,0.8006591336863711,0.8001787942494706,2.233263751579457e-125,0.779094980013877,2.0615528128088303,0.023008579031487755,0.0,0.010245861269893226,0.004912149673527546,0.039089993965902854,0.01666414186959774,0.016914954169480193,0.01695571309518978,4.049667148034062e-40,0.012987007053752116,0.004717017266032409,0.0047283835726975474,2.1489288877084652e-125,0.008728445440473185,441
0,wfpt,24.5,0.256694822117727,0.0,0.057553198157081195,0.047209108756995785,0.1884807112060348,-0.10767405759414109,0.5307555155632897,0.5296329211029148,1.6988095778747865e-51,1.073786466968003,0.7901146807685877,0.7896125627799958,1.4167301088604228e-127,0.8785995752888313,2.0615528128088303,0.016519122551130912,0.0,0.014966989634050186,0.004111200328365579,0.03255297082231721,0.014262142063130883,0.013814243724877912,0.013847292154841744,1.64398314124121e-51,0.011101814175590054,0.005218292447996048,0.005230776401220919,1.0881356719834653e-127,0.007575158982394043,449
0,wfpt,24.5,0.06678195633410941,0.0,0.005883616481339767,0.10401800757351223,0.35365623638122046,0.055210778644208675,0.47841245037469393,0.4771616409031703,6.791691611659565e-54,0.9519036066050406,0.8618318099527129,0.8615004713674678,6.245449202417693e-160,0.8217915487955391,2.0615528128088303,0.0035337629098124443,0.0,0.0054061768066832605,0.005517017897308386,0.04676420470344991,0.013064408360169654,0.009730137707698636,0.009753471371266257,6.024278113301968e-54,0.010198599970255797,0.0025518470329127744,0.0025579665701619654,6.218541725023523e-160,0.0092113031692267,451
0,wfpt,24.5,0.11975790688940288,0.0,0.03211383705931933,0.09433387280778241,0.31460782745996235,-0.11079192816578014,0.3733741725920513,0.3718605836369594,1.347903797455126e-32,1.075284135022568,0.7206401320445761,0.7199653497548287,3.81795688029964e-103,0.7957166460416261,2.0615528128088303,0.00935448091146262,0.0,0.019981233585077897,0.005812220963204591,0.042385586980997904,0.015844106904618342,0.011690682982700606,0.011718921347393123,1.0793610207757614e-32,0.012448272068873497,0.0038264214693484017,0.0038356640332840256,3.7894453319620423e-103,0.010289632406980326,453
0,wfpt,24.5,1.013229512522006,0.0,2.217927415469462e-25,0.2032307166740359,0.029231718035187832,0.23170978295839895,0.6300880652410695,0.6291967111814093,5.473063538567168e-51,0.7961161531532339,0.7300009320690112,0.7293503319053223,1.564189803232772e-91,0.5662339792467386,2.0615528128088303,0.047718289445830356,0.0,1.894823591587381e-25,0.004843352637712566,0.013280580034815857,0.01884007116858018,0.01272338943902675,0.012754048208759344,5.473063496222166e-51,0.014669449034488224,0.006642477470648787,0.006658483440457581,1.4595343342662967e-91,0.009188281523500718,456
0,wfpt,24.5,0.06537303222215318,0.0,0.044367052131104236,0.07393707712808936,0.35213549080828216,0.029797560803680522,0.5910235290012444,0.5900036375523698,6.647379793169908e-63,0.9745027837230711,0.8881493732806359,0.8878704440369467,5.88791223592542e-159,0.8830548044007623,2.0615528128088303,0.007759316243251237,0.0,0.024891681056022415,0.006400423012465842,0.04628702141323269,0.01491932605723508,0.01520240449954644,0.015240315732712395,6.39610211634058e-63,0.01147953053402984,0.0036300895034787175,0.003639142095756718,4.241435315448915e-159,0.009999073440234098,467
0,wfpt,24.5,0.12880612045703108,0.0,0.003380845927324347,0.09172836752567873,0.44561907381102195,-0.000528489427216034,0.41587848453425624,0.4144810646407975,8.343072977182651e-35,0.9919050256157422,0.6656692497994904,0.6648694154688672,4.761939131083434e-87,0.7903789518314678,2.0615528128088303,0.011251730679804181,0.0,0.0020435032308241583,0.004407422766317418,0.04450566569843221,0.01276520220345472,0.013370731258640571,0.013402718653996169,7.935049365577715e-35,0.010162370875956282,0.004682573605338434,0.004693775934537806,3.734053488718926e-87,0.008903624021975483,469
0,wfpt,24.5,0.07898506533659728,0.0,0.00027852651298929847,0.11634373071838575,0.42584942818599847,0.008483283961107762,0.3790487592341086,0.37742323242582065,1.7106743203678922e-32,0.9857299595791039,0.7348668912390746,0.7341728255093339,1.1216226751396749e-98,0.7790681191194693,2.0615528128088303,0.006102779522475359,0.0,0.00016969092736313925,0.00514983150399791,0.04201081671910306,0.0144541344139483,0.012436634175127548,0.012469190809093856,9.738296727998511e-33,0.01139405658736732,0.0039878965812498324,0.003998336101096033,1.0480416330766332e-98,0.00935004239783196,471
0,wfpt,24.5,0.053755135870902374,0.0,0.005121600917426035,0.0835759558059541,0.42900500785796225,-0.06242940016163452,0.30441885065590385,0.30275478092063096,2.2571386741508498e-32,1.041656482996731,0.7204651156723102,0.7197963719298996,2.8993782483792513e-112,0.7859642447086965,2.0615528128088303,0.002261384775142742,0.0,0.0047623043632092354,0.0038956493865797037,0.04289468977460492,0.014539391286478983,0.005671486141536467,0.005685054290200429,6.485276413705801e-33,0.011796977589907385,0.001852043382069726,0.0018564741078641459,1.9099299124480237e-112,0.009047268663019956,473
0,wfpt,24.5,0.19974334756834156,0.0,2.3356978356970035e-14,0.16407476252559647,0.2608339524950542,0.1090736533996333,0.4216638003905428,0.4202702191866647,1.5878744578367475e-38,0.8954023606628649,0.6891290368920258,0.6883799502339341,2.256150951442609e-98,0.6175113375622878,2.0615528128088303,0.011367361944247152,0.0,2.327577324741933e-14,0.003686527382438826,0.043861619928437914,0.01341737815413241,0.009092958029215172,0.009114868771454246,1.5542901619916103e-38,0.010734290637219977,0.002713473855678276,0.002720012346896778,2.0473635288823514e-98,0.007781348621978722,477
0,wfpt,24.5,0.8105406126931284,0.0,1.364993506550077e-05,0.08103839556336306,0.10659574240894953,0.0814650406518756,0.7545129810156251,0.7539242831283727,8.356880053264758e-85,0.9227068201867715,0.8757381095346873,0.8754401193896865,5.666378697744619e-147,0.7634172444053992,2.0615528128088303,0.03980499684415902,0.0,1.3455680343415493e-05,0.003462983704090345,0.026370510159843208,0.013693217357403175,0.013109267657707684,0.013140704750412019,8.356848624855395e-85,0.010949511658131498,0.005234736053607721,0.005247289377477286,5.665183677942695e-147,0.008833749934136917,481
0,wfpt,24.5,1.8395665052048213,0.0,0.010199420098953754,0.07798375892965574,0.2988574796488569,0.008265490827717716,0.708138400231517,0.7074368098474579,1.5495429253229768e-64,0.9735923894060825,0.7120097122373774,0.7113174278917939,1.2368641913628213e-79,0.7706449174393423,2.0615528128088303,0.06391385742773871,0.0,0.0067591483088961365,0.0035308343400739777,0.040184130215119226,0.011881289876930571,0.01531829926101365,0.015355122095775704,1.549542918318158e-64,0.008910854972634165,0.010676944432759324,0.01070261016456884,1.2367584813530127e-79,0.006905063405070878,484
0,wfpt,24.5,0.22440400888726691,0.0,0.017426579863837652,0.13326697516937888,0.36334276832564855,-0.006189716721366225,0.49935259878168703,0.49815487772614087,1.9056300053034032e-39,0.9933585003428551,0.7714786257460662,0.7709319238937843,4.299561636985184e-114,0.7535289506400105,2.0615528128088303,0.016508721743099117,0.0,0.014087692562926486,0.005671311871229733,0.048965301273702445,0.017995992616943988,0.016733476848478403,0.016773509089742702,1.5589272165173735e-39,0.013957661052637385,0.005492871974532074,0.005506012816576404,3.330220316908294e-114,0.009594090017110816,489
0,wfpt,24.5,0.5951867309878306,0.0,3.152267715065193e-14,0.17544020466144483,0.2130320065949006,0.11716389993427608,0.5523254478782517,0.5512362153913373,9.435385637193691e-47,0.8876721172326627,0.6909727806904498,0.690220889645901,9.572319236086572e-82,0.6038358236885562,2.0615528128088303,0.02703187799367796,0.0,3.152250861306585e-14,0.004570183284972132,0.04431089419789894,0.016858114939610397,0.0113124199107408,0.011339944046776667,9.339995959776167e-47,0.01321266328340897,0.004760859297338261,0.004772442896601864,9.572319236086452e-82,0.008930081983928296,492
0,wfpt,24.5,0.06176551984703767,0.0,0.03292962232177231,-0.08764604454913377,0.031670600899134906,-0.13799782674239536,0.8153439714905432,0.81490115127829,9.402556290201498e-107,1.1075589181877026,0.8818122176558311,0.8815287937173559,7.495016818230226e-166,1.14821883952965,2.0615528128088303,0.0058487376584587135,0.0,0.020114616016241087,0.0068895867829919825,0.014176265924695624,0.02379690613083331,0.007251569702811719,0.007268959558214145,9.402556290201498e-107,0.01876906323265132,0.003783617969345899,0.003792691393732815,0.0,0.013225872294854028,495
0,wfpt,24.5,0.9058313599675827,0.0,1.1372722892347097e-15,0.152057103240994,0.039647079189595355,0.17546772232661817,0.499990340244435,0.4987941448861681,3.161167943809012e-42,0.8369597197269272,0.5483421667099738,0.547261645577701,1.0516252695838384e-59,0.5624533199517687,2.0615528128088303,0.034240518950054984,0.0,7.342318002634718e-16,0.0027208374354620543,0.01984611219961256,0.009436706131648844,0.01088880236057333,0.010914852126986185,3.161101188878905e-42,0.007574804482622047,0.0068126736993503025,0.006828971961788941,1.0515975586768563e-59,0.0073308557997149556,500
0,wfpt,24.5,0.217236400427717,0.0,0.0023151046661633676,0.07230683670963524,0.30638071039759757,-0.008682877993586871,0.551290839670197,0.5502173727794558,3.152077187572557e-58,0.9947774230330917,0.8275911371292907,0.827178675734863,1.4847095817252102e-147,0.829939578986509,2.0615528128088303,0.014851105976194741,0.0,0.0009150003828688831,0.0042008120372480084,0.03968808114727988,0.01373911556644051,0.00954538408262228,0.009568219929709895,1.8639622052540705e-58,0.010697561560781986,0.0032238070657093546,0.0032315195228043493,8.163801542306937e-148,0.008190980864066725,501
0,wfpt,24.5,0.3239693753295092,0.0,0.00013280223668349052,0.08258267443322588,0.29279413589227427,0.023556623370034297,0.5555592952053476,0.5544726431153854,2.569377464221687e-47,0.9674122402481221,0.7769226928025182,0.7763772715135271,2.120791737448644e-119,0.7571362595071824,2.0615528128088303,0.022112222276916543,0.0,8.370054649637385e-05,0.0032847788874306887,0.04378084926633617,0.013307743609462628,0.01124767569130268,0.011275176120865772,2.569376757264658e-47,0.010734275226251618,0.0039525443202578,0.003962208242801219,1.7870831800567347e-119,0.007901313314429273,502
0,wfpt,24.5,0.2738110276369294,0.0,0.03130555092442896,0.07525652358880063,0.13223725242670295,-0.15121073671649218,0.46709442223995745,0.46581952851325875,4.3814073655906114e-36,1.1012090213017782,0.6917472784441562,0.6910098317418695,6.529115093749382e-92,0.7955099887864371,2.0615528128088303,0.016143191404626472,0.0,0.013181668289070712,0.0046700078259645705,0.031044558098540485,0.019014864320428808,0.011322198211633355,0.011349284810225782,4.381407330808372e-36,0.014848478226761743,0.004770539913225615,0.004781952688137629,6.529107609145799e-92,0.008727110892857614,504
0,wfpt,24.5,0.7125792179956864,0.0,0.033687412117795,0.0628848106087768,0.175555165105448,-0.052077509536606545,0.7263482189796835,0.725679143720465,4.862356351507806e-66,1.0317344734547655,0.8012349408813347,0.8007489627416807,4.3647611040937385e-112,0.8309267938352741,2.0615528128088303,0.03493967022363807,0.0,0.015226358137889646,0.003964972306817387,0.03624429165587705,0.01742266593920236,0.0151881266420162,0.015225261425982012,4.86235584720396e-66,0.013625689674979926,0.007947327628137048,0.007966758747032251,4.364760541818717e-112,0.008400800364671128,505
0,wfpt,24.5,0.1112487034587223,0.0,0.003228188833696627,0.0880416199287084,0.25352613578202376,0.055511506274049216,0.5384784226111899,0.5373716562385549,6.270662049018777e-52,0.9498558740998132,0.8431232075194771,0.8427470041801952,7.652186035982979e-109,0.8071290322981018,2.0615528128088303,0.008251059979248465,0.0,0.0028396169618962633,0.005022617001432087,0.043062468433297724,0.014266153313679836,0.012274875590725499,0.012304311743221238,6.270652986160167e-52,0.011429715015527241,0.00416487475726579,0.004174862466515831,7.652186035982979e-109,0.010196132633984141,507
0,wfpt,24.5,0.08957321259545166,0.0,0.026301954975197793,0.06926083135268916,0.23869224494042868,-0.11265164462944206,0.4198209379767755,0.4184229161405751,7.905568958714337e-38,1.0820568260901888,0.7421501509903132,0.7415288260529406,2.4024617787882386e-113,0.8300097169662161,2.0615528128088303,0.006798311562203443,0.0,0.01806398573365476,0.0044144987707883734,0.040611230018277156,0.015187796274673948,0.015156664259613468,0.015193186342166752,3.6069362052275987e-38,0.01221051822881348,0.0033167839448583953,0.0033247761953279324,2.382187646719756e-113,0.00924452896532598,508
0,wfpt,24.5,0.19994524427045118,0.0,6.271248792291654e-08,0.10298920391764507,0.38934061052504637,0.0367939987585155,0.49601236876899757,0.4948037653367887,4.366163049967844e-41,0.9615584257182991,0.7510516800798581,0.7504546817107457,5.855748466056989e-101,0.7446572938649848,2.0615528128088303,0.016521589668273946,0.0,4.968934594136696e-08,0.0037464900834255238,0.04651132563864876,0.013386696517167701,0.01624939896188286,0.016288366345484494,2.902761128279263e-41,0.010809426379289975,0.0059259750591147105,0.005940186030479495,5.855660279918978e-101,0.008813138323212887,509
0,wfpt,24.5,0.1314285975844637,0.0,0.0001494719571698701,0.10723530049816662,0.3568169969061861,0.022408757722122745,0.40724602341567345,0.4058279517013568,2.7665623446502374e-34,0.9738436530986221,0.676721658591363,0.6759482654300981,2.384986246168663e-87,0.7549147103357424,2.0615528128088303,0.009787790039029258,0.0,0.00013308571867965598,0.004508151524107698,0.04207770386415686,0.014353692096560986,0.012080230682446891,0.012109130755849875,2.5869570437089773e-34,0.011504369998796164,0.004668607062532848,0.004679775978950391,2.3840084052648417e-87,0.009472636601932276,510
0,wfpt,24.5,0.3871713377436285,0.0,0.000550942685979068,0.08745740283900913,0.33093665003610956,0.04296191744347731,0.4824928512463908,0.4812547958665977,1.17288354835628e-39,0.9531975663957724,0.6698420496168968,0.6690521980609561,1.0362677388581112e-79,0.7652985281932696,2.0615528128088303,0.023968421356542778,0.0,0.0002857712208231948,0.0037017641075057645,0.04138318374457225,0.013074874781054688,0.013029818769698455,0.013060990584936967,1.0784250267708758e-39,0.0103357929023758,0.007285514985094996,0.007302944446781828,1.0361519142267843e-79,0.008371991245127728,551
0,wfpt,24.5,2.017767291983384,0.0,1.4542016829797901e-05,0.13132418621507086,0.14440526297045617,0.029063370570515234,0.8211117155457118,0.8206446443069276,1.257516984406212e-65,0.950710556297924,0.86157676006541,0.8612153416843803,3.7075168207887784e-139,0.670295935903427,2.0615528128088303,0.07166127006238929,0.0,1.4541970234107513e-05,0.0039796060857809415,0.03380564365170467,0.02286869402283929,0.01197576149902433,0.012007029805810296,1.2575169844062124e-65,0.017581105000981912,0.0042821677902028085,0.004293348384955292,3.2186404016054572e-139,0.008083516563005298,556
