,index,log_slope_pval,log_int_pval,log_rsq_adj,log_slope_val,log_int_val,log_rsq,int_pval,slope_pval,rsq_adj,slope_val,rsq,int_val,subj_id,sub_id
0,wfpt,3.3957878612404974e-07,0.0,0.00012081749089754013,0.0171294999843973,1.240145072535785,0.00012564784844759647,0.0,5.615601767461755e-16,0.00031187564471280016,0.023524030252370133,0.0003167050792721726,0.5281041327021391,0,s005
0,wfpt,0.3399553749741111,0.0,-4.382186495899276e-07,0.002195838179811613,1.2651681648084634,4.4637683122017435e-06,0.0,0.2971798629828497,4.255513652573484e-07,0.002341016972243513,5.327534092880448e-06,0.5861838646151236,0,s007
0,wfpt,9.202171639049252e-05,0.0,6.855352828583072e-05,0.01057637901506657,1.291855589215948,7.33493855631373e-05,0.0,1.2272288617461675e-05,8.6905919778002e-05,0.010197634143604889,9.170168903382958e-05,0.6898954178874452,0,s009
0,wfpt,0.0,0.0,0.010701897835019292,0.15285839891385097,1.0721384382369035,0.010706608800796102,0.0,0.0,0.013262979744557257,0.14823791594320618,0.01326767851464783,0.4685460753296549,0,s011
0,wfpt,0.6163199578174263,0.0,-3.6093094115674518e-06,0.0012098560465675498,1.2471645896883414,1.2100083167654319e-06,0.0,0.7032424053331165,-4.119934695179239e-06,0.0008791937487671302,6.993854939629784e-07,0.5068904724092009,0,s012
0,wfpt,0.034731606534693205,0.0,1.6869948981868e-05,0.006532040967961708,1.2567328133447986,2.1747939265015503e-05,0.0,0.02989654381438611,1.812315998250824e-05,0.005751894208968204,2.3001144152434705e-05,0.5512135453135573,0,s014
0,wfpt,5.910453000427727e-11,0.0,0.00019974340537887159,0.020943338817365147,1.2181231149244542,0.00020451574441915366,0.0,5.0371699658950743e-14,0.0002659116933624306,0.021925408095905534,0.00027068371656213674,0.46808587226300313,0,s015
0,wfpt,1.3353095396335484e-110,0.0,0.0023758249288415856,0.06469033463659535,1.1850812244582003,0.002380586880808333,0.0,1.7275331600386568e-169,0.0036643385474937062,0.07104955551985478,0.003669094349008084,0.5185497724865842,0,s017
0,wfpt,0.49659555212449413,0.0,-2.5609426237416244e-06,0.0016522170855285817,1.2529113766494082,2.200997009094152e-06,0.0,0.9192562829231146,-4.713015984370017e-06,-0.0002352655086800921,4.8933896379388386e-08,0.5150138399152161,0,s026
0,wfpt,0.0,0.0,0.3408111123263793,0.5906914707085191,0.5388615390483669,0.3408142739189417,0.0,0.0,0.3495845277022629,0.584905584394358,0.34958764721589264,0.3093634377300364,0,s027
0,wfpt,0.00040653575988767614,0.0,5.543005563501957e-05,0.010678272821356461,1.2592596127477256,6.0249088834951614e-05,0.0,7.281554416612203e-05,7.101639637063784e-05,0.010618791582425013,7.583535445532252e-05,0.5752115130784847,0,s028
0,wfpt,0.3113941529749834,0.0,1.1817851408579827e-07,-0.003223062952611766,1.2775849098087524,4.891470423928901e-06,0.0,0.2353863200155997,1.9476061478007622e-06,-0.0032551924920107746,6.720889325295687e-06,0.5800500508175588,0,s032
0,wfpt,0.8719487367112518,0.0,-4.638232927955954e-06,-0.0004171226024260559,1.2619024154192857,1.2371659663390489e-07,0.0,0.9226803375823545,-4.7170910120186704e-06,-0.00023018597240027135,4.48588880486156e-08,0.5386191568855812,0,s034
0,wfpt,1.329942309435726e-06,0.0,0.00010681856877392537,0.013325132408109425,1.2265341780284622,0.00011159135137162046,0.0,1.3809308296437527e-08,0.00014898347770719855,0.014562352146648548,0.0001537560590394449,0.4708562032942827,0,s042
0,wfpt,0.09357118290512283,0.0,8.669164633157145e-06,0.004226571064287012,1.2386110468544786,1.345383504225417e-05,0.0,0.03167555259096494,1.7301377951306485e-05,0.004729070926344045,2.2086007057775525e-05,0.48313406444758483,0,s049
0,wfpt,1.2628524662855382e-05,0.0,8.62304566303651e-05,0.019582820709436573,1.2430010881966709,9.100333750111655e-05,0.0,2.7136355781050324e-10,0.00018552465978038946,0.02338376754433555,0.0001902970666909365,0.5451092554229702,0,s060
0,wfpt,0.005655445556801057,0.0,3.1851267217386514e-05,0.006854082894262268,1.2357651275550747,3.6635826706876706e-05,0.0,3.715704022523134e-05,7.660733473491277e-05,0.009776725430357925,8.139168007947895e-05,0.48371578961957246,0,s062
0,wfpt,0.11775493307129402,0.0,6.906670945938664e-06,-0.005182699353611357,1.2635678170634037,1.1679930452368481e-05,0.0,0.17554025832132897,3.985655451455017e-06,-0.0040830482235516535,8.75892890073171e-06,0.526724935658228,0,s063
0,wfpt,0.8029608536707801,0.0,-4.7723148377532e-06,-0.00047306099823679355,1.1892735274955362,3.1684567025624943e-07,0.0,0.9357980768303791,-5.056088574484363e-06,-0.00015475258932016642,3.302157935980432e-08,0.3193802411793586,0,s065
0,wfpt,0.8819532562417679,0.0,-4.735878792905268e-06,0.0004783778272884412,1.2796304695442906,1.0678260431440378e-07,0.0,0.9633212099916694,-4.832420892997291e-06,0.0001116259488091239,1.0240971848318736e-08,0.6166087850490733,0,s066
0,wfpt,0.27950474157167005,0.0,8.149191006445733e-07,-0.0029355579365366175,1.2803606106382475,5.6226306044404595e-06,0.0,0.360505889645903,-7.878223005075569e-07,-0.0022645954148973377,4.019896908791232e-06,0.6075073213056725,0,s071
0,wfpt,6.728445469756154e-08,0.0,0.0001349631779662408,0.015085862359962458,1.2499915595818343,0.00013975871673055362,0.0,4.489129716174684e-09,0.00016017701529513761,0.0147338656681886,0.00016497243312918464,0.5526498223043287,0,s081
0,wfpt,6.941438261671501e-19,0.0,0.0003703184262078274,0.029644280751767366,1.2230046493667017,0.0003750785902161269,0.0,1.0983633216602507e-23,0.0004744105000729082,0.028543822261523254,0.00047917016840226534,0.5164312126076627,0,s082
0,wfpt,0.3670524032410498,0.0,-9.004480643337587e-07,-0.00198101297177717,1.2485306950853032,3.930870934976127e-06,0.0,0.050376912720323706,1.3666129216272083e-05,-0.0035327849741567147,1.8497004408257745e-05,0.5064186556724583,0,s083
0,wfpt,0.10742827921598068,0.0,7.633904779091871e-06,0.0031964399579759613,1.203849322269245,1.2430054238343757e-05,0.0,0.27936998426591125,8.161098156156399e-07,0.002013043300032877,5.61229197426627e-06,0.36457827237272206,0,s084
0,wfpt,7.991281728262043e-75,0.0,0.0016004615443914183,0.03812819379005064,1.2572152823957798,0.001605250054352858,0.0,3.214282393371545e-107,0.002312843872365411,0.041122141728080125,0.00231762896560872,0.6697862510255386,0,s085
0,wfpt,0.005506509213511187,0.0,3.215863355721105e-05,0.007196306788051464,1.2612391698987642,3.6954665391220054e-05,0.0,0.041337371132287776,1.5166184601955734e-05,0.004727500400197051,1.996229793499449e-05,0.5820008278408639,0,s086
0,wfpt,0.22976517588643106,0.0,2.1316826347428375e-06,-0.003247867036207379,1.2758351353022874,6.950972695540791e-06,0.0,0.16107044744986945,4.646562255850029e-06,-0.0034399483545409894,9.46584019667629e-06,0.5885143177249288,0,s089
0,wfpt,0.0,0.0,0.031796815467219464,0.22409316405822985,0.9830413998688061,0.03180142598052915,0.0,0.0,0.03587681419445388,0.2174988815493039,0.03588140527910566,0.4343783156435721,0,s091
0,wfpt,0.0015225439305214415,0.0,4.3410304172653014e-05,-0.00947260845231352,1.2578492270805628,4.8206282041607373e-05,0.0,0.013539688777656536,2.444697973746912e-05,-0.0065536514370218135,2.9243048558003082e-05,0.48912763270893134,0,s092
0,wfpt,5.4381928130445823e-05,0.0,7.332621306233023e-05,0.015295900994645499,1.23657070560222,7.812204744894746e-05,0.0,5.3083441873717446e-05,7.354584415641963e-05,0.013335117324642737,7.834167748965726e-05,0.5087335663709801,0,s093
0,wfpt,0.24733845438718186,0.0,1.6108725489072384e-06,-0.0034210590345144145,1.2303267916526892,6.372792315745279e-06,0.0,0.23084044237969553,2.0746898766743627e-06,-0.0033213760491280784,6.836607434834718e-06,0.416159245315486,0,s094
0,wfpt,0.29154254861227114,0.0,5.35668545409429e-07,0.0031667892585464583,1.2669316728386726,5.297593432374015e-06,0.0,0.14554087692109274,5.325667933986367e-06,0.003827417744896793,1.008757001130789e-05,0.5674238524649431,0,s097
0,wfpt,2.764356136288832e-20,0.0,0.0004294652100093055,0.016224499147583712,1.1744395648269932,0.00043456758483151336,0.0,8.384396860443158e-09,0.00016419196075956322,0.010635815885153525,0.00016929318988834208,0.35750328328826114,0,s098
0,wfpt,0.7934663881113209,0.0,-4.435537476421558e-06,-0.0007736787449901805,1.2650849332035476,3.264110830514255e-07,0.0,0.9253051423168654,-4.720093806032111e-06,-0.00024673887837543037,4.185610846807464e-08,0.5494881734816067,0,s103
0,wfpt,0.8748143996039963,0.0,-4.643842295370959e-06,-0.0003223491628123708,1.219828960568142,1.1819796186252063e-07,0.0,0.7264771943219644,-4.1792222025272e-06,-0.0006585391920861054,5.827251362555685e-07,0.409987677300218,0,s106
0,wfpt,0.0,0.0,0.01808711196625512,0.1343200104633782,1.122130806830978,0.018091798923653646,0.0,0.0,0.020720462019228836,0.1353276830162083,0.020725136406877342,0.5721940155645102,0,s108
0,wfpt,0.9992517462352,0.0,-4.9751695079258695e-06,-2.3884064175479225e-06,1.2030570717602613,4.374389739325579e-12,0.0,0.9557374413699709,-4.959847124341721e-06,0.00013644785562532498,1.532668181258856e-08,0.34125604705568513,0,s110
0,wfpt,1.3274906171503858e-29,0.0,0.000608797798601235,0.029939351207623935,1.2166453705653608,0.0006136025870964179,0.0,4.0142710957121595e-34,0.0007080835794210927,0.02609944779875896,0.0007128878905784397,0.510266036724862,0,s111
0,wfpt,0.6237996744731797,0.0,-3.6163928716081983e-06,0.0016086126806829047,1.2507914604945771,1.1455517870961884e-06,0.0,0.2891535460840106,5.884024081304062e-07,0.0030656603997068856,5.350327043962544e-06,0.5062355911714278,0,s112
0,wfpt,0.0012127296792482994,0.0,4.531460554857425e-05,0.007805341107263743,1.2356201050077933,5.009910061981593e-05,0.0,0.0002769645795441094,5.846833464262513e-05,0.008132952552405023,6.32527667770999e-05,0.49295812706966136,0,s121
0,wfpt,0.24133586258658712,0.0,1.7751559847623e-06,0.0031051633405671667,1.231603558627035,6.537074969337198e-06,0.0,0.09699749528706789,8.353564213692266e-06,0.004185271512906032,1.3115451872325323e-05,0.45087688390589786,0,s128
0,wfpt,0.00021640146915141874,0.0,6.068324868491182e-05,0.009674354254645665,1.2300461318993303,6.546767022164168e-05,0.0,3.571418015042887e-05,7.696716120386693e-05,0.01036037496631417,8.175150482681026e-05,0.47482029159910444,0,s129
0,wfpt,0.013405351351465944,0.0,2.4356389481727803e-05,0.006150275615836823,1.248379882805376,2.911822361162386e-05,0.0,0.07933093170635287,9.897977058082041e-06,0.00371505451922632,1.4659857362375739e-05,0.5272262059644061,0,s142
0,wfpt,0.010850712666565145,0.0,2.6648556520458833e-05,0.005753113501532198,1.2238395584755284,3.150281965491608e-05,0.0,5.9088835502283434e-05,7.345274147096958e-05,0.008550866913560148,7.830677739950609e-05,0.44033136279763885,0,s145
0,wfpt,0.3333693827001478,0.0,-3.058623752050238e-07,-0.0026063408628250496,1.2720116725562858,4.456066518998547e-06,0.0,0.48728803052819003,-2.4642525029427986e-06,-0.0016715977397719398,2.2976866693724673e-06,0.5594202078421184,0,s149
0,wfpt,0.0037534863032571172,0.0,3.540356046138893e-05,-0.00772546608559916,1.2622030419274097,4.018810295414177e-05,0.0,7.308412323840687e-05,7.047340000521096e-05,-0.009668385025098168,7.525777469885586e-05,0.5240395409219918,0,s161
0,wfpt,0.19121113005734797,0.0,3.4051600313889097e-06,0.0031119128666513233,1.2513251827557244,8.212859082035173e-06,0.0,0.013633578326559108,2.444704528048458e-05,0.005638298890594832,2.9254643167719863e-05,0.5264628563250849,0,s163
0,wfpt,0.003452156126912376,0.0,3.5959880903435604e-05,-0.0099929839166896,1.2902901902287187,4.072163710278076e-05,0.0,0.01673067910115165,2.24972169639015e-05,-0.007090216058103039,2.7259037271520903e-05,0.594841857046849,0,s165
0,wfpt,0.09525606334155556,0.0,8.491644785002528e-06,0.005699706175517474,1.2273134952782905,1.325353178616151e-05,0.0,0.023813888339073615,1.9562617946999872e-05,0.0068608505380141,2.4324452228996485e-05,0.4378402791765014,0,s168
0,wfpt,0.005266729174278246,0.0,3.497665576857045e-05,0.00842179293331742,1.244524524917828,4.013114122125572e-05,0.0,0.004550479197217797,3.6339807295893145e-05,0.007325556360064277,4.149428572197689e-05,0.5246462841515607,0,s170
0,wfpt,0.5907076724361073,0.0,-3.3845925786479825e-06,-0.0012974722329465206,1.2379790188628839,1.377350976161651e-06,0.0,0.6584341096866311,-3.831309734581012e-06,-0.001043777207053096,9.306359476379811e-07,0.4583513330503352,0,s173
0,wfpt,0.2089998669783702,0.0,2.7939695118606167e-06,0.0035236647501657344,1.2576725552762362,7.624897226610194e-06,0.0,0.1888223309218366,3.511085892693444e-06,0.0034392841265515257,8.342010143103096e-06,0.5442573007336926,0,s179
0,wfpt,0.3676574682082602,0.0,-9.103027913681672e-07,-0.002036889819961845,1.2182466694357226,3.920689495062746e-06,0.0,0.7215179228334232,-4.217220268776245e-06,-0.0007869075390316062,6.137413165463457e-07,0.40845601211100335,0,s180
0,wfpt,0.1801178701257342,0.0,3.8026922009049002e-06,0.0035739721924417864,1.2525762928403052,8.575966523483025e-06,0.0,0.12719063286402765,6.331641314916148e-06,0.0038429933697108542,1.1104903566150348e-05,0.5273219082304081,0,s182
0,wfpt,0.0007716761176326015,0.0,4.932068944574208e-05,0.010420453436338316,1.2749458794730781,5.410516534898324e-05,0.0,5.475381051458741e-08,0.00013655086442632136,0.013844976323773343,0.00014133492295831385,0.6244303516258207,0,s184
0,wfpt,0.2940299073538502,0.0,4.813465112052384e-07,0.0028865511077867598,1.2629679344179623,5.243271656740767e-06,0.0,0.6533466505482073,-3.801425824789817e-06,0.001100395611304214,9.605197150985845e-07,0.5590984129474668,0,s187
0,wfpt,1.647261706651164e-05,0.0,8.361177847626688e-05,0.010560148995777605,1.2540970667408065,8.837330776079177e-05,0.0,6.701133054759068e-06,9.179076298071465e-05,0.01068476068089517,9.655225331750561e-05,0.547978337789157,0,s190
0,wfpt,2.6208299554868845e-07,0.0,0.00012205477957949462,0.012990568889454206,1.2321268016137927,0.00012683890747111626,0.0,4.636892430706108e-10,0.0001809639248592232,0.015034737086454964,0.00018574777088753436,0.49086237819277895,0,s192
0,wfpt,0.32493581021770135,0.0,-1.574608330390248e-07,-0.004489821963476779,1.2961795815877803,4.9187078655643646e-06,0.0,0.6031266096647145,-3.7040587901326916e-06,0.0021749761829295174,1.3721279117362428e-06,0.6744061958373575,0,s196
0,wfpt,0.644631623733718,0.0,-3.748906815648212e-06,0.0013137847950025205,1.2743907049580683,1.0130384739959197e-06,0.0,0.6318662001945821,-3.6688917919303066e-06,0.001217848702777689,1.093053116685283e-06,0.5845646358279974,0,s198
0,wfpt,1.094241741375135e-19,0.0,0.000387696124943937,0.030693065551533383,1.1918391086107771,0.0003924562062008752,0.0,1.9817299598727696e-27,0.0005557330911163394,0.03309864855828088,0.0005604923721933552,0.4135125686520835,0,s205
0,wfpt,2.7550787728960493e-08,0.0,0.00014465372471650362,0.013786056054563962,1.212369007434869,0.00014949566267385972,0.0,6.641389625014527e-13,0.00024523944100629524,0.01672199122540942,0.0002500808918634023,0.42964668281625823,0,s206
0,wfpt,1.323374328754769e-33,0.0,0.000706889627127838,0.03997607701291998,1.2081497600540667,0.0007117642514449241,0.0,3.848911822497331e-40,0.0008527131745817984,0.03820381108116002,0.000857587087561118,0.5071815613348771,0,s207
0,wfpt,0.011205356836281585,0.0,2.5930570685450682e-05,-0.006419069809331223,1.2412453913021857,3.0703739385185e-05,0.0,0.010208091669881379,2.672178624341104e-05,-0.006328403190304397,3.1494951166499696e-05,0.4548668435339809,0,s209
0,wfpt,1.3268377031087324e-24,0.0,0.0004943448960671448,0.024310506046285534,1.2886406555596017,0.000499104514800286,0.0,2.981038746636479e-44,0.0009220128744666933,0.027985455026638798,0.000926770411346034,0.7376272641483184,0,s212
0,wfpt,0.8239735874934413,0.0,-4.547992616954488e-06,0.0006780082770060473,1.2596009801254948,2.367410325554431e-07,0.0,0.7673999584031969,-4.366142370759718e-06,0.0008168602515636024,4.185904084463843e-07,0.5360341169389169,0,s216
0,wfpt,0.020707204829540648,0.0,2.127765240600432e-05,-0.00776122943253886,1.2853017633459336,2.6167547820254988e-05,0.0,0.026704128268546814,1.9119092571129315e-05,-0.006655686811235349,2.4008998540825388e-05,0.5948711033435243,0,s218
0,wfpt,2.003198989572863e-180,0.0,0.0038942411461947435,0.06948232851365121,1.1638854260410365,0.0038989845295387404,0.0,9.573205219465862e-250,0.005405796174964728,0.07619798719413484,0.00541053236039335,0.4603568231083881,0,s226
0,wfpt,6.513438528971561e-168,0.0,0.0036212308016160266,0.08072649812275687,1.165602882830783,0.0036259754850154202,0.0,4.4156221254875903e-218,0.0047155784713218685,0.08098352708881776,0.004720317943517127,0.5203391444948751,0,s233
0,wfpt,0.5350446831771789,0.0,-2.9506089855857454e-06,0.0013618867864866012,1.2371589864307246,1.8455912389470086e-06,0.0,0.546523883971699,-3.0523853782327137e-06,0.0013111762694748494,1.7438153344651042e-06,0.46368319497391286,0,s237
0,wfpt,8.390350150170177e-05,0.0,6.889482784866452e-05,0.0096165687600296,1.2205207222493388,7.365642721424148e-05,0.0,2.814389587327543e-05,7.875614300456579e-05,0.009842034911487043,8.351769541126153e-05,0.44229737710262945,0,s238
0,wfpt,3.1492646595690396e-67,0.0,0.0014334722239687236,0.06099881707021911,1.1986185868245145,0.0014382615348420558,0.0,5.35565549560124e-86,0.001846157909092705,0.059615115250826245,0.0018509452406486604,0.5531836425234626,0,s244
0,wfpt,7.03078798390946e-24,0.0,0.00047861634891144256,0.03039721388237413,1.247356772731655,0.00048337599721282043,0.0,1.4330573317114498e-32,0.0006675466573837774,0.031206054422032073,0.0006723054060127076,0.6051418803158882,0,s254
0,wfpt,0.9177727772864331,0.0,-4.837903049725867e-06,0.00023202512205036316,1.219954396189627,5.2120069593541984e-08,0.0,0.9116346450514612,-4.82979800486838e-06,-0.0002460308178114717,6.02250749270894e-08,0.4239960641653054,0,s259
0,wfpt,0.26336512246485816,0.0,1.2066781248654124e-06,-0.0035769369314177096,1.2869134413844663,6.014387745167937e-06,0.0,0.265094900366353,1.1632743581735383e-06,-0.0030221928433064957,5.970984187197992e-06,0.6164702283904683,0,s262
0,wfpt,1.1908001758871312e-12,0.0,0.00024144404403836361,0.015151769091731876,1.1945490523880569,0.00024632093883281136,0.0,6.533880757841108e-05,7.270512084922576e-05,0.012919118532815662,7.757097077987218e-05,0.3657980713428838,0,s265
0,wfpt,0.9021729411195331,0.0,-4.6900034289532044e-06,-0.00027030954417979827,1.224516319836849,7.194634221718843e-08,0.0,0.9548771398600941,-4.7467038135629025e-06,-0.00012278133090299877,1.5246227613729957e-08,0.41889608139110446,0,s269
0,wfpt,0.9293049083299448,0.0,-4.724467902672558e-06,-0.00040936739001657535,1.3047869977060855,3.748203258879812e-08,0.0,0.9776903786801461,-4.75822615064736e-06,0.00010523413739792643,3.7239454853121856e-09,0.6887613332297335,0,s273
0,wfpt,0.015916373077435843,0.0,2.3024384330216918e-05,-0.007163336488679277,1.2542568574789799,2.780898605370119e-05,0.0,0.011112995978816565,2.606295273877013e-05,-0.007069482622816058,3.084753992366185e-05,0.4882739256916476,0,s275
0,wfpt,0.20793740744032616,0.0,2.9808683981169537e-06,-0.003565302711946456,1.2357454113292976,8.06993765112285e-06,0.0,0.26140259081436956,1.3298821261997773e-06,-0.002970210063287876,6.418959781262501e-06,0.4408965228263958,0,s277
0,wfpt,0.8467165499061604,0.0,-4.639230993364052e-06,-0.0004779984152487437,1.2741459096977363,1.8009169855393026e-07,0.0,0.7873518681851475,-4.468640261601209e-06,-0.0006740101857353397,3.5068160819662353e-07,0.5942962737832009,0,s284
0,wfpt,0.5951866637406249,0.0,-3.57058886857331e-06,0.0017634119414599546,1.2960116985878996,1.4045780258875595e-06,0.0,0.9394655235594569,-4.946481177325879e-06,-0.00020091736715708425,2.8692562326071425e-08,0.674195470794625,0,s285
0,wfpt,0.0,0.0,0.00754297601617393,0.09851418918990418,1.180365090445875,0.007547770564036882,0.0,0.0,0.014440332509187859,0.11614927506430686,0.014445093690002686,0.6352849909346279,0,s286
0,wfpt,0.40295825211831904,0.0,-1.4840484445777236e-06,0.0020462323314758496,1.2241495747946793,3.4542792626268692e-06,0.0,0.49080296829282455,-2.593761853297849e-06,0.0016109397710424524,2.3445469469196567e-06,0.4421553205741565,0,s291
0,wfpt,0.0037003484414287573,0.0,3.544279449030352e-05,0.007697177276250222,1.2415524759402885,4.0215917785468847e-05,0.0,0.02123293673507637,2.0561256127260563e-05,0.005638621805191785,2.5334450456382385e-05,0.49995522703414463,0,s294
0,wfpt,0.29108857770792473,0.0,5.744271477370333e-07,0.002184528961017726,1.2501967275691053,5.587508417725928e-06,0.0,0.7573694442732896,-4.534166908598536e-06,-0.0005437666068626289,4.784122731305018e-07,0.5333341902787027,0,s295
0,wfpt,2.472933504355834e-97,0.0,0.0020854442981366184,0.05927608872127957,1.1977831548807507,0.0020902076361749566,0.0,9.95376449316044e-224,0.0048502218968097255,0.07727182620971945,0.004854972037755978,0.5377858135959159,0,s301
0,wfpt,0.5610382830816169,0.0,-3.1603555514791992e-06,-0.0017653304216109491,1.2502735551131872,1.6129520077345916e-06,0.0,0.6536980161733985,-3.812585642082311e-06,-0.0011987048505074532,9.607250305299075e-07,0.5028116641248237,0,s305
0,wfpt,0.21182040732750262,0.0,2.661672624304501e-06,0.002736233515776603,1.2349588244045213,7.42358738736737e-06,0.0,0.023494935933927666,1.9674041161987788e-05,0.004226217732833061,2.4435874913408817e-05,0.4522872039703799,0,s307
0,wfpt,0.030632277246224356,0.0,1.778919997619255e-05,-0.005671138158398366,1.2610716652007286,2.2631752292667784e-05,0.0,0.0425252401409646,1.5080847011517129e-05,-0.0050687851500606385,1.9923412443501043e-05,0.5282441444105641,0,s313
0,wfpt,0.39212870644697106,0.0,-1.3088884756040642e-06,0.0020452620104316546,1.2385641407527457,3.5811173869637614e-06,0.0,0.498675459716974,-2.6515810835903153e-06,0.0015911528448041509,2.2384313447254556e-06,0.474452139432537,0,s314
0,wfpt,0.7049673227228366,0.0,-4.128440321160554e-06,0.001156471976868318,1.2479872653193136,6.908799089488937e-07,0.0,0.6246899344196166,-3.6659037894182234e-06,0.0013836036093389501,1.1534142116964574e-06,0.5102277826032067,0,s326
0,wfpt,7.746293344506249e-09,0.0,0.00016331088593857235,0.019608823387273405,1.238538922338905,0.00016836059169023088,0.0,2.936574981439083e-09,0.0001728431850582801,0.01744445676747006,0.00017789284266678251,0.5331232372014483,0,s328
0,wfpt,1.274556944660049e-91,0.0,0.0019604267265109776,0.0460950586794312,1.153710817727541,0.0019651906612947467,0.0,1.0162561586396111e-109,0.002356534026393464,0.04872186184764144,0.002361296070441332,0.35563490759123734,0,s329
0,wfpt,6.853561942341353e-12,0.0,0.00022253287588036574,0.01688016225381228,1.2370982998740372,0.00022736274204937512,0.0,2.1010709630626494e-17,0.00034316864289085647,0.0195439106867899,0.00034799792627560056,0.5275885450019575,0,s334
0,wfpt,0.7275983273766636,0.0,-4.307252452040444e-06,-0.0008045323816920913,1.219525912235734,5.947534756911566e-07,0.0,0.7847908092331292,-4.5364470804276635e-06,-0.0006217753763744576,3.655599709606605e-07,0.4025431198387325,0,s336
0,wfpt,0.041632078081889096,0.0,1.5254810780129802e-05,0.005311340811097161,1.216398321903212,2.0097375369676485e-05,0.0,0.08554694816883504,9.473384201430513e-06,0.004208944992654828,1.4315976788359386e-05,0.4085677326341404,0,s339
0,wfpt,0.3590613042317896,0.0,-7.581072567486302e-07,0.003159000349258194,1.2472964779187359,4.01518883597074e-06,0.0,0.31247889254541805,9.629666308796914e-08,0.002952242371858818,4.869588677403058e-06,0.500002841411527,0,s346
0,wfpt,0.2594744099443802,0.0,1.2962619155842958e-06,0.003318914984778482,1.241841221067937,6.069548202147779e-06,0.0,0.22330203889966196,2.305649907663465e-06,0.003216900183017068,7.078931376081066e-06,0.48753243591036166,0,s357
0,wfpt,0.18525170407116004,0.0,3.603789908934729e-06,-0.004839864350615258,1.2545735522373138,8.377065180975585e-06,0.0,0.12361688136882126,6.54368764596569e-06,-0.004964746521251539,1.1316948885009559e-05,0.49222257978812045,0,s359
0,wfpt,1.7076709438460631e-28,0.0,0.000580258664314659,0.03553746485841794,1.2105452461762303,0.0005850291870442836,0.0,9.915927806067243e-39,0.0008035899840451721,0.036924950640750576,0.0008083594407490846,0.496145455700226,0,s365
0,wfpt,3.9377829653067465e-70,0.0,0.0014866032347410352,0.05598508604001056,1.1873121113356706,0.001491358083081984,0.0,1.2875174837702448e-104,0.002239514634032269,0.05774680943028383,0.002244265897063835,0.4920537526961167,0,s368
0,wfpt,4.940119093942798e-46,0.0,0.0009724395781295359,0.02650624116931677,1.2012574877504196,0.0009772543776169762,0.0,9.882958268370357e-44,0.0009216335341242221,0.0233997757900807,0.0009264483928294043,0.44714542827654974,0,s369
0,wfpt,0.8211354375025832,0.0,-4.52932861549904e-06,-0.00044432755355002657,1.3233749894868367,2.439854782654294e-07,0.0,0.1836474975095478,3.6652490091881873e-06,0.002479760546677196,8.438523987797097e-06,0.7602963084365038,0,s372
0,wfpt,0.02141672083928293,0.0,2.1042431488038638e-05,0.004903544975745666,1.2499403996807172,2.5944409269729185e-05,0.0,0.6794561954868845,-4.0650407602260685e-06,0.0008310815512211662,8.369639803440521e-07,0.5326046233292037,0,s373
0,wfpt,1.6950425258347288e-09,0.0,0.00016806448180273215,0.01621796737579165,1.1982090356183388,0.00017282560892961651,0.0,2.594509944660645e-11,0.00020693907554236723,0.017333441180986158,0.0002117000175512196,0.3830039688382213,0,s374
0,wfpt,3.468808992133371e-242,0.0,0.0056430800979377915,0.1141711014666606,1.1222432567720058,0.00564817939034401,0.0,0.0,0.008452530747783071,0.11782633800125085,0.008457615632676219,0.48889156500526276,0,s376
0,wfpt,0.22771552942846274,0.0,2.1670651350058634e-06,0.003283712658817526,1.233820432660299,6.928982253295857e-06,0.0,0.24293131031233062,1.7310082376376101e-06,0.002769281853461851,6.492927432377726e-06,0.45626357610165036,0,s380
0,wfpt,8.096773152614822e-37,0.0,0.00076003058060925,0.03708242176978799,1.2223225843116134,0.0007647888888364651,0.0,3.5249793945205737e-40,0.0008332506214930868,0.03439576380970638,0.0008380085810517635,0.5425587683320092,0,s383
0,wfpt,1.282572592636507e-181,0.0,0.0039865971175682136,0.06410089398757739,1.2055780024713232,0.00399142045038281,0.0,5.317864200768291e-275,0.006056675439688686,0.0666848233106784,0.006061488747862387,0.5899666280589564,0,s384
0,wfpt,0.9454157021309371,0.0,-5.294271984368493e-06,-0.00015641912782354567,1.2299705897487516,2.4933406339577857e-08,0.0,0.8797328163456758,-5.197426193648269e-06,0.00029580799316406003,1.2177868202734032e-07,0.4351916034473181,0,s388
0,wfpt,1.166648939281834e-05,0.0,8.757935520808946e-05,0.010159200973350225,1.206256787431478,9.23866495732284e-05,0.0,8.44519451607044e-05,6.949806425371463e-05,0.008686720209633889,7.430544554853924e-05,0.4020244741075958,0,s391
0,wfpt,2.1856013777119965e-27,0.0,0.0005548087477146302,0.025632753627066858,1.171062338479515,0.0005595680331933472,0.0,3.6621480447082625e-31,0.0006369202675178265,0.02708210607419498,0.0006416791619874296,0.32988305978592647,0,s396
0,wfpt,0.13584060611586668,0.0,5.844728164894342e-06,-0.004287473807408321,1.270080652455295,1.0617992740269422e-05,0.0,0.1940594705274621,3.2770332305531724e-06,-0.0033680872267853822,8.050310062235333e-06,0.5472132251647797,0,s397
0,wfpt,3.726826244521781e-05,0.0,7.676382409893545e-05,0.009594863703757579,1.2182567744728778,8.155964199818566e-05,0.0,4.991379745842306e-05,7.41055105109023e-05,0.009170127882884422,7.890134115995373e-05,0.4549358946430591,0,s402
0,wfpt,2.742139285673099e-08,0.0,0.00014400066344277818,-0.015380544803249359,1.2682646786289138,0.00014881926979437576,0.0,2.1129399258464002e-10,0.00018966783747953464,-0.014867601329526995,0.00019448622374729219,0.5016531448776347,0,s403
0,wfpt,5.325643606094492e-10,0.0,0.0001788152688980693,0.012692958777280636,1.2232709345558992,0.0001835763448304606,0.0,9.00586846709239e-07,0.00011013688494065921,0.00847079503803088,0.00011489828791455547,0.45649640746460124,0,s408
0,wfpt,8.553045506153555e-110,0.0,0.0023694698223033495,0.0720995036449405,1.1997280659741574,0.002374254643958018,0.0,2.9210118096119437e-164,0.0035669755045580898,0.0725830285586682,0.0035717545827527175,0.6037936478705983,0,s409
0,wfpt,0.02937174495271026,0.0,1.7879272547371983e-05,0.0064753181215920184,1.2700772778500635,2.265247967836448e-05,0.0,0.007620705074297755,2.9214786614550903e-05,0.006718689187822291,3.398793963782509e-05,0.5940936156208139,0,s420
0,wfpt,0.16716454687380053,0.0,4.32477516409957e-06,0.003765145090370719,1.2465978387905619,9.086682007608538e-06,0.0,0.014998417142085664,2.3412664496680335e-05,0.006126940195429686,2.817448044500903e-05,0.5098180298872651,0,s421
0,wfpt,1.7364496413119826e-187,0.0,0.004048310872815208,0.10334661501735865,1.171857710738282,0.004053053522490302,0.0,5.986959064464513e-250,0.005410238489643615,0.09603767727856533,0.00541497465391827,0.634368827106404,0,s425
0,wfpt,1.4411128170124004e-12,0.0,0.00023391348312085114,0.01601189015021284,1.208790355973304,0.00023867429667956408,0.0,4.2141599914351335e-24,0.0004834423979467317,0.02291942119952517,0.00048820202326682605,0.41887756508506274,0,s427
0,wfpt,0.15117430235954502,0.0,5.110247661033185e-06,0.003432010268334316,1.2568885275230044,9.929523367202542e-06,0.0,0.2669833301305318,1.1189800199762345e-06,0.00250230670926836,5.938274961314605e-06,0.5572605712357459,0,s430
0,wfpt,0.0819382696493143,0.0,9.717263326658454e-06,-0.005465829305225205,1.2792518744742962,1.4513402793681074e-05,0.0,0.653566771834146,-3.830088550538235e-06,-0.0012135019164850967,9.66115892064856e-07,0.5874762368152494,0,s441
0,wfpt,1.3810370653563083e-68,0.0,0.0014528808911760116,0.05094256219242854,1.2025410299807922,0.0014576359001003958,0.0,4.8585550774617185e-83,0.0017684079129309804,0.05185892112627517,0.001773161419338587,0.5316000479610465,0,s449
0,wfpt,0.9778646295092401,0.0,-4.769640506108175e-06,-8.426404150177523e-05,1.2937966974256625,3.674734738723373e-09,0.0,0.4052361417995408,-1.466661276650072e-06,0.0021231654360068957,3.306638198030676e-06,0.651324062648862,0,s451
0,wfpt,6.486503575681971e-14,0.0,0.00026543912439902506,0.028541686519777135,1.229831480554753,0.00027024556366495034,0.0,1.7920001465318845e-27,0.0005620343758242496,0.034655795872716916,0.0005668393891445911,0.5361242980948984,0,s453
0,wfpt,7.05836994699853e-07,0.0,0.0001131818651314287,0.010767612287492297,1.2386374683366599,0.00011797757736642378,0.0,3.9250952697334536e-23,0.0004657312077154252,0.019777622204298198,0.00047052516005474665,0.5097028994833968,0,s456
0,wfpt,0.18285973562054753,0.0,3.842385870589382e-06,0.0037397059295824625,1.2969777287199329,8.80517058710062e-06,0.0,0.08377941250593067,9.876101432215734e-06,0.004300585103334812,1.4838856204679729e-05,0.6775466122808549,0,s467
0,wfpt,0.0011189083376336568,0.0,4.580748535787382e-05,0.010927310244872715,1.2405210780317912,5.056919466372989e-05,0.0,0.0002536512366441416,5.897494427808958e-05,0.010880713088552811,6.37365908814358e-05,0.5055922909881192,0,s469
0,wfpt,0.41429908277865657,0.0,-1.7373412823928902e-06,0.002906779337254514,1.2721272114338569,3.4710282266203762e-06,0.0,0.2209199347655982,2.5958157607863797e-06,0.003683963163832531,7.80416270107498e-06,0.5859913210362035,0,s471
0,wfpt,2.266535858642561e-12,0.0,0.00022968371014231437,0.028210194232849595,1.2036937648493669,0.00023444454384291546,0.0,1.2929603538148448e-20,0.0004077959172626988,0.03112189315676842,0.00041255590280586674,0.441645126092313,0,s473
0,wfpt,5.660588829957122e-05,0.0,7.296201662354562e-05,0.012345383111146191,1.2339385048369096,7.775785275698777e-05,0.0,2.7350892475223018e-05,7.958336651725517e-05,0.01089960388037769,8.437917089343383e-05,0.49338840484288404,0,s477
0,wfpt,3.8774565808863787e-51,0.0,0.0010747154110380963,0.033329873403007436,1.1884327619592039,0.0010794835735811192,0.0,8.87092146601748e-76,0.0016137179111603839,0.03876188574406868,0.0016184835008867804,0.4138396083742605,0,s481
0,wfpt,0.9764084515094621,0.0,-4.780550507010872e-06,7.431237425653547e-05,1.228303423593685,4.184255164574324e-09,0.0,0.8490038766671357,-4.611295599143972e-06,-0.000464073401465591,1.734383532348005e-07,0.4427451635458449,0,s484
0,wfpt,2.5023140501076148e-43,0.0,0.0009018724488386587,0.04164372854721205,1.2286427374236102,0.0009066300816251704,0.0,3.8388178374907125e-70,0.0014868445255886709,0.0458975854325086,0.0014915993727806498,0.5876766914383695,0,s489
0,wfpt,0.02187780834692252,0.0,2.0607795458649214e-05,0.0059221934216045075,1.2402903119996656,2.5450357576395355e-05,0.0,8.922323644036819e-05,6.949998727889817e-05,0.009096083676827335,7.434228917868602e-05,0.49368725528166335,0,s492
0,wfpt,0.16029982361610373,0.0,4.636799691981608e-06,0.0035433181782272317,1.26912534467736,9.410070033188944e-06,0.0,0.10728391110563827,7.607634207262848e-06,0.004182628358788999,1.2380890367813535e-05,0.574207229473107,0,s495
0,wfpt,0.27450682803854193,0.0,9.242542040599488e-07,0.0027782040053314846,1.212973381916323,5.686177240504797e-06,0.0,0.3413172212904706,-4.5008985094519005e-07,0.0022662150531878224,4.311839730042344e-06,0.38692741463547253,0,s500
0,wfpt,7.167822987882282e-68,0.0,0.001437270774531596,0.049860785826426744,1.208814215387156,0.0014420258577901857,0.0,9.083078188487091e-71,0.0015005080797638737,0.04567781068490668,0.0015052628618910102,0.5531035784043008,0,s501
0,wfpt,8.023019622124598e-06,0.0,9.212524053980875e-05,0.012609011721947921,1.2185195436685912,9.69909959681603e-05,0.0,2.0523821800261013e-07,0.00012643219068875222,0.013330633431614761,0.0001312977791725345,0.4377425239893377,0,s502
0,wfpt,0.0874238819328045,0.0,9.148568507422183e-06,0.005834859906118449,1.2479429317208313,1.3910452380305749e-05,0.0,0.013579141867191731,2.424787617572033e-05,0.007464773621127161,2.900968814678606e-05,0.5175572335035092,0,s504
0,wfpt,0.0009156009607397309,0.0,4.861697532099196e-05,0.00865513223654854,1.2312858777735745,5.348294246942942e-05,0.0,3.194260853370579e-07,0.00012227407733578222,0.012702881672060972,0.00012713968605371218,0.4677605312278502,0,s505
0,wfpt,3.224597103571134e-07,0.0,0.00011985249171853063,0.014031446642500243,1.2403235248621103,0.00012462521210154787,0.0,1.2846921873675093e-11,0.00021400196451681897,0.016549396021659966,0.0002187742354967659,0.5148881039156993,0,s507
0,wfpt,6.744843382012461e-120,0.0,0.002591641829380986,0.08453042038351208,1.1411991694489223,0.0025964255854573626,0.0,1.0473794440292428e-151,0.003291012320119191,0.0818582722407172,0.0032957927218845162,0.44474421946918075,0,s508
0,wfpt,0.09985130321156756,0.0,8.152434641806039e-06,0.004694245730190547,1.2333859159276996,1.2925688201770313e-05,0.0,0.13739667961615792,5.7608183398061286e-06,0.0037957686797094646,1.0534083315638654e-05,0.45731182291927275,0,s509
0,wfpt,2.1317777273738182e-11,0.0,0.00020877023047760623,0.021584446116599806,1.2223573291485599,0.00021353116376665593,0.0,3.813901077778894e-16,0.0003110510497040808,0.023346104286016495,0.0003158114959392888,0.4819975111965541,0,s510
0,wfpt,4.793779467725096e-17,0.0,0.00033051952171525567,0.023725723164274147,1.2085799464846954,0.00033527987524295533,0.0,2.018319307348839e-23,0.000468674698752114,0.026321626488518872,0.00047343439439495594,0.44525698914666967,0,s551
0,wfpt,0.35387393192164585,0.0,-7.297994533139729e-07,0.002119585907064441,1.2346705066589185,4.4652794068955615e-06,0.0,0.6192882865966431,-3.912399547889578e-06,0.0010640873278015977,1.282452957163116e-06,0.48684286636007534,0,s556
