,index,log_int_val,slope_pval,rsq,log_rsq_adj,int_pval,log_int_pval,log_slope_val,int_val,log_rsq,log_slope_pval,slope_val,rsq_adj,subj_id,sub_id
0,wfpt,1.1609255502197369,1.3356113602277036e-86,0.004361879456437734,0.002862181002661779,0.0,0.0,0.06239725516977933,0.4225121044559018,0.0028733849242676968,1.2199795982666343e-57,0.06936517522830844,0.004350692259865396,0,s005
0,wfpt,1.2653807024319124,0.7933546574305658,7.710486266132577e-07,-1.0013655515450637e-05,0.0,0.0,0.0011122988682824792,0.5796885916398045,1.2225383031472248e-06,0.7415111327162223,-0.0008731534449102963,-1.0465150265037693e-05,0,s007
0,wfpt,1.0051133688861764,0.0,0.04063467039034896,0.03748846929347249,0.0,0.0,0.20606639429230522,0.44210957229106496,0.037499223732412545,0.0,0.1956517291721862,0.04062395098511529,0,s009
0,wfpt,1.230524209876417,3.82592615027884e-16,0.0007366811433621168,0.0004342898303302256,0.0,0.0,-0.01927936324285103,0.3643669983753418,0.0004453962394032063,2.4209598885981925e-10,-0.023397730322075087,0.0007255779708599253,0,s011
0,wfpt,1.2319538851652363,0.00799278710975782,7.816677931793414e-05,-2.0232025286226474e-06,0.0,0.0,0.0030791645258669287,0.45037719073715615,9.088054520933753e-06,0.3657931427207495,0.00885490576549926,6.705628982683898e-05,0,s012
0,wfpt,1.2229106744980678,0.002865121265990706,9.879153949243769e-05,9.438352564861141e-05,0.0,0.0,0.010242018609523645,0.4501653081729182,0.00010549371150037068,0.00206069517061776,0.009770795994328488,8.768127917047064e-05,0,s014
0,wfpt,1.1894235445625134,0.0009391036719301813,0.00012365616165077586,0.00014624217701564302,0.0,0.0,0.012340336461573875,0.3535277568001588,0.00015754008724988555,0.00018843781280781954,0.01088370894623419,0.00011235786853858176,0,s015
0,wfpt,1.283687236943752,0.8467331293486449,4.1979143694526044e-07,-1.1149568009960475e-05,0.0,0.0,0.00048203420519447177,0.6363844831728542,8.663857187229951e-08,0.930027596716106,0.0008437441661754688,-1.081641140143752e-05,0,s017
0,wfpt,1.2257571299071504,0.1970792761001893,1.8487980032122486e-05,1.8065174694936736e-05,0.0,0.0,0.0061320739290713355,0.4423911182930239,2.917620853770675e-05,0.10513790317063325,0.004746340119595608,7.376827428573485e-06,0,s026
0,wfpt,1.0690589657539118,0.0,0.030982380913987972,0.02506550660455953,0.0,0.0,0.16705199215704475,0.5146655911772199,0.025076399849102926,0.0,0.16278204712814248,0.030971553659534523,0,s027
0,wfpt,1.2213840932416473,1.211529224353288e-44,0.002193199306499638,0.0008367895004122161,0.0,0.0,0.03275792454674669,0.5199600628727485,0.0008479534599032945,2.9510761864369903e-18,0.04597343835891231,0.002182050378024325,0,s028
0,wfpt,1.2196440119021368,0.1391033820142204,2.430982223189382e-05,9.348336446279859e-06,0.0,0.0,0.005328726357134314,0.4153503208723198,2.045946714390734e-05,0.1747963454960069,0.005667314580110472,1.3198734316932637e-05,0,s032
0,wfpt,1.1866887086842763,4.112583830642715e-57,0.0028146781710083335,0.0016601780093662422,0.0,0.0,0.05301254240293905,0.47715311711372155,0.001671270797308111,1.3237300515294388e-34,0.05965203117341842,0.0028035980878751143,0,s034
0,wfpt,1.2356908922038372,0.0162060451837412,6.422615654200214e-05,1.566572016331591e-05,0.0,0.0,0.005877292172028793,0.4699225546750191,2.6776780666981637e-05,0.1205719485388707,0.008784004585462673,5.3115512151702404e-05,0,s042
0,wfpt,1.2292168365497005,6.574697139593054e-09,0.0003739041493485695,0.00018926676436792356,0.0,0.0,0.02075576811603555,0.5022551643035402,0.0002003758959496782,2.1686513640017613e-05,0.02483274911961588,0.0003627969459013558,0,s049
0,wfpt,1.2565025577811821,0.8472429023943109,4.1233573100374343e-07,-1.1078748752613166e-05,0.0,0.0,0.00024517508191124193,0.5216063712731808,3.2608915123688575e-08,0.9567972810954006,0.0008126683600004798,-1.069901771755255e-05,0,s060
0,wfpt,1.247556944418465,0.14856056334147258,2.3318468615141086e-05,2.4392441478116034e-05,0.0,0.0,0.005689869866970931,0.5266700681404453,3.5565478132659756e-05,0.07440444993319838,0.004562743526687663,1.214529511939233e-05,0,s062
0,wfpt,1.2639465324506203,0.18668658597821347,1.9373397375677115e-05,-6.738002144457411e-06,0.0,0.0,0.0035892054615474372,0.5616916328595825,4.373307292193651e-06,0.5304196180469033,0.00661390970576032,8.262254610369446e-06,0,s063
0,wfpt,1.1361222272570943,0.0002095264819037848,0.00015980191253373022,0.00015027576975290557,0.0,0.0,0.008865227550354024,0.20101307847710248,0.00016190923407044533,0.00019113018455512327,0.009795828224320829,0.00014817559333935026,0,s065
0,wfpt,1.2580545205634515,0.6253415924274346,2.6790722917890974e-06,-9.45573558941426e-06,0.0,0.0,-0.0019705351872441185,0.5167022166596629,1.780451960420315e-06,0.6905821155109118,-0.0021352991834456053,-8.557105160900136e-06,0,s066
0,wfpt,1.3103626932860273,0.3150429083510506,1.1215976410849926e-05,5.3608608084898535e-06,0.0,0.0,-0.004973226740308118,0.7044002131464051,1.64720358118986e-05,0.22339092618621692,-0.0035963023703654475,1.0474300549123683e-07,0,s071
0,wfpt,1.0617444420797968,0.0,0.027850213645230215,0.025326870416103486,0.0,0.0,0.15530279749544612,0.438483162692989,0.025337700237874627,0.0,0.1522642289065646,0.027839411740895104,0,s081
0,wfpt,1.2019263151391462,3.5289357496738463e-36,0.0017511705325199411,0.0014626155098932392,0.0,0.0,0.04632290748420065,0.5053752163422518,0.0014737104929983813,1.0368321442261091e-30,0.04590635100051097,0.001740078632372577,0,s082
0,wfpt,1.291725357064501,0.8137302343084476,6.237831250421877e-07,-1.0289545609554196e-05,0.0,0.0,0.001143945978832675,0.6587384482636061,9.46651309008395e-07,0.7716189554586653,0.0007223235194343345,-1.0612417421285159e-05,0,s083
0,wfpt,1.2300602207465396,0.889473354120504,2.1459301857706947e-07,-9.638316514903877e-06,0.0,0.0,0.0011501964153631944,0.44594269456845603,1.4730251478578538e-06,0.7157834717768176,-0.00043978847323300745,-1.089676262711059e-05,0,s084
0,wfpt,1.0480429770377073,0.0,0.04122541592967288,0.037202869308862185,0.0,0.0,0.1965719175404199,0.5639410839957553,0.037213567173623896,0.0,0.1835656870496013,0.04121476264199908,0,s085
0,wfpt,1.24837021871664,0.009595166997133487,7.453874616347722e-05,7.603106313891494e-05,0.0,0.0,-0.009119548732774924,0.4694499288692273,8.71414529091119e-05,0.0051021972563212725,-0.008295808201408367,6.342821636007301e-05,0,s086
0,wfpt,1.2824469755578747,0.9066122348535854,1.5291842980769133e-07,-1.0302779858362143e-05,0.0,0.0,-0.0012457683321430088,0.6160233848589425,8.085691873827017e-07,0.7873466411932154,0.0004990958652641864,-1.0958437901109619e-05,0,s089
0,wfpt,1.1827701745341956,3.032205631854177e-66,0.003297163449449525,0.0020053690791607126,0.0,0.0,0.06043389060232933,0.4876616444954393,0.002016519981750786,3.485414289113526e-41,0.06883477397191341,0.0032860268560447325,0,s091
0,wfpt,1.2410766866054885,0.010553877203106257,7.26541634051836e-05,-1.9477554191738022e-07,0.0,0.0,0.0040384804241460626,0.48216701254309485,1.0916461191445848e-05,0.32159232927707926,0.009801664302496758,6.154361266152986e-05,0,s092
0,wfpt,1.2762893323663973,0.005875074586646782,8.478341805362444e-05,6.639931087326634e-05,0.0,0.0,-0.01194566533029151,0.5475373363187892,7.757187817214461e-05,0.008415923048008579,-0.01134827918464612,7.361093133240182e-05,0,s093
0,wfpt,1.2350252132262642,0.8462345209142246,4.178665077292365e-07,-1.0419647423987044e-05,0.0,0.0,-0.0010540998388285303,0.448716315516896,6.917029203856728e-07,0.8029720180258163,-0.0007774461319443337,-1.0693486879320702e-05,0,s094
0,wfpt,1.2131772545227668,0.5237010399580635,4.517876425857992e-06,7.809100344036146e-06,0.0,0.0,0.004183901079860863,0.3998401950167223,1.89202481445383e-05,0.19192336089953815,0.00202147971483133,-6.593431404411376e-06,0,s097
0,wfpt,1.1885919248239318,0.001535775207907944,0.00011212189858833543,0.00017845447370856693,0.0,0.0,0.013669909786020177,0.36378140842274953,0.0001896257889804076,3.7922311983007666e-05,0.01039441141767818,0.00010094971733187741,0,s098
0,wfpt,1.2531762222273453,0.9224617296017785,1.3631808803982182e-07,-1.4380169553795952e-05,0.0,0.0,9.282127480443082e-05,0.5171059293881977,8.733598400034737e-09,0.9803448072512817,0.00035372988262356235,-1.4252583228291371e-05,0,s103
0,wfpt,1.185947169791592,0.924825940635916,9.892669761146777e-08,-1.0907606723842278e-05,0.0,0.0,0.00043566440146759755,0.29761423519982794,2.0374904241560188e-07,0.892284687165217,-0.00030155836749156187,-1.1012430233270365e-05,0,s106
0,wfpt,1.272693020645401,0.24976504241279596,1.4718272112967945e-05,1.7191323653520385e-05,0.0,0.0,-0.00728526867010959,0.5511140254312024,2.8302367205856882e-05,0.11049142761084384,-0.004716280512485576,3.607077622813648e-06,0,s108
0,wfpt,1.1836568545502373,0.027648476731575986,5.3887308614219975e-05,7.142775638724341e-05,0.0,0.0,0.009238305364262914,0.3164359799017257,8.25381973058592e-05,0.006419747849880446,0.0074026266830228265,4.27765493452581e-05,0,s110
0,wfpt,1.2574711545385362,0.3189495816196993,1.1098002760667747e-05,-6.140523145070631e-06,0.0,0.0,-0.00255564880443085,0.5178323549345982,5.032854663689079e-06,0.5021312787401155,-0.0035620742378126326,-7.530727974547347e-08,0,s111
0,wfpt,1.2190252164438369,0.553906855164471,3.8930397012748585e-06,-6.762551642447434e-06,0.0,0.0,0.0024175010678020633,0.4021973246753554,4.348758066985425e-06,0.531575846904479,0.0021876702288229407,-7.218275071885216e-06,0,s112
0,wfpt,1.2409692449667054,0.5149677148771674,4.790631215390029e-06,-5.338338631366568e-06,0.0,0.0,-0.002569189633693259,0.478901157674798,5.961284396560629e-06,0.4676343536077291,-0.002254791251669275,-6.50900504051144e-06,0,s121
0,wfpt,1.210706335887692,0.485163986042496,5.413841108969919e-06,-6.492756034148783e-06,0.0,0.0,0.0022262753794707255,0.3836532400217333,4.61855067768191e-06,0.519111118140257,0.002391629466519143,-5.697456765929587e-06,0,s128
0,wfpt,1.243022779402695,0.0031154813018053453,9.763565476195168e-05,1.5873044972414263e-05,0.0,0.0,0.006573163246247363,0.5011110573681146,2.7046176816813983e-05,0.11974921373771807,0.011420165092381168,8.646331164441357e-05,0,s129
0,wfpt,1.282091200326213,0.0009147746826161729,0.00012213569139163383,0.00017047179191120865,0.0,0.0,-0.018969508496516768,0.5326415896959418,0.0001815811323283567,5.284175875349235e-05,-0.013573167175276235,0.0001110256904549578,0,s142
0,wfpt,1.2368305829114237,0.7910368342203253,7.800899128884708e-07,-9.782819994530456e-06,0.0,0.0,-0.0010394145835317132,0.4603660643535227,1.328646735965222e-06,0.7294973770524862,-0.0007949291208882957,-1.0331259449269936e-05,0,s145
0,wfpt,1.2270787220168224,3.322498534553701e-36,0.0017524994442509323,0.001210481125826779,0.0,0.0,0.04167722493624665,0.5769593685933321,0.0012215789104562669,9.768215010583083e-26,0.04345743217251699,0.0017414075588696454,0,s149
0,wfpt,1.2465231097255542,0.000490400172002715,0.00013576908709922453,1.9804377641596815e-05,0.0,0.0,0.006568062451915277,0.506555922878561,3.0977465560022566e-05,0.09589935654064657,0.01235369171885386,0.0001245971700630788,0,s161
0,wfpt,1.2401850922146616,0.49850418478238856,5.090344074920594e-06,-2.9703862396424086e-06,0.0,0.0,-0.003062054986574428,0.45852765053034195,8.140881334273153e-06,0.3920217053572542,-0.0023023308187844205,-6.020957394659021e-06,0,s163
0,wfpt,1.2704332431884346,0.5407740481360299,4.156851682979301e-06,-6.424083033085282e-06,0.0,0.0,-0.002966216070232494,0.5648083626751894,4.687222915578104e-06,0.5160206768719651,-0.0025374360466880502,-6.954460158858922e-06,0,s165
0,wfpt,1.248914987045576,0.944092262821369,5.464431085400179e-08,-1.1110406292313968e-05,0.0,0.0,-3.7620083950251626e-05,0.49250242545699985,9.517272525627618e-10,0.992615761626058,-0.00023943563030699722,-1.1056713112189698e-05,0,s168
0,wfpt,1.245931621100128,0.001806454519279501,0.00010878472688491403,8.042186394519035e-05,0.0,0.0,0.015302923615945107,0.5428565391153913,9.159427456573166e-05,0.004194042909772592,0.014135011220782149,9.761250834072754e-05,0,s170
0,wfpt,1.208234817367289,0.39491888187370694,8.041779708478636e-06,-7.446330223537245e-07,0.0,0.0,0.0029952512189001315,0.3778403000245236,1.0366609820566808e-05,0.33409137453222715,0.002625250617664156,-3.069488966556122e-06,0,s173
0,wfpt,1.237462654616703,0.3419440780699643,1.0034995750030085e-05,2.6527712723156682e-06,0.0,0.0,-0.004570462223387153,0.4414967016741714,1.3763976365988029e-05,0.26571557066601365,-0.003739916349800365,-1.0762507776096442e-06,0,s179
0,wfpt,1.2048425321900713,0.7333117411545047,1.2899517508602187e-06,-1.002844438513506e-05,0.0,0.0,0.001074700866014043,0.36486556582013197,1.0829016124924706e-06,0.7549011283024983,0.0011413118468504646,-9.82139194616316e-06,0,s180
0,wfpt,1.2351670208431997,0.57804759753396,3.4378855455763357e-06,-6.446727522479989e-06,0.0,0.0,-0.0021926093152923667,0.4543918862485501,4.664578677759934e-06,0.5170361590957859,-0.0018827181371036499,-7.67343428487166e-06,0,s182
0,wfpt,1.1582684009378665,7.5970575635279e-122,0.006172151858402808,0.003557889230781708,0.0,0.0,0.07441918890162796,0.46064228471191315,0.0035690853353533836,3.5585254454496657e-71,0.08288785981910679,0.0061609850024269,0,s184
0,wfpt,1.2378750535092355,0.71111887832219,1.5325774034291584e-06,-8.522764384011339e-06,0.0,0.0,-0.0019167849236179438,0.45504087623334577,2.650640042345387e-06,0.6262168826556637,-0.0014171447734165374,-9.64083951560113e-06,0,s187
0,wfpt,0.7267090680504968,0.0,0.17911626118856072,0.1659641919489553,0.0,0.0,0.41091759523757115,0.2602710477855854,0.16597345911645767,0.0,0.40235172160726457,0.1791071400554377,0,s190
0,wfpt,1.2388545526529982,0.09241833915891427,3.146412583399094e-05,7.71955662892676e-06,0.0,0.0,-0.005065288550176093,0.4489152910700577,1.8830705424299765e-05,0.19297831187308886,-0.006418617363813368,2.0353117412996724e-05,0,s192
0,wfpt,1.3023535203839143,0.7992907776753592,7.183611344663277e-07,-2.7978240468851112e-06,0.0,0.0,-0.003753442562449305,0.6753753547425972,8.313441609564265e-06,0.38704923601692964,-0.00100218788998125,-1.0392988913698886e-05,0,s196
0,wfpt,1.2914622567431486,0.28149766929408293,1.2887442633391366e-05,-2.1446402638236606e-06,0.0,0.0,-0.004238066599281651,0.6373904179876378,8.966618134986781e-06,0.36901556296037685,-0.0042997732458677045,1.776227800287522e-06,0,s198
0,wfpt,1.2061221126557222,0.5463982455510152,4.042429189277108e-06,-7.979958034365353e-07,0.0,0.0,0.003480637218703616,0.3655521182353363,1.0313247632454114e-05,0.33533856548341456,0.0021399677286969157,-7.068883923988523e-06,0,s205
0,wfpt,1.2491056176683757,9.127254425764606e-05,0.00017009210679364006,7.700297554014135e-05,0.0,0.0,-0.010146068357622662,0.4681297250362447,8.811335451119895e-05,0.004861290294247372,-0.01308817566493508,0.00015898263871783058,0,s206
0,wfpt,1.2396925882633643,0.48645458746681247,5.3818989028675546e-06,-1.085075150530912e-05,0.0,0.0,-0.000619866020516887,0.46280570541204613,2.606036292318592e-07,0.8782831899444945,-0.002700984441151988,-5.7293993269702526e-06,0,s207
0,wfpt,1.1990276777387043,0.3643368044174029,9.143424727131588e-06,8.523754892020285e-06,0.0,0.0,0.004569459420012975,0.3507789841182617,1.9634894751763277e-05,0.18374029428063063,0.003074997571581191,-1.9678317071392115e-06,0,s209
0,wfpt,1.1011607245667008,0.0,0.07001369243895539,0.053413285064730975,0.0,0.0,0.1747677702150756,0.6587303560563096,0.05342380398054225,0.0,0.1888936293442628,0.07000335902812893,0,s212
0,wfpt,1.2612745255727995,0.09939814450017052,3.0168980639122545e-05,2.1678200179398033e-05,0.0,0.0,0.0062287434433724795,0.5753291590550578,3.278919387705859e-05,0.08582476291403938,0.005575239380914899,1.905795782730646e-05,0,s216
0,wfpt,1.289379537583053,0.8667485478065231,3.1282485435379925e-07,-9.27635750080924e-06,0.0,0.0,-0.0019252069762038596,0.6292311342088347,1.8349801401695842e-06,0.6844642511775587,-0.0006552065423700857,-1.0798529699762582e-05,0,s218
0,wfpt,1.2126703469192481,5.387195821423735e-10,0.000430440974803048,0.00019679747001988268,0.0,0.0,0.01652228490024044,0.42843130043099675,0.00020796858033977905,1.5999025684446944e-05,0.022630932853315362,0.000419272350263733,0,s226
0,wfpt,1.2437290952706792,0.0038873087782272746,9.261738479449111e-05,-8.853685669052425e-06,0.0,0.0,0.0016887188289681915,0.48253678277398465,2.2576472755719834e-06,0.6521639226804401,0.009997125770687084,8.150705586928986e-05,0,s233
0,wfpt,1.1430394072380519,4.9719343627249085e-198,0.010020778672583774,0.0077210561573110015,0.0,0.0,0.10750937928515374,0.5365373859763242,0.007732143196762076,4.255451417137618e-153,0.10884366282772003,0.010009717205050173,0,s237
0,wfpt,1.213501155344619,0.6475886497140066,2.3217705988898274e-06,-9.493707505914273e-06,0.0,0.0,0.0010388944379896119,0.38539213200897726,1.6178794769450278e-06,0.702774191009846,0.0011865748310295444,-8.789561633193443e-06,0,s238
0,wfpt,1.2388192051813487,0.05364614046728952,4.2075739329128226e-05,4.47791100965933e-05,0.0,0.0,0.0061246464963063164,0.4939144123335787,5.6078549855342885e-05,0.025898503784044277,0.004468628529463113,3.07765243834357e-05,0,s244
0,wfpt,1.2507250684479727,0.9016083061869238,1.6983087769428806e-07,-1.1072671755041341e-05,0.0,0.0,-0.00027979677095743907,0.5035855428049025,3.868584519395313e-08,0.9529478596781236,0.0005308537614931801,-1.0941525265373286e-05,0,s254
0,wfpt,1.23144436675129,0.8493145960406673,4.0559950864604843e-07,-1.0948771703045423e-05,0.0,0.0,0.0005740087995312617,0.45469281364689473,2.874326224810986e-07,0.8729283758245014,-0.0006542842401665187,-1.0830603489164758e-05,0,s259
0,wfpt,1.271998648823875,0.5081509528727433,4.865376697971158e-06,-2.472990116464402e-06,0.0,0.0,-0.0048227036511254845,0.5549605076080376,8.638271930760943e-06,0.3779294459065,-0.0032134837395283115,-6.245927271164575e-06,0,s262
0,wfpt,1.2099037968660313,0.14150445240018117,2.4017291688327447e-05,9.795999873718486e-06,0.0,0.0,0.004956875045852172,0.3901883594471245,2.090712559732477e-05,0.17015142046176288,0.005186175034736198,1.2906200522966316e-05,0,s265
0,wfpt,1.2196133644579186,0.014259520142496053,6.747969356046823e-05,9.67131179179237e-05,0.0,0.0,0.011030015253059196,0.4464479546838173,0.00010794823878446103,0.0019378068967131723,0.008444417933522696,5.624424422101537e-05,0,s269
0,wfpt,1.1775283504186622,6.439869096706658e-93,0.00463451014591687,0.00325314281090916,0.0,0.0,0.07879481966578195,0.5435041229704559,0.0032642178990455184,5.889991980831198e-66,0.0823907578421717,0.004623450283588237,0,s273
0,wfpt,1.2334432386722434,0.5251621155051855,4.562195158652749e-06,-8.244963572767716e-06,0.0,0.0,-0.0016434169636911633,0.4398013222619115,3.0546922985541514e-06,0.6031084506746096,-0.0016878863595213276,-6.737443678517252e-06,0,s275
0,wfpt,1.222966231401975,0.9219459540253665,1.0667660688135072e-07,-1.0703658639865665e-05,0.0,0.0,0.0006835672890670823,0.4132984383536144,4.076948600939545e-07,0.8480944594700335,0.000342663489563853,-1.1004680237958198e-05,0,s277
0,wfpt,1.2512140124700428,0.12332241081743259,2.6384937864554203e-05,1.0885357399015305e-05,0.0,0.0,0.008899413780226184,0.5346218960014211,2.1996471018415065e-05,0.15942737051183936,0.008577611623991975,1.527387300692684e-05,0,s284
0,wfpt,1.2680325137271249,2.1141732110251736e-55,0.0027429312777318415,0.0004516456956217274,0.0,0.0,0.017317474519021454,0.6273214559520803,0.00046281520644764207,1.2243316591974856e-10,0.04200059909372186,0.0027317884916504553,0,s285
0,wfpt,1.232423446846727,0.00025286782905201713,0.00014877921072908862,0.0002102950652316249,0.0,0.0,0.013650119130034314,0.5386778345751891,0.00022140421003569166,8.043124966088822e-06,0.011324672227411169,0.00013766950583804505,0,s286
0,wfpt,1.2400833844760044,0.7576055494177272,1.0702587757149828e-06,-1.084755756086686e-05,0.0,0.0,0.0006787110659814809,0.48773066717246344,3.887718798001316e-07,0.8524377134011428,0.0010782463958038191,-1.0165936753958604e-05,0,s291
0,wfpt,1.2419275672853278,0.0004437536027425899,0.00013708688309221895,2.5101568734031687e-05,0.0,0.0,0.005975723544327613,0.4926677069801572,3.621252439378608e-05,0.07102828744408732,0.010881005068814729,0.00012597704828354317,0,s294
0,wfpt,1.2499611883337907,0.01361385598512352,6.917615528045928e-05,3.701738148331746e-05,0.0,0.0,-0.006474579330907032,0.5230087933500633,4.8381242868877905e-05,0.039081120114285765,-0.0076580622297857835,5.781304675700483e-05,0,s295
0,wfpt,1.1948599988737025,5.717317895641296e-46,0.0022484018030645148,0.0014062537861614377,0.0,0.0,0.05094601929407777,0.4955537226262834,0.0014173493955149663,1.3399843733024036e-29,0.05834430780243087,0.0022373154278317875,0,s301
0,wfpt,1.2946012928625676,7.467633771520623e-10,0.0004209728091600917,0.0004614294132725405,0.0,0.0,-0.03465232983297756,0.5145377615353735,0.00047253552079129513,6.935535858145724e-11,-0.028055190973657627,0.000409866128709635,0,s305
0,wfpt,1.2209920154514116,9.93952372632055e-05,0.000168303377144019,0.00011482304733478887,0.0,0.0,0.013104016486940942,0.4449898135912621,0.000125933006078216,0.0007608566578062021,0.014263014237059325,0.00015719388919299693,0,s307
0,wfpt,1.2677366617843022,0.10949194260708162,2.8461930958734172e-05,-1.011375984716345e-05,0.0,0.0,0.0011690897440353523,0.5743100394222054,9.975870983724988e-07,0.7644565304365794,0.005834634661108361,1.7350889179312823e-05,0,s313
0,wfpt,1.229743142343953,0.845391576697533,4.296807795123314e-07,-6.4658736858014265e-06,0.0,0.0,0.0024375155128137753,0.4482966022306536,4.833762082712134e-06,0.513081813576215,-0.0006971940243709496,-1.0870004753638085e-05,0,s314
0,wfpt,1.2838654990717955,0.46780240601954703,5.857502619832644e-06,-4.412219273497442e-06,0.0,0.0,-0.003537961530763814,0.607632874730102,6.699064320825343e-06,0.43747327587628027,-0.00308630679710388,-5.253790325454588e-06,0,s326
0,wfpt,1.2520185846214644,0.8174755249331553,5.918547677508101e-07,8.594352664759164e-06,0.0,0.0,-0.007683596212178234,0.47035083901210517,1.9705491740129588e-05,0.18295415139533405,-0.00115366265514091,-1.0519496685956753e-05,0,s328
0,wfpt,1.182088499346181,0.6776290344991625,1.920130001220599e-06,-9.12978545120069e-06,0.0,0.0,0.001382293283766359,0.28000317974430855,1.9815505611919804e-06,0.6728082327580606,0.001350793070807754,-9.191206693737186e-06,0,s329
0,wfpt,1.251696404288447,1.3304274317040766e-14,0.0006740443886447123,0.000287265566678796,0.0,0.0,0.017439834779717875,0.5698587458119982,0.00029862606775754585,2.9498406764704984e-07,0.02417767695638546,0.0006626881537801221,0,s334
0,wfpt,1.1975339547572492,3.591222660308451e-32,0.001547792775411394,0.0008920765241695605,0.0,0.0,0.04098172512926823,0.4679197741130954,0.0009031778466672691,1.9192754782653388e-19,0.04872429627342824,0.0015366986154610185,0,s336
0,wfpt,1.2416368569244565,0.0943861886947675,3.143778618575066e-05,-1.1206994932955183e-05,0.0,0.0,0.00016966593074584525,0.4719921350941015,2.9212294139213668e-08,0.9593347312185818,0.005490448787086934,2.020193187191044e-05,0,s339
0,wfpt,1.2447994454369022,0.5190510118919716,4.619879445555419e-06,-7.607246543805957e-06,0.0,0.0,-0.0022687977676252302,0.47179398391443017,3.5040725513413307e-06,0.5744105680029661,-0.0024941504177845566,-6.4914272515093074e-06,0,s346
0,wfpt,1.2402324882967095,0.3733257973303984,8.80647823608971e-06,-7.725322639373644e-06,0.0,0.0,0.001991051648467551,0.4744047550017231,3.385997767613169e-06,0.5809310703519744,0.003047747793762515,-2.304781942186196e-06,0,s357
0,wfpt,1.2423340610082538,0.759583555045561,1.0406167357812635e-06,-1.0958791304194193e-05,0.0,0.0,0.0003465285694055388,0.4939194833238325,1.5268849296035114e-07,0.9066826676303754,-0.0009145355226519878,-1.0070729731692651e-05,0,s359
0,wfpt,1.2524530757748087,0.7019528398945798,1.6272474655520952e-06,-9.838506065174002e-06,0.0,0.0,-0.0012925140001298465,0.5109599206589955,1.2728378220305814e-06,0.7350197676608957,-0.0013998181235471046,-9.484092483580397e-06,0,s365
0,wfpt,1.1844731262774792,2.5648000555787283e-53,0.002681308572412,0.001782420444915278,0.0,0.0,0.051263266426091136,0.46269548145112244,0.001793763955404648,3.112844388278013e-36,0.056610914190898684,0.002669975147886139,0,s368
0,wfpt,1.3056050786106366,0.8642127736110526,3.2496209656507347e-07,0.00015006101384440473,0.0,0.0,-0.01664034354985791,0.6291230611357843,0.00016117058105047377,0.00013970505962202713,0.0006535817073412345,-1.0786392322881255e-05,0,s369
0,wfpt,1.0155355040898288,0.0,0.07041843621167287,0.05430459535928256,0.0,0.0,0.21748328119585286,0.5190351361327303,0.05431510320275457,0.0,0.22508228509380415,0.07040810729809943,0,s372
0,wfpt,1.1095660858238392,0.7840011528812391,8.490126994775693e-07,-1.0729040165635695e-05,0.0,0.0,0.000687260577464416,0.10320203872038063,5.706437746777482e-07,0.8221945369623189,0.0008548106336182437,-1.0450668095352e-05,0,s373
0,wfpt,1.2005681596563882,1.3010396877855313e-30,0.0014769099099712912,0.0006871248143756059,0.0,0.0,0.031203401277590005,0.44026103182370535,0.0006982904461164674,2.6414396545310157e-15,0.04327679777556927,0.001465752978083601,0,s374
0,wfpt,1.2412323362435917,9.004002737127169e-06,0.00022022633321350238,0.0002279166135158439,0.0,0.0,0.02542565661905037,0.5631263174409109,0.00023908737613187458,3.7271659308853467e-06,0.02284949505224336,0.00020905535985482615,0,s376
0,wfpt,1.2356971770017364,0.9958666165551011,2.9986479965771196e-10,-8.882311707036905e-06,0.0,0.0,-0.0015292375305481082,0.4469525915039573,2.291096736550813e-06,0.6506769989203942,-1.6151028154714944e-05,-1.1173134174979893e-05,0,s380
0,wfpt,1.214708377194214,2.8646569603402344e-65,0.0032292989146108786,0.002131956567764215,0.0,0.0,0.06038782329310077,0.6080300719798386,0.00214304411366395,6.776848919560963e-44,0.06352413054846066,0.003218223438477219,0,s383
0,wfpt,1.2673251473927583,0.002102693416523775,0.00010508248933316366,-1.0889217088028147e-05,0.0,0.0,-0.0007481900468655628,0.548677774063411,2.2213847372665185e-07,0.88755968218581,0.013373761550181208,9.397229891217052e-05,0,s384
0,wfpt,1.2100459313353733,0.43903295150489463,6.6535918390453475e-06,6.413763544710349e-07,0.0,0.0,0.0035215458288917895,0.3923614967515673,1.1752603797154926e-05,0.3037377937494888,0.0025893294510191244,-4.457692260650958e-06,0,s388
0,wfpt,1.246620438139702,0.6948572025783799,1.709794613002913e-06,-8.150357281966336e-06,0.0,0.0,0.0018281017943359082,0.5133666696827819,2.9612147743884876e-06,0.6056917600455207,-0.001339955220106652,-9.401544418974339e-06,0,s391
0,wfpt,1.2050639540549066,0.3787684421366815,8.607927236337076e-06,-1.6726207172634844e-06,0.0,0.0,-0.0032109657263508316,0.33624207742285017,9.438632436853389e-06,0.35670590134072666,-0.0030095723221333854,-2.5033351480630017e-06,0,s396
0,wfpt,1.144362502965718,1.1377620778626238e-188,0.009491654293335872,0.005231784934098371,0.0,0.0,0.09306848228506215,0.4816781446918333,0.005242838037077924,6.835486211707809e-105,0.10714612072323446,0.009480648400474911,0,s397
0,wfpt,1.2705373223490095,0.7666270899646774,9.897364152688937e-07,-8.404637685366367e-06,0.0,0.0,-0.0013993833440225506,0.6063099140708461,2.8362112686197705e-06,0.6154524203623808,-0.0007830457066810073,-1.0246460019125436e-05,0,s402
0,wfpt,1.22013620750363,0.13159432194610193,2.5546403985998722e-05,2.341928193405618e-05,0.0,0.0,0.0058926245240883135,0.43590845934274836,3.465510009748041e-05,0.07905269633056156,0.004909760552344877,1.4310483475443725e-05,0,s403
0,wfpt,1.222633914521839,0.19324894524071784,1.8807826579259057e-05,1.6264915639663258e-05,0.0,0.0,0.004871426671386717,0.4298595167401634,2.737596948554355e-05,0.11649645442397985,0.004061269329593924,7.69667752964498e-06,0,s408
0,wfpt,1.1898915304569377,2.1374710080645795e-61,0.0030324397838563666,0.00224508772135823,0.0,0.0,0.05467137350481807,0.4936553304651526,0.002256174010231149,4.0199118073813286e-46,0.058233500756278936,0.0030213621203504237,0,s409
0,wfpt,1.259090113779328,0.12600527322784075,2.675516796313282e-05,2.3925986300632474e-05,0.0,0.0,-0.007089678656082867,0.5032255385038007,3.535441489987967e-05,0.07860664681681416,-0.005931018390314872,1.532664108450099e-05,0,s420
0,wfpt,1.0603261905801586,0.0,0.031163155464604575,0.021585393358557692,0.0,0.0,0.1762749663420986,0.5120663019412015,0.021596386904627285,0.0,0.1854331107258687,0.031152269412732192,0,s421
0,wfpt,1.2068366698059663,4.0438913415158903e-25,0.0011903286165582116,0.000910846482576777,0.0,0.0,0.03415379664964284,0.4727119811605243,0.000921947596517092,8.158769916189342e-20,0.03694840119197854,0.0011792304846954815,0,s425
0,wfpt,1.2248879689189918,0.12408601422641638,2.6277868871216192e-05,-2.256856350690839e-06,0.0,0.0,-0.0029556635275704533,0.40427806292849994,8.85440329490006e-06,0.37202853190397256,-0.0049893809810623605,1.5166802823873837e-05,0,s427
0,wfpt,1.274198370612162,0.0006739782515402816,0.00012915358740139826,6.859001214665206e-06,0.0,0.0,0.004870627374686421,0.6209677881870654,1.803248346543551e-05,0.20395276087643877,0.011262835025871741,0.00011798159644738071,0,s430
0,wfpt,1.2594801198558376,0.014441920039992104,6.6480795992363e-05,9.12046132151012e-06,0.0,0.0,0.005761463988590815,0.5484937354028588,2.023159455111223e-05,0.1772167299339838,0.00897652200258808,5.5370176654134795e-05,0,s441
0,wfpt,1.2521075285357233,0.2997985257983341,1.2012443818210095e-05,1.909789421938868e-06,0.0,0.0,0.004707524790967567,0.5310312082257556,1.3083077282094457e-05,0.2792142632076144,0.00355040957996346,8.391439954014146e-07,0,s449
0,wfpt,1.2314724406901965,4.180885183187617e-15,0.0006843715694810903,0.0002924448344833186,0.0,0.0,0.02134269795504487,0.5077916748181706,0.0003035528196293491,1.72138837471559e-07,0.02951537877327248,0.0006732678157485017,0,s451
0,wfpt,1.2593241151446581,0.8980280713939217,1.887770610942141e-07,-1.1435116691327352e-05,0.0,0.0,0.0002693364863162115,0.5587926241349364,5.966399196921657e-08,0.9425660019422512,0.00044357373172222367,-1.1305737884326206e-05,0,s453
0,wfpt,1.1869622645527396,1.172218315476067e-122,0.006543652749424034,0.0036390028540062014,0.0,0.0,0.07353603282513313,0.5578765535916574,0.0036507942479533373,3.52150959483155e-69,0.08293606770154778,0.006531895591299075,0,s456
0,wfpt,1.234859857591273,0.5413506578154181,4.1450199369519325e-06,-5.1364008004650685e-06,0.0,0.0,0.002622863656898698,0.47599262771543055,5.974890840532154e-06,0.46337632535705264,0.0021179779096711093,-6.9662920363366965e-06,0,s467
0,wfpt,1.2455747771823165,4.6253231231296344e-05,0.00018438594737668623,6.276727505516444e-05,0.0,0.0,0.012729658088402096,0.52739791675055,7.387781220247192e-05,0.009920792658121324,0.018011090330178295,0.00017327663812483074,0,s469
0,wfpt,1.277930319361722,0.39110582307998365,8.172429287744976e-06,-9.384570107684453e-07,0.0,0.0,-0.005072994758650865,0.5739785295402842,1.0172787985873732e-05,0.3386513541852153,-0.003956880375336167,-2.9388379356731775e-06,0,s471
0,wfpt,1.2306416844537553,0.741861470288224,1.2055582843117918e-06,-1.024870500154762e-05,0.0,0.0,-0.0012935836703999587,0.42599097096499894,8.62643443344524e-07,0.7805272587486598,-0.0014509611304069237,-9.905786350516976e-06,0,s473
0,wfpt,1.2508340040288592,0.38444861965762167,8.451912289708652e-06,9.130287632164169e-06,0.0,0.0,-0.005537832122304971,0.4841462983458838,2.0303494815521184e-05,0.1776552242348842,-0.0030606518077567263,-2.721427316609848e-06,0,s477
0,wfpt,1.2372714925083335,0.9039105940997185,1.619377738570904e-07,-6.361799947063318e-06,0.0,0.0,-0.0023988166624385153,0.4485737446647783,4.749505309598057e-06,0.5132455059545309,-0.0004305233285169883,-1.094941845680708e-05,0,s481
0,wfpt,1.2674246117742611,0.0003885636639238236,0.00013984300533087524,0.00010102421411684048,0.0,0.0,-0.014978378580862862,0.503811884781403,0.00011213432618228936,0.001488841032505965,-0.015904215406973166,0.00012873320114648035,0,s484
0,wfpt,1.2909234404474534,0.9129062613287656,1.3292101430639747e-07,3.6513363490420225e-05,0.0,0.0,-0.007231941830069885,0.6245124840073208,4.762431580751514e-05,0.03842467298667049,-0.00029748026724361366,-1.0978435538877562e-05,0,s489
0,wfpt,1.2450191771796064,0.8342982565295507,5.470337819390991e-07,-9.952717835659541e-06,0.0,0.0,-0.0022086231071049914,0.47595291169417153,2.5475628268045725e-06,0.6516717866587035,0.0009742633199877285,-1.195327188763251e-05,0,s492
0,wfpt,1.285623987224259,0.3001385693553878,1.192890896428711e-05,-1.1104273468953707e-05,0.0,0.0,9.390669421507902e-05,0.627777529573887,7.0844823341076335e-09,0.9798551897961978,0.0035358697000213504,8.176834805917466e-07,0,s495
0,wfpt,1.2342351503684086,0.025251594427202005,5.562832203476198e-05,4.200854697133938e-05,0.0,0.0,-0.007740535961832731,0.41617866186751673,5.311931477369747e-05,0.028779875997122863,-0.00786321875172395,4.451758211088119e-05,0,s500
0,wfpt,1.2490113564780403,0.9892450408843566,2.0189855343133445e-09,-2.8988799509743757e-06,0.0,0.0,0.0031741041385729384,0.5220330955352934,8.212386828354568e-06,0.38995019270698705,4.7600608958739844e-05,-1.1109339022041809e-05,0,s501
0,wfpt,1.2302155112802171,0.07105267749952209,3.620626937184124e-05,1.67090548487403e-05,0.0,0.0,-0.005273999688335133,0.4133442359996504,2.782010375967925e-05,0.11357379506527823,-0.005953221727739391,2.509531364258688e-05,0,s502
0,wfpt,1.263710957514635,0.5477330982357588,4.015591625217141e-06,2.9365564073846606e-05,0.0,0.0,-0.011004013340625118,0.49505715206778556,4.047647235538854e-05,0.05631029325065158,-0.002976163597188025,-7.095721786143372e-06,0,s504
0,wfpt,1.2333963496373188,0.38469373576556,8.396293056600612e-06,2.444357082187487e-06,0.0,0.0,0.00418684829124031,0.4707772196841087,1.3555564491563032e-05,0.26936552219106974,0.0030864995567403907,-2.714971679251832e-06,0,s505
0,wfpt,1.2187175444945277,9.867960977903513e-15,0.0006655996505647854,0.0005239845553116629,0.0,0.0,0.0280176667086961,0.4915215661812484,0.000535089967765523,3.908923912279081e-12,0.02910713239504785,0.0006544956882507114,0,s507
0,wfpt,1.2320780697471791,0.02506144563987989,5.577372045550977e-05,2.0179175471812805e-05,0.0,0.0,0.008704337083607863,0.47065220702364746,3.129018582548326e-05,0.0933239180187668,0.010260245241594971,4.466298214722553e-05,0,s508
0,wfpt,1.2357762816148776,0.41413148718256754,7.410274044050702e-06,1.0550478213300352e-07,0.0,0.0,0.004595253967254955,0.46734301922490346,1.1216738179053998e-05,0.3150264749746712,0.003483457942487371,-3.701001647815616e-06,0,s509
0,wfpt,1.2305920532077859,0.3954771447478158,8.022803745455498e-06,-2.4052800327023505e-06,0.0,0.0,0.0036160676854410864,0.44235150233517906,8.705981262124851e-06,0.37606676839134934,0.003257644392814482,-3.0884651405216346e-06,0,s510
0,wfpt,1.2220970473788382,0.6039398463178818,3.0067217710039174e-06,-6.58645823459203e-06,0.0,0.0,0.002394449872931791,0.41542373898647617,4.586924556737593e-06,0.5217060863332221,0.0018798996586164955,-8.166678676646555e-06,0,s551
0,wfpt,1.238566310796874,0.1620364212125056,2.221763248355657e-05,8.213864307604624e-07,0.0,0.0,-0.003249096367795086,0.4888277419905579,1.2187855077727683e-05,0.30043746863220777,-0.003927028324407007,1.0853990328407725e-05,0,s556
