,index,log_int_pval,log_slope_val,slope_val,log_slope_pval,slope_pval,log_rsq_adj,int_val,rsq,log_rsq,log_int_val,rsq_adj,int_pval,subj_id,sub_id
0,wfpt,0.0,0.16555874960675593,0.17214754297758733,1.547434994234045e-309,2.0348667598678385e-302,0.03233765689220092,0.6563460383768132,0.031622620690131664,0.03236016119097773,1.1111600286703542,0.031600099238452306,0.0,0,s005
0,wfpt,0.0,0.05001476185508098,0.06774580418291086,8.236356162450247e-17,2.0035969861626932e-41,0.0015884145478369804,0.8134380523511009,0.0042182304258059355,0.001611633961903558,1.2830458479478493,0.004195071633081304,0.0,0,s007
0,wfpt,0.0,0.010701934571771807,0.02032321138012834,0.018959021752312327,1.0556615267772892e-05,0.00010477536026187728,0.5540809306222988,0.00045127229111419087,0.00012802927836785827,1.255782921588953,0.0004280258906372847,0.0,0,s009
0,wfpt,0.0,-0.0004989006840680488,0.0020477679372320617,0.9148046108915029,0.6636711156970383,-2.2990716274318146e-05,0.557948673204354,4.397798447519641e-06,2.6617320481037154e-07,1.2661171925353605,-1.8858994942805296e-05,0.0,0,s011
0,wfpt,0.0,0.02129223684084433,0.035466292092102815,7.737173560408881e-07,4.787199494079371e-13,0.0005445863193463962,0.6909664412011746,0.0012153862877765098,0.0005678300090525834,1.2813684830477905,0.0011921576582191173,0.0,0,s012
0,wfpt,0.0,-0.007865350264898,-0.0057899348254171245,0.08651701941791556,0.20015601094093727,4.614874835240368e-05,0.6885708688426263,3.907860277962971e-05,6.995944106713559e-05,1.306339548950907,1.5268875616425426e-05,0.0,0,s014
0,wfpt,0.0,-0.005703990289904353,-0.0011210140604120638,0.19130563148148183,0.7957983692117354,1.6455641744683724e-05,0.5772118323568216,1.5575667713374486e-06,3.971161384530575e-05,1.279452367279585,-2.1699292674037807e-05,0.0,0,s015
0,wfpt,0.0,0.030328155083995265,0.04924997340735386,3.780718882453801e-13,1.0371317102462543e-28,0.0012316678832802186,0.787841235627742,0.002938407838282253,0.001255450912976963,1.2961485442718694,0.002914667146054928,0.0,0,s017
0,wfpt,0.0,0.02645803481211792,0.05420608135741377,7.740356804464224e-07,1.5021450173642514e-26,0.0005445678990128044,0.58208665000484,0.002641266778047213,0.0005678115891474267,1.2478397321200165,0.002618071310043546,0.0,0,s026
0,wfpt,0.0,-0.0023476131251109304,0.000755754377182334,0.58683489073145,0.8629805215656536,-1.6388964547919826e-05,0.7173753194597801,6.926985998134683e-07,6.8683122780299755e-06,1.3071364764426852,-2.256418095969437e-05,0.0,0,s027
0,wfpt,0.0,0.04881725906796508,0.06992596191030906,1.1718497179471245e-21,1.7492404576825584e-53,0.002100314739764797,0.6837108388762452,0.005497422562782184,0.0021235222488988903,1.2506251416203347,0.005474293520095652,0.0,0,s028
0,wfpt,0.0,0.028306223838823964,0.04411573951790963,2.7318279130490802e-08,2.126927639521064e-20,0.0006948979098004848,0.6202110143710151,0.0019904408611131075,0.0007181381038070533,1.2546457775334727,0.001967230256919028,0.0,0,s032
0,wfpt,0.0,0.01535615479162411,0.024959209484095808,0.002069171458062242,3.228612471349672e-07,0.00019736788069302236,0.47973553338141617,0.0006070113339139427,0.0002206196454344056,1.2293394439897973,0.0005837685554437311,0.0,0,s034
0,wfpt,0.0,-0.01701531730788443,-0.012979335565123915,0.005140719880632174,0.016514593987038667,0.0001588171157114182,0.6199657085840747,0.00013365555552402597,0.0001820697770030799,1.3014993676300048,0.00011040176826782044,0.0,0,s042
0,wfpt,0.0,0.0288301197471105,0.05685843049630247,7.323406432939397e-05,4.419758303514977e-25,0.0003424130181832741,0.6363832448108024,0.002485753993965667,0.00036566140970351046,1.259596724294171,0.0024625549092174293,0.0,0,s049
0,wfpt,0.0,-0.0024722215527895695,-0.0011107156487892584,0.6658878624088118,0.8354553543795477,-1.8920506684061422e-05,0.6013137690099953,1.0033944192189281e-06,4.336288136785882e-06,1.2782386118451354,-2.2253477914402353e-05,0.0,0,s060
0,wfpt,0.0,0.028616391345206826,0.06379084894999275,5.2462679164602135e-05,4.3893610182673165e-32,0.0003570965258611336,0.6126268334762619,0.003227684833038813,0.0003803445758965296,1.2522512716565766,0.0032045030032986643,0.0,0,s062
0,wfpt,0.0,0.01652860885495684,0.010265947860589915,0.0018028568171402698,0.04678210527002888,0.00020325112225638708,0.52059825514722,9.193618724245844e-05,0.00022650275017510602,1.2346959574711842,6.868142972327185e-05,0.0,0,s063
0,wfpt,0.0,-0.0004198232035860956,0.007668078103455959,0.9188296045318854,0.06160667392511791,-2.3286687759860314e-05,0.7245298118828166,8.220368541034251e-05,2.4437927126363945e-07,1.3102351917637902,5.867510062251835e-05,0.0,0,s065
0,wfpt,0.0,-0.0016398062512341036,0.004615351718146421,0.6814866239730681,0.266037012856664,-1.9569265179208983e-05,0.7752166231860603,2.9108753693996015e-05,3.964483185625589e-06,1.3251960998775134,5.578919554882766e-06,0.0,0,s066
0,wfpt,0.0,0.09777335239564627,0.10809469298447406,2.422155859956176e-92,1.6614433235487596e-133,0.009592174006396448,0.5865018299063111,0.013963177793868353,0.009615207817875837,1.1686187242318624,0.013940245638368043,0.0,0,s071
0,wfpt,0.0,0.0972093098888761,0.1054909053451896,1.746612967848752e-64,7.778082326197541e-94,0.00664093288536427,0.5007134770211477,0.009772999710156882,0.006664034796271756,1.1451640068688094,0.009749970104122041,0.0,0,s081
0,wfpt,0.0,0.215913889764611,0.2173052140333857,0.0,0.0,0.05807959344510172,0.5278693391125109,0.05791591300765686,0.05810149908026885,1.0195589743500086,0.05789400305633374,0.0,0,s082
0,wfpt,0.0,0.007056530396101136,0.03186918617576845,0.15075628571481467,3.790919436053546e-12,2.506013075309621e-05,0.8326281751393151,0.0011342407877007465,4.859836816262231e-05,1.3269302116481556,0.001110736957891989,0.0,0,s083
0,wfpt,0.0,0.0035650457272383973,0.014162720864662574,0.45644706943827873,0.0025744282962530743,-1.0480283811231672e-05,0.6201541895627438,0.00021379980824109968,1.3049928200503658e-05,1.2819035983108613,0.0001902743199783119,0.0,0,s084
0,wfpt,0.0,0.14078155433129128,0.1616640763179818,1.7781048909681576e-139,3.2741053528851435e-226,0.014569578153242668,0.4758359122507404,0.023693049837209212,0.014592495672762773,1.0912766135682153,0.0236703439683279,0.0,0,s085
0,wfpt,0.0,-0.005278958637635951,-0.0006318865853309824,0.1708287417170554,0.8824531148684706,2.136068552904824e-05,0.8177494878392592,5.332673171931646e-07,4.575278815643902e-05,1.33768990079406,-2.3858153404221483e-05,0.0,0,s086
0,wfpt,0.0,-0.0030056200098004388,-0.013071427184091475,0.5190060108847148,0.00470617966050337,-1.358669965645376e-05,0.6822887087409113,0.000185784781455256,9.67321676481614e-06,1.2948682847590511,0.00016253220656303746,0.0,0,s089
0,wfpt,0.0,0.010673568656838581,0.01592533944112511,0.04305864582798055,0.0025581887941176318,7.193465202448568e-05,0.46700539111425676,0.0002115829932942681,9.518933388563688e-05,1.2294132939673688,0.00018833101838833244,0.0,0,s091
0,wfpt,0.0,0.004022968406143811,0.015849779338642372,0.3667811841939106,0.0005116066655692219,-4.363460510470318e-06,0.6133939980036894,0.00028404407606152926,1.916660757250721e-05,1.2784582042255108,0.00026052024068290436,0.0,0,s092
0,wfpt,0.0,0.005390192402640272,0.010280663664063314,0.336888720677497,0.04837294187703954,-1.8293116148537791e-06,0.6384225870025603,9.169487474203208e-05,2.170069683959941e-05,1.2804367211158771,6.816651328678258e-05,0.0,0,s093
0,wfpt,0.0,0.04778637752484452,0.06569902059763022,2.3575658633331813e-21,5.0901517047642677e-42,0.002068213329570856,0.6152534479703377,0.004281353454860803,0.0020914215852667617,1.2338970233054805,0.004258196130181968,0.0,0,s094
0,wfpt,0.0,-0.00044391427778887015,0.006098181192270712,0.9235188866016459,0.18264813040907515,-2.3042543185969322e-05,0.6288174516592696,4.1302579046442744e-05,2.1434749852833335e-07,1.2842907331555589,1.804664394666755e-05,0.0,0,s097
0,wfpt,0.0,0.009087117180347427,0.006497941575643727,0.053266340038380364,0.16939640095569325,6.674091342373512e-05,0.6454674077364202,4.60572813385518e-05,9.113666972038192e-05,1.2552942411382353,2.166697101313453e-05,0.0,0,s098
0,wfpt,0.0,0.023982812428009537,0.03548064546417289,0.0013281092061288803,8.657455796719148e-10,0.00021888978455841812,0.6487448782646306,0.0008845093973565143,0.00024241515305145622,1.2616396920306268,0.0008609996912385398,0.0,0,s103
0,wfpt,0.0,0.02659705793806908,0.020627353415990472,1.8864755085333975e-08,1.4486626829857474e-05,0.0007199726419209185,0.40423634894038674,0.0004423741946297799,0.0007434856664004785,1.1901529189896567,0.0004188540848409916,0.0,0,s106
0,wfpt,0.0,0.01457370279348319,0.0391283090602815,0.008282823498746173,6.317391846574201e-15,0.00013886917473493465,0.7197534505158172,0.001413039318012621,0.00016212284073857663,1.2981601880781397,0.0013898152852510615,0.0,0,s108
0,wfpt,0.0,0.0020071691262083143,0.008478225924021775,0.6657551706839757,0.05433416186347526,-1.8916839135352248e-05,0.478676651763142,8.610369559380882e-05,4.339955600229928e-06,1.2421163157390809,6.284880242901636e-05,0.0,0,s110
0,wfpt,0.0,0.005347732737999567,0.01211192695744785,0.07724529933179693,5.790640746184912e-06,4.9935856018090696e-05,0.6628588428791589,0.00048358641768764254,7.346741492386677e-05,1.2895360632598036,0.0004600672776438053,0.0,0,s111
0,wfpt,0.0,0.04681550497492728,0.05534289493246143,1.9783215653644822e-19,8.296676214880325e-29,0.0018868139501201364,0.5961217835340287,0.0029142770021152176,0.0019102995188641225,1.2280307357760596,0.0028908150574825653,0.0,0,s112
0,wfpt,0.0,-0.003472000378997857,0.00019276208748829002,0.5541436812314668,0.9707371893954522,-1.5295850544161382e-05,0.7244288568291948,3.166528095288612e-08,8.234474777490952e-06,1.308051653231355,-2.3498853057191127e-05,0.0,0,s121
0,wfpt,0.0,0.0012533330099997542,0.004576562553449608,0.7678128195827565,0.3155767123826793,-2.122964198902899e-05,0.6525918694655264,2.3424135768168597e-05,2.0272065338611256e-06,1.2904744176281084,1.6778487132995679e-07,0.0,0,s128
0,wfpt,0.0,-0.0012427463580486006,-0.0012470051472040608,0.7998313000018238,0.7968344628515888,-2.2017561945197883e-05,0.6000302354226008,1.5595838238624538e-06,1.5129215382714278e-06,1.2787510976956267,-2.1970898561596286e-05,0.0,0,s129
0,wfpt,0.0,0.011468409599720356,0.01110578342447963,0.008462727078134386,0.011232521092199339,0.00013797203359777743,0.5719927873240687,0.00014948948972604015,0.0001612251796700992,1.2599652738273739,0.00012623607071804432,0.0,0,s142
0,wfpt,0.0,-0.002201335205843412,-0.002467868982001001,0.672939312789661,0.6084606228937578,-1.9113662569125722e-05,0.6158226122231409,6.103188639583479e-06,4.144218531121346e-06,1.2775900926078625,-1.715356508880106e-05,0.0,0,s145
0,wfpt,0.0,0.06583347515245175,0.07212598847438455,4.240546197558023e-34,5.9571814055347796e-49,0.003499377545559623,0.7320790412934207,0.0051358108609079745,0.0035231043157792907,1.2426062441234103,0.005112122490291693,0.0,0,s149
0,wfpt,0.0,-0.007577675952640056,-0.007880264948461124,0.13053127128327008,0.11157703338803736,2.9912874512372234e-05,0.521932101685129,5.887939201276726e-05,5.3168533646896776e-05,1.2598764946721268,3.5623865695111334e-05,0.0,0,s161
0,wfpt,0.0,-0.007486897099509483,-0.0016434278545974668,0.09474589246315913,0.713989581091883,4.167356113327081e-05,0.7061233713615285,3.124005561017107e-06,6.492948760505879e-05,1.3112861539224414,-2.0132817453832885e-05,0.0,0,s163
0,wfpt,0.0,0.09143936309461657,0.10351372065041005,6.152987160045127e-56,2.3687067839458705e-106,0.005734562467201498,0.6964814372605117,0.011096627923884328,0.0057576854569810765,1.203477645720377,0.011073629101332694,0.0,0,s165
0,wfpt,0.0,0.09316125184363855,0.09622550217398193,7.978007762624102e-116,3.320216115395518e-120,0.012074445475188766,0.5572994247389975,0.012559962497439958,0.012097421022399635,1.1654749123744057,0.012536997707507824,0.0,0,s168
0,wfpt,0.0,-0.011718893634148757,-0.013951672467734029,0.016887100022222386,0.0018992382504550702,0.00010950618128646727,0.5619341576096297,0.00022427758629828265,0.00013276323461652861,1.2745321348936276,0.00020102590662918196,0.0,0,s170
0,wfpt,0.0,0.04019012183704544,0.0295702467413764,8.994238899856762e-17,4.1258551617773443e-10,0.001603009150064394,0.42207037590813357,0.0009185115300822666,0.0016265013967254882,1.1772541643784173,0.0008950026240521769,0.0,0,s173
0,wfpt,0.0,0.0016973159315963014,0.0031320636221110988,0.6454013630434801,0.4574669663216585,-1.8547832992821256e-05,0.8079276878810489,1.2990917816813052e-05,4.982568847955449e-06,1.3331523581817217,-1.0539295583367192e-05,0.0,0,s179
0,wfpt,0.0,0.008385565493125687,0.012029826389238833,0.1754145934966445,0.031093385933819623,1.9444510387600644e-05,0.718013391987251,0.00010808879804591331,4.2700412978047275e-05,1.2995340528851584,8.483441618634124e-05,0.0,0,s180
0,wfpt,0.0,-0.005152245747243683,-0.004392546279472675,0.2708316621742868,0.3448826482156424,4.943371576859867e-06,0.6864107441892344,2.0749757455029716e-05,2.8199611410983927e-05,1.3039718588825453,-2.506655639500366e-06,0.0,0,s182
0,wfpt,0.0,0.0074331714703682605,0.009063338097845063,0.1059655585948032,0.051516995318295435,3.752252979483117e-05,0.529628784893435,8.817298986951716e-05,6.077801195647492e-05,1.2511467996894947,6.491814483000624e-05,0.0,0,s184
0,wfpt,0.0,-0.005257109289143205,-0.00701583597457375,0.2158267707872797,0.09022908578744632,1.2979659061773674e-05,0.8347906735967344,7.000868448447939e-05,3.737970347883479e-05,1.3394956805055906,4.561895836807661e-05,0.0,0,s187
0,wfpt,0.0,0.06261175719412837,0.06459695997449255,4.651791941799754e-52,4.736067055252299e-54,0.005323160985223896,0.5641228123134535,0.00555760992085097,0.0053462935427022185,1.201119773311559,0.005534482277935515,0.0,0,s190
0,wfpt,0.0,0.1737551274797077,0.17110062318794445,0.0,0.0,0.03859221820403258,0.5375266731001429,0.0373553839894325,0.03861457704451243,1.0691441170380553,0.03733299586403116,0.0,0,s192
0,wfpt,0.0,-0.0006252734390175697,-0.0014433034044716289,0.886923849264881,0.8143786130106827,-2.279033085139659e-05,0.9670965338777658,1.281984872814057e-06,4.7034067651718914e-07,1.3627992810634282,-2.1974880981767697e-05,0.0,0,s196
0,wfpt,0.0,0.018303947322109403,0.03068743026258917,4.1258778574482103e-07,3.238122970139158e-13,0.0005795029061749224,0.7645906716995865,0.001247722347951452,0.0006030192359024467,1.3038811768923684,0.0012242211884228027,0.0,0,s198
0,wfpt,0.0,0.012473052849662852,0.010055105320505995,0.003070259931069103,0.02035346734848974,0.0001805816663347226,0.4951885771189601,0.0001251464323841489,0.0002038338214622737,1.231074376566033,0.00010189244723213253,0.0,0,s205
0,wfpt,0.0,0.009217268606976164,0.0007153085250040463,0.002489937743821913,0.8209340909472596,0.00019666153352460025,0.44839873807302916,1.234567177821333e-06,0.00022079446790557178,1.2148567396338823,-2.286294994191529e-05,0.0,0,s206
0,wfpt,0.0,-0.015284844250819773,-0.01032587168602981,0.005847145175939179,0.03851544019776647,0.0001534120303893216,0.5782789690088577,9.958485380301418e-05,0.0001766648173836538,1.2902189202655154,7.633027416809046e-05,0.0,0,s207
0,wfpt,0.0,0.31995520471400063,0.30727550035211265,0.0,0.0,0.12678473712673277,0.5226278883628048,0.11989758338566159,0.126805044930702,0.8991259622628349,0.11987711493557995,0.0,0,s209
0,wfpt,0.0,-0.00464525354679372,-0.01344740742283192,0.11001936792770503,1.0533474788190304e-05,3.89004766538914e-05,0.6579488728029914,0.0004852163473831883,6.393204518106987e-05,1.2906278352684843,0.000460227228335941,0.0,0,s212
0,wfpt,0.0,0.0018136826850614993,0.0045836528344665,0.6859011033518372,0.3127228927811058,-1.9456072114065748e-05,0.850599006394179,2.3702046737850146e-05,3.804521858552512e-06,1.3373271605123191,4.4570230439688885e-07,0.0,0,s216
0,wfpt,0.0,0.02946499515903764,0.04213125146969871,1.5717641314614251e-12,2.2421780773291253e-22,0.0011513273966837767,0.7407189752494499,0.0022253268352132594,0.0011748302714008618,1.2865474228774403,0.002201848679225571,0.0,0,s218
0,wfpt,0.0,0.00540993421321145,0.00379573581156064,0.21378416473979947,0.3923229804316919,1.2689886110472948e-05,0.6041877305168005,1.7017822927067883e-05,3.5945945788817824e-05,1.272646757698042,-6.238676960812484e-06,0.0,0,s226
0,wfpt,0.0,0.008983770960222147,0.0005754366975234838,0.06599608188788271,0.9038504579737903,5.534872552537262e-05,0.6257611750227192,3.393762454395599e-07,7.860379311463994e-05,1.2673744323004779,-2.291751153116195e-05,0.0,0,s233
0,wfpt,0.0,-0.003272963744072481,0.0018116049536480053,0.4731017925471702,0.694421178791637,-1.1285710639574731e-05,0.5865259865564085,3.5895230918736587e-06,1.1970906623859356e-05,1.2780851611254611,-1.9667289096414464e-05,0.0,0,s237
0,wfpt,0.0,-0.00267206805419252,-0.0025024224640334465,0.5524118303174177,0.5834931973039387,-1.504662962870107e-05,0.5779376499925979,6.991574554859881e-06,8.210075099990277e-06,1.2702858285435923,-1.626515851227417e-05,0.0,0,s238
0,wfpt,0.0,0.016326103089300992,0.028899105651206312,0.00035962021520267643,1.5045847317989478e-10,0.0002727960408452912,0.6231459761149465,0.0009536206542086756,0.00029604605140265416,1.2693650758962303,0.000930385936795175,0.0,0,s244
0,wfpt,0.0,-0.008299779921628156,-0.01375281401080432,0.08076086172241666,0.003247048626382921,4.766771776121281e-05,0.5688712235451818,0.00020146062684534005,7.092404569775113e-05,1.274548365905587,0.00017820841652460562,0.0,0,s254
0,wfpt,0.0,0.0001814446348964438,0.0012884814876779286,0.9674945694247563,0.7741425666163727,-2.3220973532023237e-05,0.7198695372617012,1.9151403843897796e-06,3.8625969644989766e-08,1.2997975447133006,-2.134171074485991e-05,0.0,0,s259
0,wfpt,0.0,-0.005834792729413814,-0.0032966073161694847,0.24900443877566095,0.5030512688714407,7.649344859750329e-06,0.7648659991182772,1.0430631859126294e-05,3.0905521762769617e-05,1.319264339643908,-1.2826021226208795e-05,0.0,0,s262
0,wfpt,0.0,0.005640420998173728,0.004145868480997621,0.11407097470445351,0.3624692304774443,4.173510051952434e-05,-0.6989739217383073,2.3038001291886268e-05,6.96139414054775e-05,0.7985444963237347,-4.740679801606973e-06,0.0,0,s265
0,wfpt,0.0,0.008968288027544846,0.013080796397841618,0.1745206376242268,0.01550010487657789,2.0089099062925442e-05,0.7348290396609141,0.0001394917914827598,4.3898711456158424e-05,1.3017751610957928,0.00011568445522358584,0.0,0,s269
0,wfpt,0.0,0.005901145050074497,0.007796398935855917,0.08453197207264138,0.05116293722458861,4.594492089649016e-05,0.6787278778281081,8.844149566533677e-05,6.920020718403919e-05,1.295523840279894,6.51866568704973e-05,0.0,0,s273
0,wfpt,0.0,-0.002680357526557837,-0.004499279565017078,0.5917985018575347,0.36360301149240504,-1.6764236033584012e-05,0.582419374762603,1.942237623797638e-05,6.7661238393190715e-06,1.2682142952041737,-4.107685826593155e-06,0.0,0,s275
0,wfpt,0.0,-0.014145619856423819,-0.016281108049841897,0.021110998268678363,0.003797939612382916,0.00010041077458600167,0.5077261174311286,0.00019482912924051465,0.00012366479419634313,1.2624416465927186,0.00017157676469170546,0.0,0,s277
0,wfpt,0.0,-0.006078634164158991,0.0027314134528728384,0.4392353699599334,0.6921107246510234,-9.34239174821272e-06,0.64421657081698,3.6469468808197902e-06,1.391418032070657e-05,1.2990710770056473,-1.9609863971981056e-05,0.0,0,s284
0,wfpt,0.0,0.03426022865701359,0.03528816550317872,3.6104890673808415e-06,4.428508968832535e-09,0.00047575834118795957,0.7883733171322507,0.0008003223880610477,0.0004990036315820623,1.2868944958052686,0.0007770841054057787,0.0,0,s285
0,wfpt,0.0,0.004558044082359363,0.004628668316247932,0.405419680151473,0.3708477017857398,-7.3288241906332985e-06,0.7289253799742029,1.9068145037381967e-05,1.6482007963891654e-05,1.3014300067147033,-4.742058588025344e-06,0.0,0,s286
0,wfpt,0.0,0.0035742852911056847,0.019959740110660214,0.46239094513341206,1.7340014554817275e-05,-1.1082323268407634e-05,0.7141640911771474,0.00044477568307754733,1.3015490658130346e-05,1.305017514469056,0.00042068885421064905,0.0,0,s291
0,wfpt,0.0,0.1365748866418372,0.14307895635057158,2.1993445669488168e-89,5.53768654996354e-136,0.009278882800136223,0.4953239005915804,0.01422432351641012,0.009301923361944575,1.0995948468995114,0.014201397434348562,0.0,0,s294
0,wfpt,0.0,0.009498377506194072,0.002705266493871673,0.1024004209469756,0.6176382956000404,3.971057777329978e-05,0.6244923058087766,5.9336908787566145e-06,6.351972297735653e-05,1.2637504107352158,-1.787682548659575e-05,0.0,0,s295
0,wfpt,0.0,0.019984413928294455,0.01384064709752815,4.6973281710888015e-05,0.004358232537551517,0.00036196788549358594,0.44706043504386167,0.00018902070981574592,0.0003852158222389379,1.205921641093779,0.00016576821018121635,0.0,0,s301
0,wfpt,0.0,0.0025019237930422288,0.0017407374993593204,0.6070654637700259,0.7180667409158503,-1.710594065440496e-05,0.5739051765061209,3.0316272527919352e-06,6.150811966421088e-06,1.2641150421324663,-2.0225197910450632e-05,0.0,0,s305
0,wfpt,0.0,-0.005815066743142319,-0.00013419515575694568,0.285497209532058,0.9777627973309005,3.273617635302095e-06,0.622726232861456,1.8069637119921822e-08,2.652989630180791e-05,1.2888973269502213,-2.32388256120597e-05,0.0,0,s307
0,wfpt,0.0,0.06488537956212218,0.06472602436742025,5.356634269517355e-51,1.0356086389111354e-50,0.0052105834542830465,0.7094571239542331,0.005203348432005761,0.005233718629904405,1.2373231426702658,0.005180212550067842,0.0,0,s313
0,wfpt,0.0,-0.008319528329687575,0.0006291609159132447,0.08816260015382782,0.8933643794779322,4.542145291186461e-05,0.7155858376250979,4.278574546878744e-07,6.923046213946904e-05,1.3176993306608156,-2.3382790008241727e-05,0.0,0,s314
0,wfpt,0.0,0.001602470443800564,0.005253089133307862,0.6919263870629628,0.22802812390830435,-1.9835919186528272e-05,0.8614656149867741,3.41924646185543e-05,3.694512962781893e-06,1.3462968500562962,1.0662750101753105e-05,0.0,0,s326
0,wfpt,0.0,-0.015251324280692473,-0.015547093321435534,0.011985704023421076,0.003510611072203445,0.00012501144894594418,0.6122863726498244,0.0002004870827441163,0.0001485384728417971,1.2952629491373264,0.00017696128122601795,0.0,0,s328
0,wfpt,0.0,0.012810091435026934,0.011264635474524769,0.00950508861086263,0.02133011718787798,0.00013314761153093713,0.4649612796858138,0.0001232464713646353,0.00015640086980173162,1.2240680199377425,9.999244202540947e-05,0.0,0,s329
0,wfpt,0.0,0.006746082932744526,0.013515205962735796,0.20171103414074612,0.00457984467015499,1.4823486722548296e-05,0.599644009852387,0.00018912975726936843,3.8353103337329664e-05,1.2693861011764782,0.0001656036885074874,0.0,0,s334
0,wfpt,0.0,-0.0064596753396258385,-0.0065220129707834786,0.20069862812312425,0.18498194289386405,1.4996222793661751e-05,0.4666842460117568,4.134599225102953e-05,3.852583534402765e-05,1.2423321711660156,1.781644606047017e-05,0.0,0,s336
0,wfpt,0.0,0.001752267684017872,0.004670997623921414,0.6856719482384358,0.29972662645034504,-1.9447038849707e-05,0.6246264563616446,2.5010678087022953e-05,3.8097682164561775e-06,1.2807463936648775,1.7543640882244915e-06,0.0,0,s339
0,wfpt,0.0,0.03310482248954255,0.04094883617343601,3.848874493947284e-09,5.895064046406288e-15,0.0007834298884978885,0.6696057632323722,0.0014162027507036434,0.0008066680235733203,1.2622591444727602,0.0013929787915137881,0.0,0,s346
0,wfpt,0.0,0.02181365556255689,0.0472037486453253,0.0016339010313108939,1.3184916499699025e-17,0.00020990032340839626,0.6980122080714337,0.0017154937460400754,0.00023342534987191854,1.2845308408422786,0.0016920035934151478,0.0,0,s357
0,wfpt,0.0,-0.0019034773012350462,-0.0049305588501350845,0.6833345983735784,0.2989881564245578,-1.9614997391004252e-05,0.6241062310356105,2.5382389506778402e-05,3.91542956013069e-06,1.2806149104933124,1.852467684360093e-06,0.0,0,s359
0,wfpt,0.0,0.0008121182947018052,-0.000448796113991564,0.8843164077994774,0.9289648921108713,-2.330711971931798e-05,0.7427230127734457,1.8923103084489412e-07,5.040928889865626e-07,1.3085933525594848,-2.362142211387308e-05,0.0,0,s365
0,wfpt,0.0,0.13131814211529758,0.13167651777206602,1.0681225672222467e-195,1.2520419310243267e-188,0.020477712062111797,0.5294315505421592,0.01975946622475333,0.020500492179973517,1.1145626721237334,0.019736668872928242,0.0,0,s368
0,wfpt,0.0,0.007840852129081134,-0.0019003958756856803,0.12201450139528427,0.6996017382590929,3.274155049270977e-05,0.5835825773703184,3.5034116984133945e-06,5.627351402748282e-05,1.2523534821993771,-2.002702494774411e-05,0.0,0,s369
0,wfpt,0.0,0.029505941490820073,0.03193211749941749,2.643795153355921e-13,4.575747561299808e-14,0.0012192467300108367,0.8461095661847269,0.0013225543646576687,0.0012424747295751715,1.3130355323201928,0.0012993282274970097,0.0,0,s372
0,wfpt,0.0,0.013809630189574838,0.030261019680827783,0.0010866891147328697,1.2270080177527866e-10,0.00025795712871345966,0.8088790793001553,0.001104036922061069,0.0002846183384545009,1.3214103470559748,0.0010773982756512313,0.0,0,s373
0,wfpt,0.0,-0.0016315828134649962,-0.0050574186271031265,0.753554452164166,0.3212042599593416,-2.0964423932845477e-05,0.5905505086651556,2.288564102148616e-05,2.292418422200626e-06,1.2734784760812685,-3.7072239900126647e-07,0.0,0,s374
0,wfpt,0.0,0.03191374574343587,0.020619817198865773,1.2615451728858217e-12,5.1323527029245635e-06,0.0011894399206715534,0.4515922907941778,0.0005008023088561853,0.0012135082249699058,1.1958370259220628,0.0004767168300935376,0.0,0,s376
0,wfpt,0.0,0.012893567003799705,0.01997291833058241,0.032111898504594553,0.00036122160626470603,8.354872314830786e-05,0.5169024220414726,0.0002958528527331472,0.00010680313490840643,1.2416886409932821,0.00027260283768260063,0.0,0,s380
0,wfpt,0.0,0.042185085598500593,0.0458653927783367,3.841489474331191e-07,7.411522558908953e-12,0.0005759696887092103,0.6696386879386151,0.0010905259078927143,0.0005992126485526716,1.2495360050476898,0.0010672943744705066,0.0,0,s383
0,wfpt,0.0,0.0007156029149994097,-0.0018583726212733631,0.8591689754149479,0.6472579799750482,-2.3926398542206684e-05,0.5900132881905116,5.1700505020457754e-06,7.777498371996927e-07,1.2605706506129752,-1.9522399247406952e-05,0.0,0,s384
0,wfpt,0.0,0.02110072967961521,0.03694274659584292,3.119034069948123e-05,9.51971363658522e-12,0.0005275854827727633,-0.42348923154102147,0.0014965778058766421,0.0005598556756734041,0.8742049518167576,0.0014643659398790865,0.0,0,s388
0,wfpt,0.0,0.010959980173220488,0.026286274786452755,0.05019500023151774,1.7970632336998139e-07,6.670655618079557e-05,0.6660082863370889,0.0006407724424076777,9.023495198878795e-05,1.285582965239504,0.0006172570010326561,0.0,0,s391
0,wfpt,0.0,0.023249528013266546,0.01666508830705367,5.136726259232338e-07,0.00036414546716287714,0.000562939613153568,0.36803633147065895,0.0002955023236717036,0.0005861828760290733,1.1815534640096823,0.00027225230046890037,0.0,0,s396
0,wfpt,0.0,0.035501958920468035,0.045912445735166806,2.1523233695552697e-21,5.004677656017353e-28,0.002072395729482812,0.6751608891032983,0.002797749020731044,0.0020956038879113015,1.261825666518615,0.0027745571920185785,0.0,0,s397
0,wfpt,0.0,0.005340535635968965,0.011527506570457795,0.2973807822931492,0.01735520354564216,1.9983966484948823e-06,0.7147231440450347,0.00013162905734032115,2.5254704971944264e-05,1.304273838661403,0.00010837522295403801,0.0,0,s402
0,wfpt,0.0,0.01478572192557949,0.028753736050025895,0.006964695564187998,1.0728580297166114e-08,0.0001460925808405289,0.6311966800022872,0.0007603259510096105,0.00016934553805847408,1.2719589774681057,0.0007370867381614188,0.0,0,s403
0,wfpt,0.0,0.0377060351408714,0.05661617251440933,6.05015007353871e-15,4.067715861307387e-31,0.0013917915033224704,0.6439625905428802,0.003125189169580822,0.0014150154901243495,1.2513693782869555,0.003102004956109794,0.0,0,s408
0,wfpt,0.0,0.0849512340104253,0.0921486097202854,6.152298185326591e-104,1.3218636088186525e-112,0.010818392269457244,0.6095478943794166,0.011757393609525213,0.010841397027887112,1.189575918713125,0.011734410154332187,0.0,0,s409
0,wfpt,0.0,0.0047576787088463015,0.007580236380224568,0.21902012982909536,0.068377349456332,1.2459625553740139e-05,0.7058766895989382,8.101506392432789e-05,3.685075537418481e-05,1.3005480988159985,5.6625606269289364e-05,0.0,0,s420
0,wfpt,0.0,0.0405314402261759,0.046129416405017096,3.1935661758421803e-15,4.114258135357929e-24,0.001421009128646622,0.7572887295668879,0.002383195939835825,0.0014442324359530412,1.2763388092646695,0.0023599944699056463,0.0,0,s421
0,wfpt,0.0,0.06693067626394944,0.08814248536775265,9.702938410111031e-41,9.759293667861357e-77,0.004122400097734014,0.5614518147214186,0.007962649510866782,0.004145560580533614,1.1977453655429593,0.007939577801706177,0.0,0,s425
0,wfpt,0.0,0.01664558941529276,0.030848820155112852,0.0016937015878371903,3.8657466632616236e-10,0.0002108294090363838,0.7251244159925628,0.0009324661422668301,0.00023463504669996027,1.295248363705201,0.0009086776872484492,0.0,0,s427
0,wfpt,0.0,-0.021297875820729464,-0.016520841744045774,7.693414714534871e-06,0.0003576956331848917,0.00044215361417498933,0.6771655583214172,0.0002962793924727869,0.00046540347104095936,1.3117062503003136,0.00027302938734219406,0.0,0,s430
0,wfpt,0.0,0.039819231970399604,0.03665662180756642,2.426351646732662e-17,7.038169251299953e-21,0.0016443985683310958,0.965972565554557,0.00204120572884392,0.0016676166804134862,1.3297543681465185,0.0020179963052830985,0.0,0,s441
0,wfpt,0.0,0.005365624149647433,0.010749669431143697,0.29699221355513233,0.0264774492408499,2.039057315661452e-06,0.6912384464450669,0.00011452489499486074,2.5295364693533884e-05,1.2964999371397792,9.127066281888752e-05,0.0,0,s449
0,wfpt,0.0,0.08131089682510517,0.09203847619971653,1.01482084524275e-40,1.6818365151700407e-64,0.00412033312351634,0.6465120477133501,0.006665774944130898,0.0041434936543862655,1.2031383592663236,0.006642673073693817,0.0,0,s451
0,wfpt,0.0,0.028538784727855593,0.03381098775123676,6.211621082782815e-13,3.303714000695324e-15,0.0011802764478594518,0.7913601207246602,0.0014426816767210138,0.001203505353730483,1.300024001517657,0.0014194583333487776,0.0,0,s453
0,wfpt,0.0,0.01284739140091331,0.011745621221750715,0.0003981979409904976,0.0023771126857406928,0.0003010453894771725,0.43581471939348476,0.00023980111985366648,0.0003271260801612774,1.1860131327705004,0.00021383197343349813,0.0,0,s456
0,wfpt,0.0,0.0028275572878198527,0.006846171491075042,0.5549238152390805,0.14498735027321466,-1.5510718017974767e-05,0.6581423694387263,5.0578202709483655e-05,8.299742010109412e-06,1.2917572767791392,2.6768749359251665e-05,0.0,0,s467
0,wfpt,0.0,0.0011277439743274387,0.009616864896492144,0.8368597896997048,0.05879249526149507,-2.2270776845134677e-05,0.6137623163939687,8.305078040449221e-05,9.86095890942451e-07,1.2814381779455841,5.979581623827279e-05,0.0,0,s469
0,wfpt,0.0,0.017577323091988492,0.0421597727877316,0.0005954859750239074,4.271250287735681e-18,0.00025091470599380994,0.6678389898773456,0.0017472213377532908,0.0002741652254312221,1.2794537053399866,0.00172400507702819,0.0,0,s471
0,wfpt,0.0,0.007670344695256973,0.015716007148621314,0.2035417797037147,0.0016459288150381028,1.434558967583488e-05,0.714845863379212,0.00023039738711227997,3.760269259966975e-05,1.2931034656121259,0.00020714584977077344,0.0,0,s473
0,wfpt,0.0,0.008579119704842868,0.024784478928553025,0.105727596433919,7.776865856943448e-07,3.76054697217576e-05,0.5034579090158282,0.0005676008702462099,6.0860949954499866e-05,1.2448942006805814,0.0005443571752109522,0.0,0,s477
0,wfpt,0.0,0.06260238007135868,0.06772904619172058,2.6243930927189158e-50,7.57958601017835e-52,0.005137373932287526,0.5904895081385033,0.005323803064003485,0.005160510810495511,1.208752978328742,0.005300669983466455,0.0,0,s481
0,wfpt,0.0,0.005018523848559053,0.016259584308962606,0.29642190337772095,0.0006244732870655124,2.1488485562048965e-06,0.7552528559551313,0.00027858662239133025,2.5958888108412737e-05,1.3134677661000704,0.0002547825980715457,0.0,0,s484
0,wfpt,0.0,0.01274496739731552,0.013061374264140209,0.0027557917495199835,0.0002728172965454983,0.0001851683272605653,0.693981885510867,0.0003080720297075068,0.00020842037571910943,1.2896265146681576,0.0002848222988370841,0.0,0,s489
0,wfpt,0.0,0.005240390851301584,0.006060493597003655,0.35438558503789597,0.26476786118589685,-3.3480899674920295e-06,0.6387992720193479,2.926375720024854e-05,2.01819542239301e-05,1.2833452012020345,5.733926708439974e-06,0.0,0,s492
0,wfpt,0.0,-0.004429627710231081,0.006978996129129163,0.27336139035540735,0.09153661695891392,4.647450817962806e-06,0.7992844333105562,6.621422619845774e-05,2.790423840215439e-05,1.3369551327965037,4.29588704663475e-05,0.0,0,s495
0,wfpt,0.0,0.0036865454749712544,0.0040727371724127185,0.3741707073815481,0.37375545805113364,-4.94711597154307e-06,-0.4074187747354699,1.861599455443841e-05,1.858628828599329e-05,0.9234922974604687,-4.9140864848418175e-06,0.0,0,s500
0,wfpt,0.0,-0.007589388476870245,-0.005611410105821373,0.06145384934837316,0.19055274989610904,5.877601709036728e-05,0.6615506653536279,4.0315413112668175e-05,8.23062605009861e-05,1.2992966297302149,1.67858426720624e-05,0.0,0,s501
0,wfpt,0.0,0.02359436008990899,0.027479850555418198,2.8993598533241663e-08,9.48644962817955e-10,0.0006922135075860814,0.629568357299747,0.0008700838197588379,0.0007154537640220449,1.2622994098821803,0.0008468471595379778,0.0,0,s502
0,wfpt,0.0,0.009786320331312135,0.010704893102728439,0.05818537322599573,0.02413324248973335,6.020242399329412e-05,0.6128985550832183,0.00011825642245644197,8.345954220645435e-05,1.2626009405521792,9.500227706416009e-05,0.0,0,s504
0,wfpt,0.0,-0.005199410785260025,-0.007906306590005529,0.2674777012887302,0.10655492628438845,5.46841813364729e-06,0.5231397484243665,6.201573996689191e-05,2.9278378646635517e-05,1.254382331089155,3.8206558952036396e-05,0.0,0,s505
0,wfpt,0.0,0.011851235488599898,0.013679557218040699,0.015573505850870103,0.004050717072011932,0.00011280075041530946,0.5979048793615755,0.00019210757545595758,0.00013605448187992142,1.2664392896307217,0.00016885514761233456,0.0,0,s507
0,wfpt,0.0,0.003413257194642305,0.011196218785174315,0.5385107916535725,0.02783555743696185,-1.4458385123594653e-05,0.5791347961698704,0.00011251703519998824,8.79830592470654e-06,1.270445479531306,8.926275632747949e-05,0.0,0,s508
0,wfpt,0.0,0.004671545390343854,0.010593397760300648,0.42035780195400363,0.04433518929176708,-8.251384799429218e-06,0.5929739611238101,9.514813969124791e-05,1.5278774766258607e-05,1.2724600575307519,7.161985949311056e-05,0.0,0,s509
0,wfpt,0.0,-0.0026453338388484,-0.005742962824220849,0.5434748212064368,0.21321271650591098,-1.467164244850494e-05,0.5542203734206927,3.603578678734731e-05,8.585053559384548e-06,1.2658239121369903,1.2779729198331147e-05,0.0,0,s510
0,wfpt,0.0,0.025091914161323878,0.04809113226119843,2.7148741390976997e-07,3.459901653525658e-24,0.0005985058575618263,0.5944601313190166,0.0024192566712087915,0.0006220217401505801,1.2522950017040997,0.002395783078490865,0.0,0,s551
0,wfpt,0.0,0.015996976999610724,0.005680605334043043,0.0013297916533336037,0.2501977970063384,0.0002297206092852777,0.6049767964206074,3.264836893235312e-05,0.00025441605142006996,1.2394398999332086,7.956597693481449e-06,0.0,0,s556
