"dv","iv","fold","R","all_folds_r","all_folds_r2","all_folds_rmse","shuffle_mean_r","shuffle_sem_r","shuffle_mean_r2","shuffle_sem_r2","shuffle_mean_rmse","shuffle_sem_rmse","iv_data","dv_data"
"Drug_Use","drift_rate",1,-0.229328993479639,-0.108572820263958,0.0117880573000698,0.992142175202959,0.00293880402670785,0.0049517512814438,0.00243610080368215,0.000350936351099649,0.989821258487274,0.0000501548659953148,"ez_t1_522_fa_3_condition_scores","demog_fa_scores_t1"
"Drug_Use","drift_rate",2,-0.179818710106386,-0.108572820263958,0.0117880573000698,0.992142175202959,0.00293880402670785,0.0049517512814438,0.00243610080368215,0.000350936351099649,0.989821258487274,0.0000501548659953148,"ez_t1_522_fa_3_condition_scores","demog_fa_scores_t1"
"Drug_Use","drift_rate",3,-0.00996979001373087,-0.108572820263958,0.0117880573000698,0.992142175202959,0.00293880402670785,0.0049517512814438,0.00243610080368215,0.000350936351099649,0.989821258487274,0.0000501548659953148,"ez_t1_522_fa_3_condition_scores","demog_fa_scores_t1"
"Drug_Use","drift_rate",4,0.0557879862206519,-0.108572820263958,0.0117880573000698,0.992142175202959,0.00293880402670785,0.0049517512814438,0.00243610080368215,0.000350936351099649,0.989821258487274,0.0000501548659953148,"ez_t1_522_fa_3_condition_scores","demog_fa_scores_t1"
"Drug_Use","drift_rate",5,0.112759311740357,-0.108572820263958,0.0117880573000698,0.992142175202959,0.00293880402670785,0.0049517512814438,0.00243610080368215,0.000350936351099649,0.989821258487274,0.0000501548659953148,"ez_t1_522_fa_3_condition_scores","demog_fa_scores_t1"
"Drug_Use","drift_rate",6,-0.0598907908747453,-0.108572820263958,0.0117880573000698,0.992142175202959,0.00293880402670785,0.0049517512814438,0.00243610080368215,0.000350936351099649,0.989821258487274,0.0000501548659953148,"ez_t1_522_fa_3_condition_scores","demog_fa_scores_t1"
"Drug_Use","drift_rate",7,-0.103480562610132,-0.108572820263958,0.0117880573000698,0.992142175202959,0.00293880402670785,0.0049517512814438,0.00243610080368215,0.000350936351099649,0.989821258487274,0.0000501548659953148,"ez_t1_522_fa_3_condition_scores","demog_fa_scores_t1"
"Drug_Use","drift_rate",8,0.0374641464737761,-0.108572820263958,0.0117880573000698,0.992142175202959,0.00293880402670785,0.0049517512814438,0.00243610080368215,0.000350936351099649,0.989821258487274,0.0000501548659953148,"ez_t1_522_fa_3_condition_scores","demog_fa_scores_t1"
"Drug_Use","drift_rate",9,0.0352968687335519,-0.108572820263958,0.0117880573000698,0.992142175202959,0.00293880402670785,0.0049517512814438,0.00243610080368215,0.000350936351099649,0.989821258487274,0.0000501548659953148,"ez_t1_522_fa_3_condition_scores","demog_fa_scores_t1"
"Drug_Use","drift_rate",10,0.0778493977910423,-0.108572820263958,0.0117880573000698,0.992142175202959,0.00293880402670785,0.0049517512814438,0.00243610080368215,0.000350936351099649,0.989821258487274,0.0000501548659953148,"ez_t1_522_fa_3_condition_scores","demog_fa_scores_t1"
"Drug_Use","non_decision",1,0.130786888544091,0.032693765526854,0.00106888230432491,0.990096766354281,0.00203912180218941,0.00429038150193609,0.00182648798750755,0.000255868700446772,0.99225698263567,0.000307893941357989,"ez_t1_522_fa_3_condition_scores","demog_fa_scores_t1"
"Drug_Use","non_decision",2,-0.064153930874794,0.032693765526854,0.00106888230432491,0.990096766354281,0.00203912180218941,0.00429038150193609,0.00182648798750755,0.000255868700446772,0.99225698263567,0.000307893941357989,"ez_t1_522_fa_3_condition_scores","demog_fa_scores_t1"
"Drug_Use","non_decision",3,-0.0110244991734256,0.032693765526854,0.00106888230432491,0.990096766354281,0.00203912180218941,0.00429038150193609,0.00182648798750755,0.000255868700446772,0.99225698263567,0.000307893941357989,"ez_t1_522_fa_3_condition_scores","demog_fa_scores_t1"
"Drug_Use","non_decision",4,0.115769039805739,0.032693765526854,0.00106888230432491,0.990096766354281,0.00203912180218941,0.00429038150193609,0.00182648798750755,0.000255868700446772,0.99225698263567,0.000307893941357989,"ez_t1_522_fa_3_condition_scores","demog_fa_scores_t1"
"Drug_Use","non_decision",5,-0.0175842789490631,0.032693765526854,0.00106888230432491,0.990096766354281,0.00203912180218941,0.00429038150193609,0.00182648798750755,0.000255868700446772,0.99225698263567,0.000307893941357989,"ez_t1_522_fa_3_condition_scores","demog_fa_scores_t1"
"Drug_Use","non_decision",6,-0.135281657935509,0.032693765526854,0.00106888230432491,0.990096766354281,0.00203912180218941,0.00429038150193609,0.00182648798750755,0.000255868700446772,0.99225698263567,0.000307893941357989,"ez_t1_522_fa_3_condition_scores","demog_fa_scores_t1"
"Drug_Use","non_decision",7,0.0384256179976424,0.032693765526854,0.00106888230432491,0.990096766354281,0.00203912180218941,0.00429038150193609,0.00182648798750755,0.000255868700446772,0.99225698263567,0.000307893941357989,"ez_t1_522_fa_3_condition_scores","demog_fa_scores_t1"
"Drug_Use","non_decision",8,0.146337114096075,0.032693765526854,0.00106888230432491,0.990096766354281,0.00203912180218941,0.00429038150193609,0.00182648798750755,0.000255868700446772,0.99225698263567,0.000307893941357989,"ez_t1_522_fa_3_condition_scores","demog_fa_scores_t1"
"Drug_Use","non_decision",9,0.318030656156844,0.032693765526854,0.00106888230432491,0.990096766354281,0.00203912180218941,0.00429038150193609,0.00182648798750755,0.000255868700446772,0.99225698263567,0.000307893941357989,"ez_t1_522_fa_3_condition_scores","demog_fa_scores_t1"
"Drug_Use","non_decision",10,0.2398255862096,0.032693765526854,0.00106888230432491,0.990096766354281,0.00203912180218941,0.00429038150193609,0.00182648798750755,0.000255868700446772,0.99225698263567,0.000307893941357989,"ez_t1_522_fa_3_condition_scores","demog_fa_scores_t1"
"Drug_Use","threshold",1,0.0951504676788138,-0.090634909164737,0.00821468675930013,0.992507212147903,-0.00837590346909819,0.00422214174835984,0.00183497737230472,0.000267263476391626,0.990168976017715,0.0000844906307567036,"ez_t1_522_fa_3_condition_scores","demog_fa_scores_t1"
"Drug_Use","threshold",2,-0.00430795277206259,-0.090634909164737,0.00821468675930013,0.992507212147903,-0.00837590346909819,0.00422214174835984,0.00183497737230472,0.000267263476391626,0.990168976017715,0.0000844906307567036,"ez_t1_522_fa_3_condition_scores","demog_fa_scores_t1"
"Drug_Use","threshold",3,-0.0724149844151914,-0.090634909164737,0.00821468675930013,0.992507212147903,-0.00837590346909819,0.00422214174835984,0.00183497737230472,0.000267263476391626,0.990168976017715,0.0000844906307567036,"ez_t1_522_fa_3_condition_scores","demog_fa_scores_t1"
"Drug_Use","threshold",4,-0.0261942672088321,-0.090634909164737,0.00821468675930013,0.992507212147903,-0.00837590346909819,0.00422214174835984,0.00183497737230472,0.000267263476391626,0.990168976017715,0.0000844906307567036,"ez_t1_522_fa_3_condition_scores","demog_fa_scores_t1"
"Drug_Use","threshold",5,-0.311239051529355,-0.090634909164737,0.00821468675930013,0.992507212147903,-0.00837590346909819,0.00422214174835984,0.00183497737230472,0.000267263476391626,0.990168976017715,0.0000844906307567036,"ez_t1_522_fa_3_condition_scores","demog_fa_scores_t1"
"Drug_Use","threshold",6,-0.0726281542250486,-0.090634909164737,0.00821468675930013,0.992507212147903,-0.00837590346909819,0.00422214174835984,0.00183497737230472,0.000267263476391626,0.990168976017715,0.0000844906307567036,"ez_t1_522_fa_3_condition_scores","demog_fa_scores_t1"
"Drug_Use","threshold",7,-0.196910506181517,-0.090634909164737,0.00821468675930013,0.992507212147903,-0.00837590346909819,0.00422214174835984,0.00183497737230472,0.000267263476391626,0.990168976017715,0.0000844906307567036,"ez_t1_522_fa_3_condition_scores","demog_fa_scores_t1"
"Drug_Use","threshold",8,-0.262091138853458,-0.090634909164737,0.00821468675930013,0.992507212147903,-0.00837590346909819,0.00422214174835984,0.00183497737230472,0.000267263476391626,0.990168976017715,0.0000844906307567036,"ez_t1_522_fa_3_condition_scores","demog_fa_scores_t1"
"Drug_Use","threshold",9,0.101124597196095,-0.090634909164737,0.00821468675930013,0.992507212147903,-0.00837590346909819,0.00422214174835984,0.00183497737230472,0.000267263476391626,0.990168976017715,0.0000844906307567036,"ez_t1_522_fa_3_condition_scores","demog_fa_scores_t1"
"Drug_Use","threshold",10,-0.0960821438446112,-0.090634909164737,0.00821468675930013,0.992507212147903,-0.00837590346909819,0.00422214174835984,0.00183497737230472,0.000267263476391626,0.990168976017715,0.0000844906307567036,"ez_t1_522_fa_3_condition_scores","demog_fa_scores_t1"
"Mental_Health","drift_rate",1,0.0371812850599047,0.050816609084343,0.00258232775883093,0.992695844407911,0.00395207280200234,0.00464117937364546,0.00214813293128918,0.000314822455987871,0.99609774608328,0.000341442335951472,"ez_t1_522_fa_3_condition_scores","demog_fa_scores_t1"
"Mental_Health","drift_rate",2,0.180886838406921,0.050816609084343,0.00258232775883093,0.992695844407911,0.00395207280200234,0.00464117937364546,0.00214813293128918,0.000314822455987871,0.99609774608328,0.000341442335951472,"ez_t1_522_fa_3_condition_scores","demog_fa_scores_t1"
"Mental_Health","drift_rate",3,0.0453397367528479,0.050816609084343,0.00258232775883093,0.992695844407911,0.00395207280200234,0.00464117937364546,0.00214813293128918,0.000314822455987871,0.99609774608328,0.000341442335951472,"ez_t1_522_fa_3_condition_scores","demog_fa_scores_t1"
"Mental_Health","drift_rate",4,-0.130236841521061,0.050816609084343,0.00258232775883093,0.992695844407911,0.00395207280200234,0.00464117937364546,0.00214813293128918,0.000314822455987871,0.99609774608328,0.000341442335951472,"ez_t1_522_fa_3_condition_scores","demog_fa_scores_t1"
"Mental_Health","drift_rate",5,0.13003828833532,0.050816609084343,0.00258232775883093,0.992695844407911,0.00395207280200234,0.00464117937364546,0.00214813293128918,0.000314822455987871,0.99609774608328,0.000341442335951472,"ez_t1_522_fa_3_condition_scores","demog_fa_scores_t1"
"Mental_Health","drift_rate",6,0.00655703649779994,0.050816609084343,0.00258232775883093,0.992695844407911,0.00395207280200234,0.00464117937364546,0.00214813293128918,0.000314822455987871,0.99609774608328,0.000341442335951472,"ez_t1_522_fa_3_condition_scores","demog_fa_scores_t1"
"Mental_Health","drift_rate",7,-0.00481353770144126,0.050816609084343,0.00258232775883093,0.992695844407911,0.00395207280200234,0.00464117937364546,0.00214813293128918,0.000314822455987871,0.99609774608328,0.000341442335951472,"ez_t1_522_fa_3_condition_scores","demog_fa_scores_t1"
"Mental_Health","drift_rate",8,0.140859434700603,0.050816609084343,0.00258232775883093,0.992695844407911,0.00395207280200234,0.00464117937364546,0.00214813293128918,0.000314822455987871,0.99609774608328,0.000341442335951472,"ez_t1_522_fa_3_condition_scores","demog_fa_scores_t1"
"Mental_Health","drift_rate",9,0.241670223419351,0.050816609084343,0.00258232775883093,0.992695844407911,0.00395207280200234,0.00464117937364546,0.00214813293128918,0.000314822455987871,0.99609774608328,0.000341442335951472,"ez_t1_522_fa_3_condition_scores","demog_fa_scores_t1"
"Mental_Health","drift_rate",10,0.00380172677084727,0.050816609084343,0.00258232775883093,0.992695844407911,0.00395207280200234,0.00464117937364546,0.00214813293128918,0.000314822455987871,0.99609774608328,0.000341442335951472,"ez_t1_522_fa_3_condition_scores","demog_fa_scores_t1"
"Mental_Health","non_decision",1,-0.128007066210444,-0.152114769390989,0.0231389030668738,0.99728173207315,0.00349916982867267,0.00418919829062975,0.0017496330389932,0.000230344852947912,0.993676052260525,0.0000452438011040721,"ez_t1_522_fa_3_condition_scores","demog_fa_scores_t1"
"Mental_Health","non_decision",2,0.0738130646370359,-0.152114769390989,0.0231389030668738,0.99728173207315,0.00349916982867267,0.00418919829062975,0.0017496330389932,0.000230344852947912,0.993676052260525,0.0000452438011040721,"ez_t1_522_fa_3_condition_scores","demog_fa_scores_t1"
"Mental_Health","non_decision",3,-0.163332458502578,-0.152114769390989,0.0231389030668738,0.99728173207315,0.00349916982867267,0.00418919829062975,0.0017496330389932,0.000230344852947912,0.993676052260525,0.0000452438011040721,"ez_t1_522_fa_3_condition_scores","demog_fa_scores_t1"
"Mental_Health","non_decision",4,-0.16829971811778,-0.152114769390989,0.0231389030668738,0.99728173207315,0.00349916982867267,0.00418919829062975,0.0017496330389932,0.000230344852947912,0.993676052260525,0.0000452438011040721,"ez_t1_522_fa_3_condition_scores","demog_fa_scores_t1"
"Mental_Health","non_decision",5,-0.189086195886647,-0.152114769390989,0.0231389030668738,0.99728173207315,0.00349916982867267,0.00418919829062975,0.0017496330389932,0.000230344852947912,0.993676052260525,0.0000452438011040721,"ez_t1_522_fa_3_condition_scores","demog_fa_scores_t1"
"Mental_Health","non_decision",6,-0.141398050939248,-0.152114769390989,0.0231389030668738,0.99728173207315,0.00349916982867267,0.00418919829062975,0.0017496330389932,0.000230344852947912,0.993676052260525,0.0000452438011040721,"ez_t1_522_fa_3_condition_scores","demog_fa_scores_t1"
"Mental_Health","non_decision",7,-0.0777662349128825,-0.152114769390989,0.0231389030668738,0.99728173207315,0.00349916982867267,0.00418919829062975,0.0017496330389932,0.000230344852947912,0.993676052260525,0.0000452438011040721,"ez_t1_522_fa_3_condition_scores","demog_fa_scores_t1"
"Mental_Health","non_decision",8,-0.116338385294105,-0.152114769390989,0.0231389030668738,0.99728173207315,0.00349916982867267,0.00418919829062975,0.0017496330389932,0.000230344852947912,0.993676052260525,0.0000452438011040721,"ez_t1_522_fa_3_condition_scores","demog_fa_scores_t1"
"Mental_Health","non_decision",9,-0.26608484314165,-0.152114769390989,0.0231389030668738,0.99728173207315,0.00349916982867267,0.00418919829062975,0.0017496330389932,0.000230344852947912,0.993676052260525,0.0000452438011040721,"ez_t1_522_fa_3_condition_scores","demog_fa_scores_t1"
"Mental_Health","non_decision",10,0.0987883370061941,-0.152114769390989,0.0231389030668738,0.99728173207315,0.00349916982867267,0.00418919829062975,0.0017496330389932,0.000230344852947912,0.993676052260525,0.0000452438011040721,"ez_t1_522_fa_3_condition_scores","demog_fa_scores_t1"
"Mental_Health","threshold",1,0.0650037520481443,-0.114690865742856,0.0131539946848458,0.995672225906198,0.00615414312303919,0.00436149442483083,0.00192111420574406,0.000244187214210173,0.993637696685944,0.0000337364446754791,"ez_t1_522_fa_3_condition_scores","demog_fa_scores_t1"
"Mental_Health","threshold",2,-0.172665009895835,-0.114690865742856,0.0131539946848458,0.995672225906198,0.00615414312303919,0.00436149442483083,0.00192111420574406,0.000244187214210173,0.993637696685944,0.0000337364446754791,"ez_t1_522_fa_3_condition_scores","demog_fa_scores_t1"
"Mental_Health","threshold",3,0.00215567985478047,-0.114690865742856,0.0131539946848458,0.995672225906198,0.00615414312303919,0.00436149442483083,0.00192111420574406,0.000244187214210173,0.993637696685944,0.0000337364446754791,"ez_t1_522_fa_3_condition_scores","demog_fa_scores_t1"
"Mental_Health","threshold",4,-0.209351181077018,-0.114690865742856,0.0131539946848458,0.995672225906198,0.00615414312303919,0.00436149442483083,0.00192111420574406,0.000244187214210173,0.993637696685944,0.0000337364446754791,"ez_t1_522_fa_3_condition_scores","demog_fa_scores_t1"
"Mental_Health","threshold",5,-0.0887327161986521,-0.114690865742856,0.0131539946848458,0.995672225906198,0.00615414312303919,0.00436149442483083,0.00192111420574406,0.000244187214210173,0.993637696685944,0.0000337364446754791,"ez_t1_522_fa_3_condition_scores","demog_fa_scores_t1"
"Mental_Health","threshold",6,-0.112621714986426,-0.114690865742856,0.0131539946848458,0.995672225906198,0.00615414312303919,0.00436149442483083,0.00192111420574406,0.000244187214210173,0.993637696685944,0.0000337364446754791,"ez_t1_522_fa_3_condition_scores","demog_fa_scores_t1"
"Mental_Health","threshold",7,-0.0880885989888104,-0.114690865742856,0.0131539946848458,0.995672225906198,0.00615414312303919,0.00436149442483083,0.00192111420574406,0.000244187214210173,0.993637696685944,0.0000337364446754791,"ez_t1_522_fa_3_condition_scores","demog_fa_scores_t1"
"Mental_Health","threshold",8,-0.00109930182536655,-0.114690865742856,0.0131539946848458,0.995672225906198,0.00615414312303919,0.00436149442483083,0.00192111420574406,0.000244187214210173,0.993637696685944,0.0000337364446754791,"ez_t1_522_fa_3_condition_scores","demog_fa_scores_t1"
"Mental_Health","threshold",9,-0.0607439069728128,-0.114690865742856,0.0131539946848458,0.995672225906198,0.00615414312303919,0.00436149442483083,0.00192111420574406,0.000244187214210173,0.993637696685944,0.0000337364446754791,"ez_t1_522_fa_3_condition_scores","demog_fa_scores_t1"
"Mental_Health","threshold",10,-0.00601863466159895,-0.114690865742856,0.0131539946848458,0.995672225906198,0.00615414312303919,0.00436149442483083,0.00192111420574406,0.000244187214210173,0.993637696685944,0.0000337364446754791,"ez_t1_522_fa_3_condition_scores","demog_fa_scores_t1"
"Problem_Drinking","drift_rate",1,-0.13851397461521,0.0130470615907666,0.000170225816153258,0.990080818226353,-0.000522061633890388,0.00468845659951257,0.00217645345161536,0.000305766332263935,0.990803682310777,0.000279003550218917,"ez_t1_522_fa_3_condition_scores","demog_fa_scores_t1"
"Problem_Drinking","drift_rate",2,0.187983201664854,0.0130470615907666,0.000170225816153258,0.990080818226353,-0.000522061633890388,0.00468845659951257,0.00217645345161536,0.000305766332263935,0.990803682310777,0.000279003550218917,"ez_t1_522_fa_3_condition_scores","demog_fa_scores_t1"
"Problem_Drinking","drift_rate",3,0.11677287751394,0.0130470615907666,0.000170225816153258,0.990080818226353,-0.000522061633890388,0.00468845659951257,0.00217645345161536,0.000305766332263935,0.990803682310777,0.000279003550218917,"ez_t1_522_fa_3_condition_scores","demog_fa_scores_t1"
"Problem_Drinking","drift_rate",4,-0.0192904038200114,0.0130470615907666,0.000170225816153258,0.990080818226353,-0.000522061633890388,0.00468845659951257,0.00217645345161536,0.000305766332263935,0.990803682310777,0.000279003550218917,"ez_t1_522_fa_3_condition_scores","demog_fa_scores_t1"
"Problem_Drinking","drift_rate",5,0.153851564965624,0.0130470615907666,0.000170225816153258,0.990080818226353,-0.000522061633890388,0.00468845659951257,0.00217645345161536,0.000305766332263935,0.990803682310777,0.000279003550218917,"ez_t1_522_fa_3_condition_scores","demog_fa_scores_t1"
"Problem_Drinking","drift_rate",6,0.195575906869782,0.0130470615907666,0.000170225816153258,0.990080818226353,-0.000522061633890388,0.00468845659951257,0.00217645345161536,0.000305766332263935,0.990803682310777,0.000279003550218917,"ez_t1_522_fa_3_condition_scores","demog_fa_scores_t1"
"Problem_Drinking","drift_rate",7,-0.0842416716490221,0.0130470615907666,0.000170225816153258,0.990080818226353,-0.000522061633890388,0.00468845659951257,0.00217645345161536,0.000305766332263935,0.990803682310777,0.000279003550218917,"ez_t1_522_fa_3_condition_scores","demog_fa_scores_t1"
"Problem_Drinking","drift_rate",8,-0.172539546312849,0.0130470615907666,0.000170225816153258,0.990080818226353,-0.000522061633890388,0.00468845659951257,0.00217645345161536,0.000305766332263935,0.990803682310777,0.000279003550218917,"ez_t1_522_fa_3_condition_scores","demog_fa_scores_t1"
"Problem_Drinking","drift_rate",9,0.302649488685869,0.0130470615907666,0.000170225816153258,0.990080818226353,-0.000522061633890388,0.00468845659951257,0.00217645345161536,0.000305766332263935,0.990803682310777,0.000279003550218917,"ez_t1_522_fa_3_condition_scores","demog_fa_scores_t1"
"Problem_Drinking","drift_rate",10,0.130510356584265,0.0130470615907666,0.000170225816153258,0.990080818226353,-0.000522061633890388,0.00468845659951257,0.00217645345161536,0.000305766332263935,0.990803682310777,0.000279003550218917,"ez_t1_522_fa_3_condition_scores","demog_fa_scores_t1"
"Problem_Drinking","non_decision",1,-0.0413307309844527,-0.111816099574861,0.0125028401241353,0.992362715483598,-0.000667334909528241,0.00410547095580911,0.0016690796210117,0.000193009133887155,0.989171843586096,0.0000765806238115485,"ez_t1_522_fa_3_condition_scores","demog_fa_scores_t1"
"Problem_Drinking","non_decision",2,-0.11979275990017,-0.111816099574861,0.0125028401241353,0.992362715483598,-0.000667334909528241,0.00410547095580911,0.0016690796210117,0.000193009133887155,0.989171843586096,0.0000765806238115485,"ez_t1_522_fa_3_condition_scores","demog_fa_scores_t1"
"Problem_Drinking","non_decision",3,0.0773139636722342,-0.111816099574861,0.0125028401241353,0.992362715483598,-0.000667334909528241,0.00410547095580911,0.0016690796210117,0.000193009133887155,0.989171843586096,0.0000765806238115485,"ez_t1_522_fa_3_condition_scores","demog_fa_scores_t1"
"Problem_Drinking","non_decision",4,-0.0481860743956511,-0.111816099574861,0.0125028401241353,0.992362715483598,-0.000667334909528241,0.00410547095580911,0.0016690796210117,0.000193009133887155,0.989171843586096,0.0000765806238115485,"ez_t1_522_fa_3_condition_scores","demog_fa_scores_t1"
"Problem_Drinking","non_decision",5,-0.211836923880258,-0.111816099574861,0.0125028401241353,0.992362715483598,-0.000667334909528241,0.00410547095580911,0.0016690796210117,0.000193009133887155,0.989171843586096,0.0000765806238115485,"ez_t1_522_fa_3_condition_scores","demog_fa_scores_t1"
"Problem_Drinking","non_decision",6,0.107189731988793,-0.111816099574861,0.0125028401241353,0.992362715483598,-0.000667334909528241,0.00410547095580911,0.0016690796210117,0.000193009133887155,0.989171843586096,0.0000765806238115485,"ez_t1_522_fa_3_condition_scores","demog_fa_scores_t1"
"Problem_Drinking","non_decision",7,-0.337573228373953,-0.111816099574861,0.0125028401241353,0.992362715483598,-0.000667334909528241,0.00410547095580911,0.0016690796210117,0.000193009133887155,0.989171843586096,0.0000765806238115485,"ez_t1_522_fa_3_condition_scores","demog_fa_scores_t1"
"Problem_Drinking","non_decision",8,0.0170275239621778,-0.111816099574861,0.0125028401241353,0.992362715483598,-0.000667334909528241,0.00410547095580911,0.0016690796210117,0.000193009133887155,0.989171843586096,0.0000765806238115485,"ez_t1_522_fa_3_condition_scores","demog_fa_scores_t1"
"Problem_Drinking","non_decision",9,-0.066529455406424,-0.111816099574861,0.0125028401241353,0.992362715483598,-0.000667334909528241,0.00410547095580911,0.0016690796210117,0.000193009133887155,0.989171843586096,0.0000765806238115485,"ez_t1_522_fa_3_condition_scores","demog_fa_scores_t1"
"Problem_Drinking","non_decision",10,-0.199595431050393,-0.111816099574861,0.0125028401241353,0.992362715483598,-0.000667334909528241,0.00410547095580911,0.0016690796210117,0.000193009133887155,0.989171843586096,0.0000765806238115485,"ez_t1_522_fa_3_condition_scores","demog_fa_scores_t1"
"Problem_Drinking","threshold",1,0.0902621093669546,0.0643916042240397,0.00414627869454537,0.987024137267494,-0.00658845730978853,0.00444303118582885,0.00199771985542943,0.000307772340054014,0.992446189440007,0.000339321259182803,"ez_t1_522_fa_3_condition_scores","demog_fa_scores_t1"
"Problem_Drinking","threshold",2,-0.0102706126957434,0.0643916042240397,0.00414627869454537,0.987024137267494,-0.00658845730978853,0.00444303118582885,0.00199771985542943,0.000307772340054014,0.992446189440007,0.000339321259182803,"ez_t1_522_fa_3_condition_scores","demog_fa_scores_t1"
"Problem_Drinking","threshold",3,0.0622216329724744,0.0643916042240397,0.00414627869454537,0.987024137267494,-0.00658845730978853,0.00444303118582885,0.00199771985542943,0.000307772340054014,0.992446189440007,0.000339321259182803,"ez_t1_522_fa_3_condition_scores","demog_fa_scores_t1"
"Problem_Drinking","threshold",4,0.0678761822254383,0.0643916042240397,0.00414627869454537,0.987024137267494,-0.00658845730978853,0.00444303118582885,0.00199771985542943,0.000307772340054014,0.992446189440007,0.000339321259182803,"ez_t1_522_fa_3_condition_scores","demog_fa_scores_t1"
"Problem_Drinking","threshold",5,0.077551785766609,0.0643916042240397,0.00414627869454537,0.987024137267494,-0.00658845730978853,0.00444303118582885,0.00199771985542943,0.000307772340054014,0.992446189440007,0.000339321259182803,"ez_t1_522_fa_3_condition_scores","demog_fa_scores_t1"
"Problem_Drinking","threshold",6,0.0726737323781231,0.0643916042240397,0.00414627869454537,0.987024137267494,-0.00658845730978853,0.00444303118582885,0.00199771985542943,0.000307772340054014,0.992446189440007,0.000339321259182803,"ez_t1_522_fa_3_condition_scores","demog_fa_scores_t1"
"Problem_Drinking","threshold",7,0.0530281811184277,0.0643916042240397,0.00414627869454537,0.987024137267494,-0.00658845730978853,0.00444303118582885,0.00199771985542943,0.000307772340054014,0.992446189440007,0.000339321259182803,"ez_t1_522_fa_3_condition_scores","demog_fa_scores_t1"
"Problem_Drinking","threshold",8,0.120748001731671,0.0643916042240397,0.00414627869454537,0.987024137267494,-0.00658845730978853,0.00444303118582885,0.00199771985542943,0.000307772340054014,0.992446189440007,0.000339321259182803,"ez_t1_522_fa_3_condition_scores","demog_fa_scores_t1"
"Problem_Drinking","threshold",9,0.119186528800734,0.0643916042240397,0.00414627869454537,0.987024137267494,-0.00658845730978853,0.00444303118582885,0.00199771985542943,0.000307772340054014,0.992446189440007,0.000339321259182803,"ez_t1_522_fa_3_condition_scores","demog_fa_scores_t1"
"Problem_Drinking","threshold",10,0.154099572222294,0.0643916042240397,0.00414627869454537,0.987024137267494,-0.00658845730978853,0.00444303118582885,0.00199771985542943,0.000307772340054014,0.992446189440007,0.000339321259182803,"ez_t1_522_fa_3_condition_scores","demog_fa_scores_t1"
"Daily_Smoking","drift_rate",1,-0.144066341158332,-0.171788170999601,0.029511175695388,0.989103351137121,-0.00617289255164744,0.00431770826270703,0.00188372246199719,0.00022604149606865,0.98589504526539,0.0000283306136006932,"ez_t1_522_fa_3_condition_scores","demog_fa_scores_t1"
"Daily_Smoking","drift_rate",2,-0.0379544210648888,-0.171788170999601,0.029511175695388,0.989103351137121,-0.00617289255164744,0.00431770826270703,0.00188372246199719,0.00022604149606865,0.98589504526539,0.0000283306136006932,"ez_t1_522_fa_3_condition_scores","demog_fa_scores_t1"
"Daily_Smoking","drift_rate",3,-0.112876210419481,-0.171788170999601,0.029511175695388,0.989103351137121,-0.00617289255164744,0.00431770826270703,0.00188372246199719,0.00022604149606865,0.98589504526539,0.0000283306136006932,"ez_t1_522_fa_3_condition_scores","demog_fa_scores_t1"
"Daily_Smoking","drift_rate",4,-0.0547013529294103,-0.171788170999601,0.029511175695388,0.989103351137121,-0.00617289255164744,0.00431770826270703,0.00188372246199719,0.00022604149606865,0.98589504526539,0.0000283306136006932,"ez_t1_522_fa_3_condition_scores","demog_fa_scores_t1"
"Daily_Smoking","drift_rate",5,0.0383336896354836,-0.171788170999601,0.029511175695388,0.989103351137121,-0.00617289255164744,0.00431770826270703,0.00188372246199719,0.00022604149606865,0.98589504526539,0.0000283306136006932,"ez_t1_522_fa_3_condition_scores","demog_fa_scores_t1"
"Daily_Smoking","drift_rate",6,-0.203067662424004,-0.171788170999601,0.029511175695388,0.989103351137121,-0.00617289255164744,0.00431770826270703,0.00188372246199719,0.00022604149606865,0.98589504526539,0.0000283306136006932,"ez_t1_522_fa_3_condition_scores","demog_fa_scores_t1"
"Daily_Smoking","drift_rate",7,-0.155815664608886,-0.171788170999601,0.029511175695388,0.989103351137121,-0.00617289255164744,0.00431770826270703,0.00188372246199719,0.00022604149606865,0.98589504526539,0.0000283306136006932,"ez_t1_522_fa_3_condition_scores","demog_fa_scores_t1"
"Daily_Smoking","drift_rate",8,-0.438714837247828,-0.171788170999601,0.029511175695388,0.989103351137121,-0.00617289255164744,0.00431770826270703,0.00188372246199719,0.00022604149606865,0.98589504526539,0.0000283306136006932,"ez_t1_522_fa_3_condition_scores","demog_fa_scores_t1"
"Daily_Smoking","drift_rate",9,-0.0355919326113549,-0.171788170999601,0.029511175695388,0.989103351137121,-0.00617289255164744,0.00431770826270703,0.00188372246199719,0.00022604149606865,0.98589504526539,0.0000283306136006932,"ez_t1_522_fa_3_condition_scores","demog_fa_scores_t1"
"Daily_Smoking","drift_rate",10,-0.15296025271887,-0.171788170999601,0.029511175695388,0.989103351137121,-0.00617289255164744,0.00431770826270703,0.00188372246199719,0.00022604149606865,0.98589504526539,0.0000283306136006932,"ez_t1_522_fa_3_condition_scores","demog_fa_scores_t1"
"Daily_Smoking","non_decision",1,-0.0729838195016346,0.0957684741948593,0.00917160064961143,0.981363135562065,0.000599537070915512,0.00465237159827865,0.00214317103205792,0.00029632859650459,0.991438063277014,0.000490683198813105,"ez_t1_522_fa_3_condition_scores","demog_fa_scores_t1"
"Daily_Smoking","non_decision",2,0.109566387546326,0.0957684741948593,0.00917160064961143,0.981363135562065,0.000599537070915512,0.00465237159827865,0.00214317103205792,0.00029632859650459,0.991438063277014,0.000490683198813105,"ez_t1_522_fa_3_condition_scores","demog_fa_scores_t1"
"Daily_Smoking","non_decision",3,0.0467745570583062,0.0957684741948593,0.00917160064961143,0.981363135562065,0.000599537070915512,0.00465237159827865,0.00214317103205792,0.00029632859650459,0.991438063277014,0.000490683198813105,"ez_t1_522_fa_3_condition_scores","demog_fa_scores_t1"
"Daily_Smoking","non_decision",4,0.261037214929318,0.0957684741948593,0.00917160064961143,0.981363135562065,0.000599537070915512,0.00465237159827865,0.00214317103205792,0.00029632859650459,0.991438063277014,0.000490683198813105,"ez_t1_522_fa_3_condition_scores","demog_fa_scores_t1"
"Daily_Smoking","non_decision",5,-0.0225512233498435,0.0957684741948593,0.00917160064961143,0.981363135562065,0.000599537070915512,0.00465237159827865,0.00214317103205792,0.00029632859650459,0.991438063277014,0.000490683198813105,"ez_t1_522_fa_3_condition_scores","demog_fa_scores_t1"
"Daily_Smoking","non_decision",6,0.106702291354122,0.0957684741948593,0.00917160064961143,0.981363135562065,0.000599537070915512,0.00465237159827865,0.00214317103205792,0.00029632859650459,0.991438063277014,0.000490683198813105,"ez_t1_522_fa_3_condition_scores","demog_fa_scores_t1"
"Daily_Smoking","non_decision",7,0.174116997550512,0.0957684741948593,0.00917160064961143,0.981363135562065,0.000599537070915512,0.00465237159827865,0.00214317103205792,0.00029632859650459,0.991438063277014,0.000490683198813105,"ez_t1_522_fa_3_condition_scores","demog_fa_scores_t1"
"Daily_Smoking","non_decision",8,0.254473945266091,0.0957684741948593,0.00917160064961143,0.981363135562065,0.000599537070915512,0.00465237159827865,0.00214317103205792,0.00029632859650459,0.991438063277014,0.000490683198813105,"ez_t1_522_fa_3_condition_scores","demog_fa_scores_t1"
"Daily_Smoking","non_decision",9,0.116539852256573,0.0957684741948593,0.00917160064961143,0.981363135562065,0.000599537070915512,0.00465237159827865,0.00214317103205792,0.00029632859650459,0.991438063277014,0.000490683198813105,"ez_t1_522_fa_3_condition_scores","demog_fa_scores_t1"
"Daily_Smoking","non_decision",10,0.037426832666296,0.0957684741948593,0.00917160064961143,0.981363135562065,0.000599537070915512,0.00465237159827865,0.00214317103205792,0.00029632859650459,0.991438063277014,0.000490683198813105,"ez_t1_522_fa_3_condition_scores","demog_fa_scores_t1"
"Daily_Smoking","threshold",1,-0.0202925435649184,-0.023740529963915,0.000563612762967546,0.987064657325484,0.00660286674286632,0.0045180213107869,0.00206443698913178,0.000269590105734556,0.986065551969365,0.000130704674967415,"ez_t1_522_fa_3_condition_scores","demog_fa_scores_t1"
"Daily_Smoking","threshold",2,-0.119108051419011,-0.023740529963915,0.000563612762967546,0.987064657325484,0.00660286674286632,0.0045180213107869,0.00206443698913178,0.000269590105734556,0.986065551969365,0.000130704674967415,"ez_t1_522_fa_3_condition_scores","demog_fa_scores_t1"
"Daily_Smoking","threshold",3,-0.0376765437533831,-0.023740529963915,0.000563612762967546,0.987064657325484,0.00660286674286632,0.0045180213107869,0.00206443698913178,0.000269590105734556,0.986065551969365,0.000130704674967415,"ez_t1_522_fa_3_condition_scores","demog_fa_scores_t1"
"Daily_Smoking","threshold",4,-0.0530087017171266,-0.023740529963915,0.000563612762967546,0.987064657325484,0.00660286674286632,0.0045180213107869,0.00206443698913178,0.000269590105734556,0.986065551969365,0.000130704674967415,"ez_t1_522_fa_3_condition_scores","demog_fa_scores_t1"
"Daily_Smoking","threshold",5,0.0267413921977507,-0.023740529963915,0.000563612762967546,0.987064657325484,0.00660286674286632,0.0045180213107869,0.00206443698913178,0.000269590105734556,0.986065551969365,0.000130704674967415,"ez_t1_522_fa_3_condition_scores","demog_fa_scores_t1"
"Daily_Smoking","threshold",6,0.232206563360232,-0.023740529963915,0.000563612762967546,0.987064657325484,0.00660286674286632,0.0045180213107869,0.00206443698913178,0.000269590105734556,0.986065551969365,0.000130704674967415,"ez_t1_522_fa_3_condition_scores","demog_fa_scores_t1"
"Daily_Smoking","threshold",7,0.147911769710521,-0.023740529963915,0.000563612762967546,0.987064657325484,0.00660286674286632,0.0045180213107869,0.00206443698913178,0.000269590105734556,0.986065551969365,0.000130704674967415,"ez_t1_522_fa_3_condition_scores","demog_fa_scores_t1"
"Daily_Smoking","threshold",8,-0.0456764828059054,-0.023740529963915,0.000563612762967546,0.987064657325484,0.00660286674286632,0.0045180213107869,0.00206443698913178,0.000269590105734556,0.986065551969365,0.000130704674967415,"ez_t1_522_fa_3_condition_scores","demog_fa_scores_t1"
"Daily_Smoking","threshold",9,-0.0701225911789505,-0.023740529963915,0.000563612762967546,0.987064657325484,0.00660286674286632,0.0045180213107869,0.00206443698913178,0.000269590105734556,0.986065551969365,0.000130704674967415,"ez_t1_522_fa_3_condition_scores","demog_fa_scores_t1"
"Daily_Smoking","threshold",10,0.197297207943069,-0.023740529963915,0.000563612762967546,0.987064657325484,0.00660286674286632,0.0045180213107869,0.00206443698913178,0.000269590105734556,0.986065551969365,0.000130704674967415,"ez_t1_522_fa_3_condition_scores","demog_fa_scores_t1"
"Binge_Drinking","drift_rate",1,-0.0329886252038002,-0.0526646896484083,0.00277356953576316,0.982705910886015,0.0025024575494562,0.004391853274531,0.00191581143710269,0.000288368017832787,0.981035171588424,0.000106342996605657,"ez_t1_522_fa_3_condition_scores","demog_fa_scores_t1"
"Binge_Drinking","drift_rate",2,-0.165745556606371,-0.0526646896484083,0.00277356953576316,0.982705910886015,0.0025024575494562,0.004391853274531,0.00191581143710269,0.000288368017832787,0.981035171588424,0.000106342996605657,"ez_t1_522_fa_3_condition_scores","demog_fa_scores_t1"
"Binge_Drinking","drift_rate",3,0.00211471801370534,-0.0526646896484083,0.00277356953576316,0.982705910886015,0.0025024575494562,0.004391853274531,0.00191581143710269,0.000288368017832787,0.981035171588424,0.000106342996605657,"ez_t1_522_fa_3_condition_scores","demog_fa_scores_t1"
"Binge_Drinking","drift_rate",4,0.137374094602441,-0.0526646896484083,0.00277356953576316,0.982705910886015,0.0025024575494562,0.004391853274531,0.00191581143710269,0.000288368017832787,0.981035171588424,0.000106342996605657,"ez_t1_522_fa_3_condition_scores","demog_fa_scores_t1"
"Binge_Drinking","drift_rate",5,-0.146282836574333,-0.0526646896484083,0.00277356953576316,0.982705910886015,0.0025024575494562,0.004391853274531,0.00191581143710269,0.000288368017832787,0.981035171588424,0.000106342996605657,"ez_t1_522_fa_3_condition_scores","demog_fa_scores_t1"
"Binge_Drinking","drift_rate",6,0.178676641959594,-0.0526646896484083,0.00277356953576316,0.982705910886015,0.0025024575494562,0.004391853274531,0.00191581143710269,0.000288368017832787,0.981035171588424,0.000106342996605657,"ez_t1_522_fa_3_condition_scores","demog_fa_scores_t1"
"Binge_Drinking","drift_rate",7,0.200755033592985,-0.0526646896484083,0.00277356953576316,0.982705910886015,0.0025024575494562,0.004391853274531,0.00191581143710269,0.000288368017832787,0.981035171588424,0.000106342996605657,"ez_t1_522_fa_3_condition_scores","demog_fa_scores_t1"
"Binge_Drinking","drift_rate",8,0.151517210190313,-0.0526646896484083,0.00277356953576316,0.982705910886015,0.0025024575494562,0.004391853274531,0.00191581143710269,0.000288368017832787,0.981035171588424,0.000106342996605657,"ez_t1_522_fa_3_condition_scores","demog_fa_scores_t1"
"Binge_Drinking","drift_rate",9,-0.224177356089416,-0.0526646896484083,0.00277356953576316,0.982705910886015,0.0025024575494562,0.004391853274531,0.00191581143710269,0.000288368017832787,0.981035171588424,0.000106342996605657,"ez_t1_522_fa_3_condition_scores","demog_fa_scores_t1"
"Binge_Drinking","drift_rate",10,0.0799368367325255,-0.0526646896484083,0.00277356953576316,0.982705910886015,0.0025024575494562,0.004391853274531,0.00191581143710269,0.000288368017832787,0.981035171588424,0.000106342996605657,"ez_t1_522_fa_3_condition_scores","demog_fa_scores_t1"
"Binge_Drinking","non_decision",1,-0.155284534438446,0.0254510093856779,0.000647753878749866,0.981546237889515,0.00496825144160269,0.00457111562056321,0.00209329822602613,0.000303704513897007,0.982754028665811,0.000306353615576005,"ez_t1_522_fa_3_condition_scores","demog_fa_scores_t1"
"Binge_Drinking","non_decision",2,0.18242754161706,0.0254510093856779,0.000647753878749866,0.981546237889515,0.00496825144160269,0.00457111562056321,0.00209329822602613,0.000303704513897007,0.982754028665811,0.000306353615576005,"ez_t1_522_fa_3_condition_scores","demog_fa_scores_t1"
"Binge_Drinking","non_decision",3,0.181522125672115,0.0254510093856779,0.000647753878749866,0.981546237889515,0.00496825144160269,0.00457111562056321,0.00209329822602613,0.000303704513897007,0.982754028665811,0.000306353615576005,"ez_t1_522_fa_3_condition_scores","demog_fa_scores_t1"
"Binge_Drinking","non_decision",4,0.03904213852377,0.0254510093856779,0.000647753878749866,0.981546237889515,0.00496825144160269,0.00457111562056321,0.00209329822602613,0.000303704513897007,0.982754028665811,0.000306353615576005,"ez_t1_522_fa_3_condition_scores","demog_fa_scores_t1"
"Binge_Drinking","non_decision",5,0.255321807267472,0.0254510093856779,0.000647753878749866,0.981546237889515,0.00496825144160269,0.00457111562056321,0.00209329822602613,0.000303704513897007,0.982754028665811,0.000306353615576005,"ez_t1_522_fa_3_condition_scores","demog_fa_scores_t1"
"Binge_Drinking","non_decision",6,-0.0226398460795385,0.0254510093856779,0.000647753878749866,0.981546237889515,0.00496825144160269,0.00457111562056321,0.00209329822602613,0.000303704513897007,0.982754028665811,0.000306353615576005,"ez_t1_522_fa_3_condition_scores","demog_fa_scores_t1"
"Binge_Drinking","non_decision",7,0.0922267167922292,0.0254510093856779,0.000647753878749866,0.981546237889515,0.00496825144160269,0.00457111562056321,0.00209329822602613,0.000303704513897007,0.982754028665811,0.000306353615576005,"ez_t1_522_fa_3_condition_scores","demog_fa_scores_t1"
"Binge_Drinking","non_decision",8,0.334049445327934,0.0254510093856779,0.000647753878749866,0.981546237889515,0.00496825144160269,0.00457111562056321,0.00209329822602613,0.000303704513897007,0.982754028665811,0.000306353615576005,"ez_t1_522_fa_3_condition_scores","demog_fa_scores_t1"
"Binge_Drinking","non_decision",9,0.0499150565562903,0.0254510093856779,0.000647753878749866,0.981546237889515,0.00496825144160269,0.00457111562056321,0.00209329822602613,0.000303704513897007,0.982754028665811,0.000306353615576005,"ez_t1_522_fa_3_condition_scores","demog_fa_scores_t1"
"Binge_Drinking","non_decision",10,-0.139641234962511,0.0254510093856779,0.000647753878749866,0.981546237889515,0.00496825144160269,0.00457111562056321,0.00209329822602613,0.000303704513897007,0.982754028665811,0.000306353615576005,"ez_t1_522_fa_3_condition_scores","demog_fa_scores_t1"
"Binge_Drinking","threshold",1,-0.0890666098983218,-0.00897171734057366,0.0000804917120391501,0.982349951568609,0.00235470641772632,0.00454333028353668,0.00204908779877853,0.000236232011925294,0.98172099479934,0.000204210229104759,"ez_t1_522_fa_3_condition_scores","demog_fa_scores_t1"
"Binge_Drinking","threshold",2,0.0198139072502127,-0.00897171734057366,0.0000804917120391501,0.982349951568609,0.00235470641772632,0.00454333028353668,0.00204908779877853,0.000236232011925294,0.98172099479934,0.000204210229104759,"ez_t1_522_fa_3_condition_scores","demog_fa_scores_t1"
"Binge_Drinking","threshold",3,0.147671405046244,-0.00897171734057366,0.0000804917120391501,0.982349951568609,0.00235470641772632,0.00454333028353668,0.00204908779877853,0.000236232011925294,0.98172099479934,0.000204210229104759,"ez_t1_522_fa_3_condition_scores","demog_fa_scores_t1"
"Binge_Drinking","threshold",4,0.115644929167549,-0.00897171734057366,0.0000804917120391501,0.982349951568609,0.00235470641772632,0.00454333028353668,0.00204908779877853,0.000236232011925294,0.98172099479934,0.000204210229104759,"ez_t1_522_fa_3_condition_scores","demog_fa_scores_t1"
"Binge_Drinking","threshold",5,0.0797913068123963,-0.00897171734057366,0.0000804917120391501,0.982349951568609,0.00235470641772632,0.00454333028353668,0.00204908779877853,0.000236232011925294,0.98172099479934,0.000204210229104759,"ez_t1_522_fa_3_condition_scores","demog_fa_scores_t1"
"Binge_Drinking","threshold",6,-0.170452495648151,-0.00897171734057366,0.0000804917120391501,0.982349951568609,0.00235470641772632,0.00454333028353668,0.00204908779877853,0.000236232011925294,0.98172099479934,0.000204210229104759,"ez_t1_522_fa_3_condition_scores","demog_fa_scores_t1"
"Binge_Drinking","threshold",7,0.0487001090475614,-0.00897171734057366,0.0000804917120391501,0.982349951568609,0.00235470641772632,0.00454333028353668,0.00204908779877853,0.000236232011925294,0.98172099479934,0.000204210229104759,"ez_t1_522_fa_3_condition_scores","demog_fa_scores_t1"
"Binge_Drinking","threshold",8,-0.173625004266462,-0.00897171734057366,0.0000804917120391501,0.982349951568609,0.00235470641772632,0.00454333028353668,0.00204908779877853,0.000236232011925294,0.98172099479934,0.000204210229104759,"ez_t1_522_fa_3_condition_scores","demog_fa_scores_t1"
"Binge_Drinking","threshold",9,0.217319010009263,-0.00897171734057366,0.0000804917120391501,0.982349951568609,0.00235470641772632,0.00454333028353668,0.00204908779877853,0.000236232011925294,0.98172099479934,0.000204210229104759,"ez_t1_522_fa_3_condition_scores","demog_fa_scores_t1"
"Binge_Drinking","threshold",10,0.218133323153071,-0.00897171734057366,0.0000804917120391501,0.982349951568609,0.00235470641772632,0.00454333028353668,0.00204908779877853,0.000236232011925294,0.98172099479934,0.000204210229104759,"ez_t1_522_fa_3_condition_scores","demog_fa_scores_t1"
"Obesity","drift_rate",1,0.0881777606317991,0.0838121392841368,0.00702447469138355,0.990837813981499,-0.0051250020325851,0.0041920074964396,0.00176598540400437,0.000257399570441723,1.00033328394829,0.000449321245609194,"ez_t1_522_fa_3_condition_scores","demog_fa_scores_t1"
"Obesity","drift_rate",2,0.354430926612127,0.0838121392841368,0.00702447469138355,0.990837813981499,-0.0051250020325851,0.0041920074964396,0.00176598540400437,0.000257399570441723,1.00033328394829,0.000449321245609194,"ez_t1_522_fa_3_condition_scores","demog_fa_scores_t1"
"Obesity","drift_rate",3,0.106598043642264,0.0838121392841368,0.00702447469138355,0.990837813981499,-0.0051250020325851,0.0041920074964396,0.00176598540400437,0.000257399570441723,1.00033328394829,0.000449321245609194,"ez_t1_522_fa_3_condition_scores","demog_fa_scores_t1"
"Obesity","drift_rate",4,0.185170379688662,0.0838121392841368,0.00702447469138355,0.990837813981499,-0.0051250020325851,0.0041920074964396,0.00176598540400437,0.000257399570441723,1.00033328394829,0.000449321245609194,"ez_t1_522_fa_3_condition_scores","demog_fa_scores_t1"
"Obesity","drift_rate",5,-0.11973151807066,0.0838121392841368,0.00702447469138355,0.990837813981499,-0.0051250020325851,0.0041920074964396,0.00176598540400437,0.000257399570441723,1.00033328394829,0.000449321245609194,"ez_t1_522_fa_3_condition_scores","demog_fa_scores_t1"
"Obesity","drift_rate",6,0.249519754016188,0.0838121392841368,0.00702447469138355,0.990837813981499,-0.0051250020325851,0.0041920074964396,0.00176598540400437,0.000257399570441723,1.00033328394829,0.000449321245609194,"ez_t1_522_fa_3_condition_scores","demog_fa_scores_t1"
"Obesity","drift_rate",7,-0.0824996392435659,0.0838121392841368,0.00702447469138355,0.990837813981499,-0.0051250020325851,0.0041920074964396,0.00176598540400437,0.000257399570441723,1.00033328394829,0.000449321245609194,"ez_t1_522_fa_3_condition_scores","demog_fa_scores_t1"
"Obesity","drift_rate",8,0.12514692086641,0.0838121392841368,0.00702447469138355,0.990837813981499,-0.0051250020325851,0.0041920074964396,0.00176598540400437,0.000257399570441723,1.00033328394829,0.000449321245609194,"ez_t1_522_fa_3_condition_scores","demog_fa_scores_t1"
"Obesity","drift_rate",9,-0.00502388708985866,0.0838121392841368,0.00702447469138355,0.990837813981499,-0.0051250020325851,0.0041920074964396,0.00176598540400437,0.000257399570441723,1.00033328394829,0.000449321245609194,"ez_t1_522_fa_3_condition_scores","demog_fa_scores_t1"
"Obesity","drift_rate",10,0.204379531601749,0.0838121392841368,0.00702447469138355,0.990837813981499,-0.0051250020325851,0.0041920074964396,0.00176598540400437,0.000257399570441723,1.00033328394829,0.000449321245609194,"ez_t1_522_fa_3_condition_scores","demog_fa_scores_t1"
"Obesity","non_decision",1,0.0656376900065282,0.0180359326802854,0.000325294867647786,0.994566543020286,0.001264774797646,0.00502562290877208,0.00250203133178506,0.000343399366323319,0.995328270434416,0.000268095882366287,"ez_t1_522_fa_3_condition_scores","demog_fa_scores_t1"
"Obesity","non_decision",2,0.13127632224457,0.0180359326802854,0.000325294867647786,0.994566543020286,0.001264774797646,0.00502562290877208,0.00250203133178506,0.000343399366323319,0.995328270434416,0.000268095882366287,"ez_t1_522_fa_3_condition_scores","demog_fa_scores_t1"
"Obesity","non_decision",3,0.138311644916194,0.0180359326802854,0.000325294867647786,0.994566543020286,0.001264774797646,0.00502562290877208,0.00250203133178506,0.000343399366323319,0.995328270434416,0.000268095882366287,"ez_t1_522_fa_3_condition_scores","demog_fa_scores_t1"
"Obesity","non_decision",4,0.13194228182186,0.0180359326802854,0.000325294867647786,0.994566543020286,0.001264774797646,0.00502562290877208,0.00250203133178506,0.000343399366323319,0.995328270434416,0.000268095882366287,"ez_t1_522_fa_3_condition_scores","demog_fa_scores_t1"
"Obesity","non_decision",5,0.195998685282283,0.0180359326802854,0.000325294867647786,0.994566543020286,0.001264774797646,0.00502562290877208,0.00250203133178506,0.000343399366323319,0.995328270434416,0.000268095882366287,"ez_t1_522_fa_3_condition_scores","demog_fa_scores_t1"
"Obesity","non_decision",6,0.066877257266816,0.0180359326802854,0.000325294867647786,0.994566543020286,0.001264774797646,0.00502562290877208,0.00250203133178506,0.000343399366323319,0.995328270434416,0.000268095882366287,"ez_t1_522_fa_3_condition_scores","demog_fa_scores_t1"
"Obesity","non_decision",7,-0.179103904059612,0.0180359326802854,0.000325294867647786,0.994566543020286,0.001264774797646,0.00502562290877208,0.00250203133178506,0.000343399366323319,0.995328270434416,0.000268095882366287,"ez_t1_522_fa_3_condition_scores","demog_fa_scores_t1"
"Obesity","non_decision",8,-0.0462546944412762,0.0180359326802854,0.000325294867647786,0.994566543020286,0.001264774797646,0.00502562290877208,0.00250203133178506,0.000343399366323319,0.995328270434416,0.000268095882366287,"ez_t1_522_fa_3_condition_scores","demog_fa_scores_t1"
"Obesity","non_decision",9,0.0722384525918471,0.0180359326802854,0.000325294867647786,0.994566543020286,0.001264774797646,0.00502562290877208,0.00250203133178506,0.000343399366323319,0.995328270434416,0.000268095882366287,"ez_t1_522_fa_3_condition_scores","demog_fa_scores_t1"
"Obesity","non_decision",10,0.0401419342703818,0.0180359326802854,0.000325294867647786,0.994566543020286,0.001264774797646,0.00502562290877208,0.00250203133178506,0.000343399366323319,0.995328270434416,0.000268095882366287,"ez_t1_522_fa_3_condition_scores","demog_fa_scores_t1"
"Obesity","threshold",1,-0.0790103136718969,0.00680960781955251,0.0000463707586561108,0.995415765056133,-0.00352324868603701,0.00464318349916368,0.00214676942898734,0.00033695767608324,0.995880044132384,0.00027044014482421,"ez_t1_522_fa_3_condition_scores","demog_fa_scores_t1"
"Obesity","threshold",2,0.0222139371199172,0.00680960781955251,0.0000463707586561108,0.995415765056133,-0.00352324868603701,0.00464318349916368,0.00214676942898734,0.00033695767608324,0.995880044132384,0.00027044014482421,"ez_t1_522_fa_3_condition_scores","demog_fa_scores_t1"
"Obesity","threshold",3,0.0826342623581736,0.00680960781955251,0.0000463707586561108,0.995415765056133,-0.00352324868603701,0.00464318349916368,0.00214676942898734,0.00033695767608324,0.995880044132384,0.00027044014482421,"ez_t1_522_fa_3_condition_scores","demog_fa_scores_t1"
"Obesity","threshold",4,-0.0489579665239655,0.00680960781955251,0.0000463707586561108,0.995415765056133,-0.00352324868603701,0.00464318349916368,0.00214676942898734,0.00033695767608324,0.995880044132384,0.00027044014482421,"ez_t1_522_fa_3_condition_scores","demog_fa_scores_t1"
"Obesity","threshold",5,0.030544612406081,0.00680960781955251,0.0000463707586561108,0.995415765056133,-0.00352324868603701,0.00464318349916368,0.00214676942898734,0.00033695767608324,0.995880044132384,0.00027044014482421,"ez_t1_522_fa_3_condition_scores","demog_fa_scores_t1"
"Obesity","threshold",6,-0.0433479295588144,0.00680960781955251,0.0000463707586561108,0.995415765056133,-0.00352324868603701,0.00464318349916368,0.00214676942898734,0.00033695767608324,0.995880044132384,0.00027044014482421,"ez_t1_522_fa_3_condition_scores","demog_fa_scores_t1"
"Obesity","threshold",7,-0.00564982641785648,0.00680960781955251,0.0000463707586561108,0.995415765056133,-0.00352324868603701,0.00464318349916368,0.00214676942898734,0.00033695767608324,0.995880044132384,0.00027044014482421,"ez_t1_522_fa_3_condition_scores","demog_fa_scores_t1"
"Obesity","threshold",8,0.345008637505051,0.00680960781955251,0.0000463707586561108,0.995415765056133,-0.00352324868603701,0.00464318349916368,0.00214676942898734,0.00033695767608324,0.995880044132384,0.00027044014482421,"ez_t1_522_fa_3_condition_scores","demog_fa_scores_t1"
"Obesity","threshold",9,-0.0402506790154943,0.00680960781955251,0.0000463707586561108,0.995415765056133,-0.00352324868603701,0.00464318349916368,0.00214676942898734,0.00033695767608324,0.995880044132384,0.00027044014482421,"ez_t1_522_fa_3_condition_scores","demog_fa_scores_t1"
"Obesity","threshold",10,0.246090415899218,0.00680960781955251,0.0000463707586561108,0.995415765056133,-0.00352324868603701,0.00464318349916368,0.00214676942898734,0.00033695767608324,0.995880044132384,0.00027044014482421,"ez_t1_522_fa_3_condition_scores","demog_fa_scores_t1"
"Lifetime_Smoking","drift_rate",1,-0.263801715658809,-0.141664248467879,0.0200687592939689,0.992964357903541,0.000321246894391129,0.0037131862219259,0.00136509063951849,0.000193145087417322,0.990707013035154,2.7304687167602e-06,"ez_t1_522_fa_3_condition_scores","demog_fa_scores_t1"
"Lifetime_Smoking","drift_rate",2,-0.124448064911432,-0.141664248467879,0.0200687592939689,0.992964357903541,0.000321246894391129,0.0037131862219259,0.00136509063951849,0.000193145087417322,0.990707013035154,2.7304687167602e-06,"ez_t1_522_fa_3_condition_scores","demog_fa_scores_t1"
"Lifetime_Smoking","drift_rate",3,-0.120665572693119,-0.141664248467879,0.0200687592939689,0.992964357903541,0.000321246894391129,0.0037131862219259,0.00136509063951849,0.000193145087417322,0.990707013035154,2.7304687167602e-06,"ez_t1_522_fa_3_condition_scores","demog_fa_scores_t1"
"Lifetime_Smoking","drift_rate",4,-0.138000480783091,-0.141664248467879,0.0200687592939689,0.992964357903541,0.000321246894391129,0.0037131862219259,0.00136509063951849,0.000193145087417322,0.990707013035154,2.7304687167602e-06,"ez_t1_522_fa_3_condition_scores","demog_fa_scores_t1"
"Lifetime_Smoking","drift_rate",5,-0.130571289283273,-0.141664248467879,0.0200687592939689,0.992964357903541,0.000321246894391129,0.0037131862219259,0.00136509063951849,0.000193145087417322,0.990707013035154,2.7304687167602e-06,"ez_t1_522_fa_3_condition_scores","demog_fa_scores_t1"
"Lifetime_Smoking","drift_rate",6,-0.121666685553027,-0.141664248467879,0.0200687592939689,0.992964357903541,0.000321246894391129,0.0037131862219259,0.00136509063951849,0.000193145087417322,0.990707013035154,2.7304687167602e-06,"ez_t1_522_fa_3_condition_scores","demog_fa_scores_t1"
"Lifetime_Smoking","drift_rate",7,-0.110059451883731,-0.141664248467879,0.0200687592939689,0.992964357903541,0.000321246894391129,0.0037131862219259,0.00136509063951849,0.000193145087417322,0.990707013035154,2.7304687167602e-06,"ez_t1_522_fa_3_condition_scores","demog_fa_scores_t1"
"Lifetime_Smoking","drift_rate",8,-0.112618573952887,-0.141664248467879,0.0200687592939689,0.992964357903541,0.000321246894391129,0.0037131862219259,0.00136509063951849,0.000193145087417322,0.990707013035154,2.7304687167602e-06,"ez_t1_522_fa_3_condition_scores","demog_fa_scores_t1"
"Lifetime_Smoking","drift_rate",9,-0.140920429361356,-0.141664248467879,0.0200687592939689,0.992964357903541,0.000321246894391129,0.0037131862219259,0.00136509063951849,0.000193145087417322,0.990707013035154,2.7304687167602e-06,"ez_t1_522_fa_3_condition_scores","demog_fa_scores_t1"
"Lifetime_Smoking","drift_rate",10,-0.0178848248922686,-0.141664248467879,0.0200687592939689,0.992964357903541,0.000321246894391129,0.0037131862219259,0.00136509063951849,0.000193145087417322,0.990707013035154,2.7304687167602e-06,"ez_t1_522_fa_3_condition_scores","demog_fa_scores_t1"
"Lifetime_Smoking","non_decision",1,0.323782511861677,-0.0215374119685033,0.000463860114301031,0.992842671716754,0.00840648125024107,0.00395892977495479,0.00162230829834999,0.000246686305759262,0.991225296512851,0.000164178605237554,"ez_t1_522_fa_3_condition_scores","demog_fa_scores_t1"
"Lifetime_Smoking","non_decision",2,0.113599014578605,-0.0215374119685033,0.000463860114301031,0.992842671716754,0.00840648125024107,0.00395892977495479,0.00162230829834999,0.000246686305759262,0.991225296512851,0.000164178605237554,"ez_t1_522_fa_3_condition_scores","demog_fa_scores_t1"
"Lifetime_Smoking","non_decision",3,0.0368773017958139,-0.0215374119685033,0.000463860114301031,0.992842671716754,0.00840648125024107,0.00395892977495479,0.00162230829834999,0.000246686305759262,0.991225296512851,0.000164178605237554,"ez_t1_522_fa_3_condition_scores","demog_fa_scores_t1"
"Lifetime_Smoking","non_decision",4,0.224679176657772,-0.0215374119685033,0.000463860114301031,0.992842671716754,0.00840648125024107,0.00395892977495479,0.00162230829834999,0.000246686305759262,0.991225296512851,0.000164178605237554,"ez_t1_522_fa_3_condition_scores","demog_fa_scores_t1"
"Lifetime_Smoking","non_decision",5,0.0858759552589184,-0.0215374119685033,0.000463860114301031,0.992842671716754,0.00840648125024107,0.00395892977495479,0.00162230829834999,0.000246686305759262,0.991225296512851,0.000164178605237554,"ez_t1_522_fa_3_condition_scores","demog_fa_scores_t1"
"Lifetime_Smoking","non_decision",6,0.130586282544334,-0.0215374119685033,0.000463860114301031,0.992842671716754,0.00840648125024107,0.00395892977495479,0.00162230829834999,0.000246686305759262,0.991225296512851,0.000164178605237554,"ez_t1_522_fa_3_condition_scores","demog_fa_scores_t1"
"Lifetime_Smoking","non_decision",7,-0.0827112321988613,-0.0215374119685033,0.000463860114301031,0.992842671716754,0.00840648125024107,0.00395892977495479,0.00162230829834999,0.000246686305759262,0.991225296512851,0.000164178605237554,"ez_t1_522_fa_3_condition_scores","demog_fa_scores_t1"
"Lifetime_Smoking","non_decision",8,-0.180278778890462,-0.0215374119685033,0.000463860114301031,0.992842671716754,0.00840648125024107,0.00395892977495479,0.00162230829834999,0.000246686305759262,0.991225296512851,0.000164178605237554,"ez_t1_522_fa_3_condition_scores","demog_fa_scores_t1"
"Lifetime_Smoking","non_decision",9,0.00290963565912514,-0.0215374119685033,0.000463860114301031,0.992842671716754,0.00840648125024107,0.00395892977495479,0.00162230829834999,0.000246686305759262,0.991225296512851,0.000164178605237554,"ez_t1_522_fa_3_condition_scores","demog_fa_scores_t1"
"Lifetime_Smoking","non_decision",10,-0.145266559339038,-0.0215374119685033,0.000463860114301031,0.992842671716754,0.00840648125024107,0.00395892977495479,0.00162230829834999,0.000246686305759262,0.991225296512851,0.000164178605237554,"ez_t1_522_fa_3_condition_scores","demog_fa_scores_t1"
"Lifetime_Smoking","threshold",1,-0.0691961191820569,-0.068930853795496,0.00475146260497605,0.993570524902645,0.00343939543600437,0.00388623073881455,0.00150700558714061,0.000243361476951586,0.990991140830425,0.000106455804160752,"ez_t1_522_fa_3_condition_scores","demog_fa_scores_t1"
"Lifetime_Smoking","threshold",2,0.172519674121063,-0.068930853795496,0.00475146260497605,0.993570524902645,0.00343939543600437,0.00388623073881455,0.00150700558714061,0.000243361476951586,0.990991140830425,0.000106455804160752,"ez_t1_522_fa_3_condition_scores","demog_fa_scores_t1"
"Lifetime_Smoking","threshold",3,-0.422609725762097,-0.068930853795496,0.00475146260497605,0.993570524902645,0.00343939543600437,0.00388623073881455,0.00150700558714061,0.000243361476951586,0.990991140830425,0.000106455804160752,"ez_t1_522_fa_3_condition_scores","demog_fa_scores_t1"
"Lifetime_Smoking","threshold",4,-0.210014718061339,-0.068930853795496,0.00475146260497605,0.993570524902645,0.00343939543600437,0.00388623073881455,0.00150700558714061,0.000243361476951586,0.990991140830425,0.000106455804160752,"ez_t1_522_fa_3_condition_scores","demog_fa_scores_t1"
"Lifetime_Smoking","threshold",5,-0.194822220276849,-0.068930853795496,0.00475146260497605,0.993570524902645,0.00343939543600437,0.00388623073881455,0.00150700558714061,0.000243361476951586,0.990991140830425,0.000106455804160752,"ez_t1_522_fa_3_condition_scores","demog_fa_scores_t1"
"Lifetime_Smoking","threshold",6,0.119985614037453,-0.068930853795496,0.00475146260497605,0.993570524902645,0.00343939543600437,0.00388623073881455,0.00150700558714061,0.000243361476951586,0.990991140830425,0.000106455804160752,"ez_t1_522_fa_3_condition_scores","demog_fa_scores_t1"
"Lifetime_Smoking","threshold",7,0.0660106323673156,-0.068930853795496,0.00475146260497605,0.993570524902645,0.00343939543600437,0.00388623073881455,0.00150700558714061,0.000243361476951586,0.990991140830425,0.000106455804160752,"ez_t1_522_fa_3_condition_scores","demog_fa_scores_t1"
"Lifetime_Smoking","threshold",8,-0.0286132265021713,-0.068930853795496,0.00475146260497605,0.993570524902645,0.00343939543600437,0.00388623073881455,0.00150700558714061,0.000243361476951586,0.990991140830425,0.000106455804160752,"ez_t1_522_fa_3_condition_scores","demog_fa_scores_t1"
"Lifetime_Smoking","threshold",9,0.030659391577948,-0.068930853795496,0.00475146260497605,0.993570524902645,0.00343939543600437,0.00388623073881455,0.00150700558714061,0.000243361476951586,0.990991140830425,0.000106455804160752,"ez_t1_522_fa_3_condition_scores","demog_fa_scores_t1"
"Lifetime_Smoking","threshold",10,-0.00649747236418011,-0.068930853795496,0.00475146260497605,0.993570524902645,0.00343939543600437,0.00388623073881455,0.00150700558714061,0.000243361476951586,0.990991140830425,0.000106455804160752,"ez_t1_522_fa_3_condition_scores","demog_fa_scores_t1"
"Unsafe_Drinking","drift_rate",1,-0.112069565233405,-0.109816696226171,0.0120597067700311,0.999051295698874,0.00343770839741176,0.00405738005972247,0.00164158880097996,0.000237575312712911,0.99678731124623,0.0000438719257531209,"ez_t1_522_fa_3_condition_scores","demog_fa_scores_t1"
"Unsafe_Drinking","drift_rate",2,0.0544775209697954,-0.109816696226171,0.0120597067700311,0.999051295698874,0.00343770839741176,0.00405738005972247,0.00164158880097996,0.000237575312712911,0.99678731124623,0.0000438719257531209,"ez_t1_522_fa_3_condition_scores","demog_fa_scores_t1"
"Unsafe_Drinking","drift_rate",3,-0.0571581491267953,-0.109816696226171,0.0120597067700311,0.999051295698874,0.00343770839741176,0.00405738005972247,0.00164158880097996,0.000237575312712911,0.99678731124623,0.0000438719257531209,"ez_t1_522_fa_3_condition_scores","demog_fa_scores_t1"
"Unsafe_Drinking","drift_rate",4,-0.138353191456257,-0.109816696226171,0.0120597067700311,0.999051295698874,0.00343770839741176,0.00405738005972247,0.00164158880097996,0.000237575312712911,0.99678731124623,0.0000438719257531209,"ez_t1_522_fa_3_condition_scores","demog_fa_scores_t1"
"Unsafe_Drinking","drift_rate",5,-0.107308518650437,-0.109816696226171,0.0120597067700311,0.999051295698874,0.00343770839741176,0.00405738005972247,0.00164158880097996,0.000237575312712911,0.99678731124623,0.0000438719257531209,"ez_t1_522_fa_3_condition_scores","demog_fa_scores_t1"
"Unsafe_Drinking","drift_rate",6,-0.108362654317309,-0.109816696226171,0.0120597067700311,0.999051295698874,0.00343770839741176,0.00405738005972247,0.00164158880097996,0.000237575312712911,0.99678731124623,0.0000438719257531209,"ez_t1_522_fa_3_condition_scores","demog_fa_scores_t1"
"Unsafe_Drinking","drift_rate",7,0.00468262705675808,-0.109816696226171,0.0120597067700311,0.999051295698874,0.00343770839741176,0.00405738005972247,0.00164158880097996,0.000237575312712911,0.99678731124623,0.0000438719257531209,"ez_t1_522_fa_3_condition_scores","demog_fa_scores_t1"
"Unsafe_Drinking","drift_rate",8,-0.115817122899777,-0.109816696226171,0.0120597067700311,0.999051295698874,0.00343770839741176,0.00405738005972247,0.00164158880097996,0.000237575312712911,0.99678731124623,0.0000438719257531209,"ez_t1_522_fa_3_condition_scores","demog_fa_scores_t1"
"Unsafe_Drinking","drift_rate",9,-0.0455472589537361,-0.109816696226171,0.0120597067700311,0.999051295698874,0.00343770839741176,0.00405738005972247,0.00164158880097996,0.000237575312712911,0.99678731124623,0.0000438719257531209,"ez_t1_522_fa_3_condition_scores","demog_fa_scores_t1"
"Unsafe_Drinking","drift_rate",10,-0.250536299921435,-0.109816696226171,0.0120597067700311,0.999051295698874,0.00343770839741176,0.00405738005972247,0.00164158880097996,0.000237575312712911,0.99678731124623,0.0000438719257531209,"ez_t1_522_fa_3_condition_scores","demog_fa_scores_t1"
"Unsafe_Drinking","non_decision",1,-0.0788426355457049,0.00366440448412339,0.0000134278602232636,0.997545346757691,-0.0022131855902691,0.00419725495510196,0.00174897615711164,0.000266890050187878,0.997723326831223,0.000174392047542932,"ez_t1_522_fa_3_condition_scores","demog_fa_scores_t1"
"Unsafe_Drinking","non_decision",2,0.0863755904921456,0.00366440448412339,0.0000134278602232636,0.997545346757691,-0.0022131855902691,0.00419725495510196,0.00174897615711164,0.000266890050187878,0.997723326831223,0.000174392047542932,"ez_t1_522_fa_3_condition_scores","demog_fa_scores_t1"
"Unsafe_Drinking","non_decision",3,0.171799398933845,0.00366440448412339,0.0000134278602232636,0.997545346757691,-0.0022131855902691,0.00419725495510196,0.00174897615711164,0.000266890050187878,0.997723326831223,0.000174392047542932,"ez_t1_522_fa_3_condition_scores","demog_fa_scores_t1"
"Unsafe_Drinking","non_decision",4,-0.0187091043368204,0.00366440448412339,0.0000134278602232636,0.997545346757691,-0.0022131855902691,0.00419725495510196,0.00174897615711164,0.000266890050187878,0.997723326831223,0.000174392047542932,"ez_t1_522_fa_3_condition_scores","demog_fa_scores_t1"
"Unsafe_Drinking","non_decision",5,0.0478018620337169,0.00366440448412339,0.0000134278602232636,0.997545346757691,-0.0022131855902691,0.00419725495510196,0.00174897615711164,0.000266890050187878,0.997723326831223,0.000174392047542932,"ez_t1_522_fa_3_condition_scores","demog_fa_scores_t1"
"Unsafe_Drinking","non_decision",6,0.156684634182703,0.00366440448412339,0.0000134278602232636,0.997545346757691,-0.0022131855902691,0.00419725495510196,0.00174897615711164,0.000266890050187878,0.997723326831223,0.000174392047542932,"ez_t1_522_fa_3_condition_scores","demog_fa_scores_t1"
"Unsafe_Drinking","non_decision",7,-0.0517533252148628,0.00366440448412339,0.0000134278602232636,0.997545346757691,-0.0022131855902691,0.00419725495510196,0.00174897615711164,0.000266890050187878,0.997723326831223,0.000174392047542932,"ez_t1_522_fa_3_condition_scores","demog_fa_scores_t1"
"Unsafe_Drinking","non_decision",8,0.125205176297011,0.00366440448412339,0.0000134278602232636,0.997545346757691,-0.0022131855902691,0.00419725495510196,0.00174897615711164,0.000266890050187878,0.997723326831223,0.000174392047542932,"ez_t1_522_fa_3_condition_scores","demog_fa_scores_t1"
"Unsafe_Drinking","non_decision",9,0.15723823209574,0.00366440448412339,0.0000134278602232636,0.997545346757691,-0.0022131855902691,0.00419725495510196,0.00174897615711164,0.000266890050187878,0.997723326831223,0.000174392047542932,"ez_t1_522_fa_3_condition_scores","demog_fa_scores_t1"
"Unsafe_Drinking","non_decision",10,-0.108730104860734,0.00366440448412339,0.0000134278602232636,0.997545346757691,-0.0022131855902691,0.00419725495510196,0.00174897615711164,0.000266890050187878,0.997723326831223,0.000174392047542932,"ez_t1_522_fa_3_condition_scores","demog_fa_scores_t1"
"Unsafe_Drinking","threshold",1,-0.208974237736867,0.0361167750034851,0.00130442143665237,0.996858899519036,-0.00386453400165386,0.00420024650549655,0.0017614996230366,0.000311965028115944,0.999730166962713,0.000306640677870705,"ez_t1_522_fa_3_condition_scores","demog_fa_scores_t1"
"Unsafe_Drinking","threshold",2,0.0253460323157336,0.0361167750034851,0.00130442143665237,0.996858899519036,-0.00386453400165386,0.00420024650549655,0.0017614996230366,0.000311965028115944,0.999730166962713,0.000306640677870705,"ez_t1_522_fa_3_condition_scores","demog_fa_scores_t1"
"Unsafe_Drinking","threshold",3,0.122625002828339,0.0361167750034851,0.00130442143665237,0.996858899519036,-0.00386453400165386,0.00420024650549655,0.0017614996230366,0.000311965028115944,0.999730166962713,0.000306640677870705,"ez_t1_522_fa_3_condition_scores","demog_fa_scores_t1"
"Unsafe_Drinking","threshold",4,0.0720225532329179,0.0361167750034851,0.00130442143665237,0.996858899519036,-0.00386453400165386,0.00420024650549655,0.0017614996230366,0.000311965028115944,0.999730166962713,0.000306640677870705,"ez_t1_522_fa_3_condition_scores","demog_fa_scores_t1"
"Unsafe_Drinking","threshold",5,0.214586152456196,0.0361167750034851,0.00130442143665237,0.996858899519036,-0.00386453400165386,0.00420024650549655,0.0017614996230366,0.000311965028115944,0.999730166962713,0.000306640677870705,"ez_t1_522_fa_3_condition_scores","demog_fa_scores_t1"
"Unsafe_Drinking","threshold",6,0.114827209688998,0.0361167750034851,0.00130442143665237,0.996858899519036,-0.00386453400165386,0.00420024650549655,0.0017614996230366,0.000311965028115944,0.999730166962713,0.000306640677870705,"ez_t1_522_fa_3_condition_scores","demog_fa_scores_t1"
"Unsafe_Drinking","threshold",7,-0.0341990864970166,0.0361167750034851,0.00130442143665237,0.996858899519036,-0.00386453400165386,0.00420024650549655,0.0017614996230366,0.000311965028115944,0.999730166962713,0.000306640677870705,"ez_t1_522_fa_3_condition_scores","demog_fa_scores_t1"
"Unsafe_Drinking","threshold",8,0.0563361359496351,0.0361167750034851,0.00130442143665237,0.996858899519036,-0.00386453400165386,0.00420024650549655,0.0017614996230366,0.000311965028115944,0.999730166962713,0.000306640677870705,"ez_t1_522_fa_3_condition_scores","demog_fa_scores_t1"
"Unsafe_Drinking","threshold",9,0.14298545171367,0.0361167750034851,0.00130442143665237,0.996858899519036,-0.00386453400165386,0.00420024650549655,0.0017614996230366,0.000311965028115944,0.999730166962713,0.000306640677870705,"ez_t1_522_fa_3_condition_scores","demog_fa_scores_t1"
"Unsafe_Drinking","threshold",10,0.215295184804967,0.0361167750034851,0.00130442143665237,0.996858899519036,-0.00386453400165386,0.00420024650549655,0.0017614996230366,0.000311965028115944,0.999730166962713,0.000306640677870705,"ez_t1_522_fa_3_condition_scores","demog_fa_scores_t1"
"Income_LifeMilestones","drift_rate",1,-0.0524363697691273,-0.106688391285832,0.0113824128351588,0.998749999685493,0.000493716656769071,0.00372219409668353,0.00137186191658236,0.00019342943297663,0.997066046041941,0.000017466836753752,"ez_t1_522_fa_3_condition_scores","demog_fa_scores_t1"
"Income_LifeMilestones","drift_rate",2,-0.183517762917413,-0.106688391285832,0.0113824128351588,0.998749999685493,0.000493716656769071,0.00372219409668353,0.00137186191658236,0.00019342943297663,0.997066046041941,0.000017466836753752,"ez_t1_522_fa_3_condition_scores","demog_fa_scores_t1"
"Income_LifeMilestones","drift_rate",3,-0.189692356380406,-0.106688391285832,0.0113824128351588,0.998749999685493,0.000493716656769071,0.00372219409668353,0.00137186191658236,0.00019342943297663,0.997066046041941,0.000017466836753752,"ez_t1_522_fa_3_condition_scores","demog_fa_scores_t1"
"Income_LifeMilestones","drift_rate",4,-0.083591925683733,-0.106688391285832,0.0113824128351588,0.998749999685493,0.000493716656769071,0.00372219409668353,0.00137186191658236,0.00019342943297663,0.997066046041941,0.000017466836753752,"ez_t1_522_fa_3_condition_scores","demog_fa_scores_t1"
"Income_LifeMilestones","drift_rate",5,-0.161387779294496,-0.106688391285832,0.0113824128351588,0.998749999685493,0.000493716656769071,0.00372219409668353,0.00137186191658236,0.00019342943297663,0.997066046041941,0.000017466836753752,"ez_t1_522_fa_3_condition_scores","demog_fa_scores_t1"
"Income_LifeMilestones","drift_rate",6,-0.0156705399034901,-0.106688391285832,0.0113824128351588,0.998749999685493,0.000493716656769071,0.00372219409668353,0.00137186191658236,0.00019342943297663,0.997066046041941,0.000017466836753752,"ez_t1_522_fa_3_condition_scores","demog_fa_scores_t1"
"Income_LifeMilestones","drift_rate",7,-0.153957093794672,-0.106688391285832,0.0113824128351588,0.998749999685493,0.000493716656769071,0.00372219409668353,0.00137186191658236,0.00019342943297663,0.997066046041941,0.000017466836753752,"ez_t1_522_fa_3_condition_scores","demog_fa_scores_t1"
"Income_LifeMilestones","drift_rate",8,-0.0546949322309543,-0.106688391285832,0.0113824128351588,0.998749999685493,0.000493716656769071,0.00372219409668353,0.00137186191658236,0.00019342943297663,0.997066046041941,0.000017466836753752,"ez_t1_522_fa_3_condition_scores","demog_fa_scores_t1"
"Income_LifeMilestones","drift_rate",9,0.0348595691545412,-0.106688391285832,0.0113824128351588,0.998749999685493,0.000493716656769071,0.00372219409668353,0.00137186191658236,0.00019342943297663,0.997066046041941,0.000017466836753752,"ez_t1_522_fa_3_condition_scores","demog_fa_scores_t1"
"Income_LifeMilestones","drift_rate",10,-0.0127798295515288,-0.106688391285832,0.0113824128351588,0.998749999685493,0.000493716656769071,0.00372219409668353,0.00137186191658236,0.00019342943297663,0.997066046041941,0.000017466836753752,"ez_t1_522_fa_3_condition_scores","demog_fa_scores_t1"
"Income_LifeMilestones","non_decision",1,-0.316181993723191,-0.054029859161573,0.00291922568101942,1.00086582806077,0.00124245582315156,0.00438432253463015,0.00190454982115139,0.000265596606404964,0.997981253386396,0.000193698923199538,"ez_t1_522_fa_3_condition_scores","demog_fa_scores_t1"
"Income_LifeMilestones","non_decision",2,0.254783496688999,-0.054029859161573,0.00291922568101942,1.00086582806077,0.00124245582315156,0.00438432253463015,0.00190454982115139,0.000265596606404964,0.997981253386396,0.000193698923199538,"ez_t1_522_fa_3_condition_scores","demog_fa_scores_t1"
"Income_LifeMilestones","non_decision",3,0.102858572981168,-0.054029859161573,0.00291922568101942,1.00086582806077,0.00124245582315156,0.00438432253463015,0.00190454982115139,0.000265596606404964,0.997981253386396,0.000193698923199538,"ez_t1_522_fa_3_condition_scores","demog_fa_scores_t1"
"Income_LifeMilestones","non_decision",4,0.172185374872591,-0.054029859161573,0.00291922568101942,1.00086582806077,0.00124245582315156,0.00438432253463015,0.00190454982115139,0.000265596606404964,0.997981253386396,0.000193698923199538,"ez_t1_522_fa_3_condition_scores","demog_fa_scores_t1"
"Income_LifeMilestones","non_decision",5,0.222556021012484,-0.054029859161573,0.00291922568101942,1.00086582806077,0.00124245582315156,0.00438432253463015,0.00190454982115139,0.000265596606404964,0.997981253386396,0.000193698923199538,"ez_t1_522_fa_3_condition_scores","demog_fa_scores_t1"
"Income_LifeMilestones","non_decision",6,-0.287710400837326,-0.054029859161573,0.00291922568101942,1.00086582806077,0.00124245582315156,0.00438432253463015,0.00190454982115139,0.000265596606404964,0.997981253386396,0.000193698923199538,"ez_t1_522_fa_3_condition_scores","demog_fa_scores_t1"
"Income_LifeMilestones","non_decision",7,-0.169533307874254,-0.054029859161573,0.00291922568101942,1.00086582806077,0.00124245582315156,0.00438432253463015,0.00190454982115139,0.000265596606404964,0.997981253386396,0.000193698923199538,"ez_t1_522_fa_3_condition_scores","demog_fa_scores_t1"
"Income_LifeMilestones","non_decision",8,0.0348334878709196,-0.054029859161573,0.00291922568101942,1.00086582806077,0.00124245582315156,0.00438432253463015,0.00190454982115139,0.000265596606404964,0.997981253386396,0.000193698923199538,"ez_t1_522_fa_3_condition_scores","demog_fa_scores_t1"
"Income_LifeMilestones","non_decision",9,0.198384843169846,-0.054029859161573,0.00291922568101942,1.00086582806077,0.00124245582315156,0.00438432253463015,0.00190454982115139,0.000265596606404964,0.997981253386396,0.000193698923199538,"ez_t1_522_fa_3_condition_scores","demog_fa_scores_t1"
"Income_LifeMilestones","non_decision",10,0.118629794415528,-0.054029859161573,0.00291922568101942,1.00086582806077,0.00124245582315156,0.00438432253463015,0.00190454982115139,0.000265596606404964,0.997981253386396,0.000193698923199538,"ez_t1_522_fa_3_condition_scores","demog_fa_scores_t1"
"Income_LifeMilestones","threshold",1,0.0206509158980402,-0.0240946297142183,0.000580551181065293,0.998224873821602,-0.00190745065918569,0.00396207457443888,0.00155774382642531,0.000244498874811173,0.997469287079482,0.000106325025379459,"ez_t1_522_fa_3_condition_scores","demog_fa_scores_t1"
"Income_LifeMilestones","threshold",2,0.0891185510382363,-0.0240946297142183,0.000580551181065293,0.998224873821602,-0.00190745065918569,0.00396207457443888,0.00155774382642531,0.000244498874811173,0.997469287079482,0.000106325025379459,"ez_t1_522_fa_3_condition_scores","demog_fa_scores_t1"
"Income_LifeMilestones","threshold",3,0.0144475402010323,-0.0240946297142183,0.000580551181065293,0.998224873821602,-0.00190745065918569,0.00396207457443888,0.00155774382642531,0.000244498874811173,0.997469287079482,0.000106325025379459,"ez_t1_522_fa_3_condition_scores","demog_fa_scores_t1"
"Income_LifeMilestones","threshold",4,0.201327218898048,-0.0240946297142183,0.000580551181065293,0.998224873821602,-0.00190745065918569,0.00396207457443888,0.00155774382642531,0.000244498874811173,0.997469287079482,0.000106325025379459,"ez_t1_522_fa_3_condition_scores","demog_fa_scores_t1"
"Income_LifeMilestones","threshold",5,-0.00505814819869905,-0.0240946297142183,0.000580551181065293,0.998224873821602,-0.00190745065918569,0.00396207457443888,0.00155774382642531,0.000244498874811173,0.997469287079482,0.000106325025379459,"ez_t1_522_fa_3_condition_scores","demog_fa_scores_t1"
"Income_LifeMilestones","threshold",6,-0.24587332576828,-0.0240946297142183,0.000580551181065293,0.998224873821602,-0.00190745065918569,0.00396207457443888,0.00155774382642531,0.000244498874811173,0.997469287079482,0.000106325025379459,"ez_t1_522_fa_3_condition_scores","demog_fa_scores_t1"
"Income_LifeMilestones","threshold",7,-0.0211733069694017,-0.0240946297142183,0.000580551181065293,0.998224873821602,-0.00190745065918569,0.00396207457443888,0.00155774382642531,0.000244498874811173,0.997469287079482,0.000106325025379459,"ez_t1_522_fa_3_condition_scores","demog_fa_scores_t1"
"Income_LifeMilestones","threshold",8,0.0188049988282805,-0.0240946297142183,0.000580551181065293,0.998224873821602,-0.00190745065918569,0.00396207457443888,0.00155774382642531,0.000244498874811173,0.997469287079482,0.000106325025379459,"ez_t1_522_fa_3_condition_scores","demog_fa_scores_t1"
"Income_LifeMilestones","threshold",9,0.0510766629748641,-0.0240946297142183,0.000580551181065293,0.998224873821602,-0.00190745065918569,0.00396207457443888,0.00155774382642531,0.000244498874811173,0.997469287079482,0.000106325025379459,"ez_t1_522_fa_3_condition_scores","demog_fa_scores_t1"
"Income_LifeMilestones","threshold",10,0.152375146998245,-0.0240946297142183,0.000580551181065293,0.998224873821602,-0.00190745065918569,0.00396207457443888,0.00155774382642531,0.000244498874811173,0.997469287079482,0.000106325025379459,"ez_t1_522_fa_3_condition_scores","demog_fa_scores_t1"
