,index,int_val,rsq,rsq_adj,log_rsq_adj,slope_pval,log_rsq,log_int_pval,log_slope_val,log_int_val,slope_val,log_slope_pval,int_pval,subj_id
0,(wfpt.0),0.30646551957176044,0.001129215824793972,0.0011245152121568402,0.0017507056205167126,3.756961409465103e-54,0.0017554036843171472,0.0,0.03999365523173516,1.1312716519808717,0.03214980407540612,3.5515095970683895e-83,0.0,s005
1,(wfpt.1),-0.2269465657837405,3.0792226743736606e-05,2.6019058466331124e-05,2.0615765786713425e-05,0.011089029485266431,2.5389301637868122e-05,0.0,-0.004409353495827957,0.9965935167056266,-0.005192463787840081,0.021097964693828842,0.0,s007
2,(wfpt.10),0.33073147482032683,0.00032052009821770255,0.0003156672380933978,0.00048310271464047094,4.4255445213252537e-16,0.0004879598549157871,0.0,0.018067187016877977,1.1614596665685033,0.014131673469240363,1.2218530174002527e-23,0.0,s028
3,(wfpt.100),0.3789054262041016,0.000314579711566898,0.0003097964819652743,0.00032854398198989276,5.101641052991305e-16,0.0003333291825128315,0.0,0.01380642287673024,1.1875115207043534,0.013594243919486628,7.094183611806796e-17,0.0,s359
4,(wfpt.101),0.517816055474527,6.207718021489228e-05,5.7803904704778475e-05,0.00010113586946747244,0.0001382123313755127,0.00010541457333457238,0.0,0.009739854058796158,1.2069823024341075,0.007550556979177584,6.925737559383383e-07,0.0,s365
5,(wfpt.102),0.21097786328708878,0.00012156722634470984,0.00011679449136503539,0.00010608479228990664,4.4941376772976976e-07,0.00011085860379611567,0.0,0.00813044340596318,1.1442498689147413,0.008608149701802549,1.4441932558256605e-06,0.0,s368
6,(wfpt.103),0.32706460282258837,0.019621368077317625,0.019616732673522264,0.016588363403275408,0.0,0.016593014093193248,0.0,0.10161663155188042,1.0790632870409742,0.11010565475185194,0.0,0.0,s369
7,(wfpt.104),0.34987112047432156,0.005115118691908838,0.005110929667658803,0.0030699921175283418,7.67817769109305e-267,0.003074190053396264,0.0,0.04829228155018735,1.1458115074902617,0.06052598817930363,4.957591040440181e-161,0.0,s372
8,(wfpt.105),0.3945125424759722,0.00027167649054826715,0.00026694959798434503,0.0003576626349598433,3.437492165469917e-14,0.00036240018655764317,0.0,0.013601238344572289,1.1829860053288308,0.012109279634781697,2.2231887377424385e-18,0.0,s373
9,(wfpt.106),0.3996748748787037,0.0023188720206456237,0.00231452478830374,0.0016952088500320484,6.9703078203250355e-118,0.0016995608099572568,0.0,0.03311733589477124,1.1727914425822594,0.03731392947735717,7.507129133925832e-87,0.0,s374
10,(wfpt.107),0.3514120358598378,0.0019061667727910958,0.0019017009886085345,0.0021693342898126966,9.725062212266534e-95,0.0021737988965013777,0.0,0.04584163891670552,1.1464045025886906,0.04207409727804915,8.804293979812467e-108,0.0,s376
11,(wfpt.108),0.3501547284099352,0.00010245633544170296,9.761416968878667e-05,0.0002059770530801197,4.229186086782847e-06,0.0002108212980117541,0.0,0.012131198543470199,1.1749528705142118,0.00873087944746185,4.206668243310356e-11,0.0,s380
12,(wfpt.109),0.39805816073092043,0.0010324258670091346,0.001027946151612058,0.0008444864715707601,5.0072466903402754e-52,0.0008489670498454949,0.0,0.028915270709737838,1.1755175789570043,0.031202988911130675,4.306457389834054e-43,0.0,s383
13,(wfpt.11),0.23904152291414837,0.0014865966707438005,0.0014820057623062821,0.0015105242540025543,2.41510657378209e-72,0.0015151150946421943,0.0,0.03125345337024867,1.135062234076009,0.029767486028694837,1.0737469363082021e-73,0.0,s032
14,(wfpt.110),0.5724929431145932,0.001051870667654775,0.0010470564134000826,0.0008527486053798716,2.0452902290200896e-49,0.0008575658622690385,0.0,0.02712383334578192,1.2174627033779024,0.029875340929673,1.3633692431187139e-40,0.0,s384
15,(wfpt.111),-0.09182079380282447,3.921683043195401e-06,-1.3693574880679904e-06,-2.591258699613519e-06,0.3892800269201834,2.700460264515314e-06,0.0,0.0012707159471522839,1.0524797188804993,0.0016072443743342301,0.47500204352151176,0.0,s388
16,(wfpt.112),0.2780882618875278,0.0014843352509216201,0.0014797861631634657,0.0008696860447863219,6.968438174245495e-73,0.0008742380364852309,0.0,0.027076995319739117,1.1448627364486628,0.034969126411057636,1.180193286630614e-43,0.0,s391
17,(wfpt.113),0.3528531721461035,0.0006937775603065299,0.000689355812227177,0.0007957262048724489,5.5298295753114035e-36,0.0008001475018475368,0.0,0.02852499610475929,1.1644129536439913,0.02572911942733975,3.078074409314945e-41,0.0,s396
18,(wfpt.114),0.5906378372927317,0.0019351732965908752,0.0019311078262949088,0.00016424870596143393,1.9958791375038857e-105,0.00016832549158640742,0.0,0.01220099780668533,1.2509140229707985,0.03707592709722174,1.315600643406253e-10,0.0,s397
19,(wfpt.115),0.46874412644352575,8.316014380493897e-05,7.860467250297987e-05,8.794073761786425e-05,1.932989891229435e-05,9.249737042249517e-05,0.0,0.008631771824491957,1.2096670762650967,0.008332576619875229,6.625196686424607e-06,0.0,s402
20,(wfpt.116),0.38748152887041953,0.00027278112672435295,0.00026821612056515676,0.0003219928886316614,1.0789501748044125e-14,0.00032656161298527664,0.0,0.012568191251962353,1.1919387405283721,0.01170458130237953,2.8210575616329354e-17,0.0,s403
21,(wfpt.117),0.3154501236310017,0.0008183827016846612,0.0008136916641290348,0.0014119299043585665,8.157254075129752e-40,0.001416618177292439,0.0,0.03454441662456498,1.148344054558494,0.02657971541574474,1.2403444567164965e-67,0.0,s408
22,(wfpt.118),0.4553269752981265,0.00015997062967587627,0.00015553670995438473,0.00018153763152950475,1.8978313171876636e-09,0.000185972104562393,0.0,0.013203433417097262,1.2078246504954673,0.011954372695005582,9.441536506940236e-11,0.0,s409
23,(wfpt.119),0.48122635935887415,0.0017790031562077147,0.0017742269334838356,0.0013859857284747035,6.406448905512887e-83,0.0013907750373980399,0.0,0.027426807407534497,1.1938372622174236,0.03218776129484206,4.522764899855426e-65,0.0,s420
24,(wfpt.12),0.3160586992034354,0.0013543987055277817,0.001349676932266175,0.001145562148961221,2.6751925597230544e-64,0.0011502849096391987,0.0,0.0313197129719279,1.1549073457887138,0.03328161077458236,7.058938257101651e-55,0.0,s034
25,(wfpt.120),0.30510076049393714,0.00032122175019067,0.000316572038201568,0.00027610287570623004,9.488705563229635e-17,0.0002807530787303225,0.0,0.014428615796748699,1.1694068431891544,0.014768213698411331,7.877158437433836e-15,0.0,s421
26,(wfpt.121),0.4847610019453329,6.107644137276491e-05,5.670985771888404e-05,0.0001170445031568601,0.00018410057681403686,0.00012141225383177634,0.0,0.01082720692660968,1.2092135215528936,0.007608715862681923,1.348265485857211e-07,0.0,s425
27,(wfpt.122),0.4068480327472721,0.0013271588886144547,0.001322720303199909,0.0010158593908127234,5.997335154321051e-67,0.0010203073266109586,0.0,0.024834604413732576,1.176303354797246,0.028048168409566844,8.594965815233046e-52,0.0,s427
28,(wfpt.123),0.4141157472606628,0.0004610809183742681,0.0004565885682449311,0.0003866066335699303,4.074487418582976e-24,0.0003911003686489778,0.0,0.01700706308549862,1.1919208189108925,0.01880185492917122,1.0769345013440902e-20,0.0,s430
29,(wfpt.124),0.4542594713161932,0.0002634516603603476,0.00025859852320209153,0.0005953136627906419,1.7408078436252272e-13,0.0006001751953110812,0.0,0.018682721489751822,1.1949349952868085,0.012591381177942992,1.1304168836541547e-28,0.0,s441
30,(wfpt.125),0.313356203038449,0.0009215707573682064,0.0009173373383168926,0.0005838969172197173,3.0364674816949665e-49,0.0005881318568283778,0.0,0.020767325387437342,1.165995978168161,0.0251929517959205,4.786198024884636e-32,0.0,s449
31,(wfpt.126),0.44563874820202565,0.0001946759173615531,0.00019007906900392335,0.0002935518549167515,7.648636993749939e-11,0.00029815271206945493,0.0,0.013058059437621828,1.2050047167064275,0.010643439176415085,8.31552971380232e-16,0.0,s451
32,(wfpt.127),0.46954954988964664,0.0009006223241757594,0.0008961218359835321,0.001495360247787736,2.0613886631374264e-45,0.0014998664605095913,0.0,0.029534019418251165,1.1884900772319593,0.023269817443844515,2.6175470693752314e-74,0.0,s453
33,(wfpt.128),0.24926589641728703,1.8153988155078515e-05,1.3166497775940478e-05,3.150792330530727e-05,0.056411600457449175,3.649636717140137e-05,0.0,0.004791154072234127,1.1601172100367612,0.003285239591799846,0.006834217841940613,0.0,s456
34,(wfpt.129),0.4081074232555683,0.0007919304729011589,0.0007873782306506705,0.001023195135052779,1.0432252625746233e-39,0.0010277470495206886,0.0,0.029393939137646083,1.1700731617091142,0.02636668050308908,5.2524177891071894e-51,0.0,s467
35,(wfpt.13),0.46876686182070276,0.003228354646732323,0.003223782257786856,0.0036223723347925674,2.5563847004878333e-155,0.0036269463783380473,0.0,0.051044261852861615,1.1634269199204155,0.050040999332309155,3.8041380367778107e-174,0.0,s042
36,(wfpt.130),0.34734016488714026,0.005302099693430762,0.005297515789891016,0.0051826572335095245,7.391826097059898e-253,0.005187241835372114,0.0,0.06927727451248836,1.116739425154029,0.06975762874898882,2.1049318598575236e-247,0.0,s469
37,(wfpt.131),0.3528050413874436,2.65283212952383e-07,-4.4517411679212415e-06,2.864711298067313e-06,0.8125416297972787,7.583437310443308e-06,0.0,0.0019546088170765063,1.1959078049602105,-0.0003915444082142165,0.2049021392634059,0.0,s471
38,(wfpt.132),0.3807677823209469,0.0010872836065919378,0.0010828041371959696,0.0003622548083991317,1.0696299456906532e-54,0.00036673917805041256,0.0,0.016286981237327927,1.1846139596293739,0.027167243382530265,1.5315457106194906e-19,0.0,s473
39,(wfpt.133),0.24998195690795594,0.008389817394491295,0.008385084126476317,0.008038795324033399,0.0,0.008043530244986163,0.0,0.07395488085602628,1.0918210557515762,0.07266635864551979,0.0,0.0,s477
40,(wfpt.134),0.3913302935272852,0.0008385624690463445,0.000833968581113842,0.0013962863550580629,1.40585075835401e-41,0.0014008816507813382,0.0,0.030160629532660133,1.1686753441899504,0.022511847592124393,3.2178660571808e-68,0.0,s481
41,(wfpt.135),0.3291153112508892,1.3264831335124683e-05,8.514255390612568e-06,7.527019305508809e-06,0.09472218885428318,1.2282615366787653e-05,0.0,0.0023489421537436234,1.1833831260248,0.0025906595025450025,0.10803389777560529,0.0,s484
42,(wfpt.136),0.5796737740694162,0.00023723872666503443,0.00023110513753354933,0.0007198587823329383,5.008600987127563e-10,0.0007259906143790573,0.0,0.02724274022471435,1.2261462604337723,0.015225521007915549,1.4507163181268076e-27,0.0,s489
43,(wfpt.137),0.326395110856887,0.0035115009112025586,0.003506800449410097,0.003640861007962126,3.3867870446432146e-164,0.003645562900022714,0.0,0.04503400069775366,1.1387354743188314,0.04505648703180287,2.522582207283474e-170,0.0,s492
44,(wfpt.138),0.5038941917180438,0.0011732555551163815,0.0011685661836460248,0.002161386044311042,2.5359852010640224e-56,0.0021660858913009617,0.0,0.03654055030599379,1.186231269939281,0.025371205042813323,3.966274677517475e-102,0.0,s495
45,(wfpt.139),0.41276703908839363,5.95703061851971e-05,5.5014727411428765e-05,5.570338925153795e-05,0.0002991158296472785,6.026222566501982e-05,0.0,0.005867145789168695,1.2055990483790247,0.005894462408713372,0.00027722229891745913,0.0,s500
46,(wfpt.14),0.26440834819940257,0.0006738608008733937,0.0006692555688472268,0.0006902711439655818,1.1301474905920197e-33,0.0006948768097543301,0.0,0.019720263025728334,1.1527132597712195,0.019594154793723038,1.1465371773160765e-34,0.0,s049
47,(wfpt.140),0.3127189499203118,0.0019044796351224136,0.0018998587797425248,0.0017811579223216967,1.520891378386952e-91,0.0017857837389241293,0.0,0.028252506409918044,1.1519738132579267,0.031071166969983126,7.13988522385041e-86,0.0,s501
48,(wfpt.141),0.4391498366033318,0.0005297826530799021,0.0005252703314456708,0.0005878980148875668,2.3741819336625874e-27,0.0005924141927760029,0.0,0.01817175151096751,1.1975599500766485,0.01749680959073848,2.3111153258318664e-30,0.0,s502
49,(wfpt.142),0.5319435341335699,0.00022606784981316075,0.0002217209688308852,0.00020206513037135387,5.547468272267903e-13,0.00020641999240267328,0.0,0.012376834458793326,1.223242607886637,0.011916205166291848,5.803357062763356e-12,0.0,s504
50,(wfpt.143),0.2846666720415977,0.0026840015935891692,0.0026795091387092906,0.002480663568124819,8.995853681773252e-132,0.0024851571008804862,0.0,0.04465705497459686,1.1290345198255105,0.04536048747371317,3.8544059172205827e-122,0.0,s505
51,(wfpt.144),0.4752201006906984,0.001073260621826444,0.0010687303007378413,0.0011316478745462266,1.9823678828702264e-53,0.0011361794927701174,0.0,0.030270622142575688,1.1897842304728368,0.029660381483669868,1.9412235432891675e-56,0.0,s507
52,(wfpt.145),0.3284313213331805,0.0001510007641033484,0.00014638248125886655,0.00016314583916277048,1.0788320698512403e-08,0.00016776451391420366,0.0,0.010565950956194444,1.1795717572147408,0.009676652879485284,1.6744076002799916e-09,0.0,s508
53,(wfpt.146),0.3831239411784862,0.0007779195299711938,0.0007733041428521492,0.0012163829510798418,1.5865898226471014e-38,0.001220997591840911,0.0,0.029012252372521204,1.1693291855816943,0.024401334751341576,1.8575124832415415e-59,0.0,s509
54,(wfpt.147),0.3344483805918088,0.0011097996752618133,0.0011048051743152154,0.001314009609769129,3.181275916809599e-50,0.00131900323946621,0.0,0.03289686352737382,1.155071336537815,0.03045878173215022,2.3489144453526997e-59,0.0,s510
55,(wfpt.148),0.09082839508415269,1.8519600593069896e-06,-2.921346359041621e-06,-2.8175371595828835e-06,0.5333623965553301,1.9561561291903118e-06,0.0,-0.0009375456679667745,1.1203942544092784,-0.0009714799499479733,0.5220827309714251,0.0,s551
56,(wfpt.149),0.5478684901567519,6.670915687689849e-05,6.181945971195368e-05,0.0001846884335613419,0.0002211450920827358,0.00018958169337568442,0.0,0.01236389713078412,1.2210525858235866,0.00765977970475669,4.842669223634384e-10,0.0,s556
57,(wfpt.15),0.39203106036275615,0.0035423493124243643,0.0035379499020513627,0.0027076278911212226,8.223782738548253e-177,0.0027120313562201126,0.0,0.04824220886716303,1.1538127495815635,0.05510955752047962,8.926943774571008e-136,0.0,s060
58,(wfpt.16),0.424517060678984,1.494621196806989e-06,-3.1031153588934046e-06,1.4314471901144543e-06,0.5685726379859498,6.029628002557352e-06,0.0,0.0022187897035724708,1.2110340446638916,-0.0011231254681122183,0.2521593605801753,0.0,s062
59,(wfpt.17),0.31657460873720283,0.005118616657749264,0.005114319076848672,0.0050887792365224005,2.485532213961324e-260,0.0050930771505337535,0.0,0.05541581461474964,1.1302165849130328,0.053892190109921856,5.014855359397615e-259,0.0,s063
60,(wfpt.18),0.28458208559183273,0.0002514378671178985,0.00024643907431931567,0.00034971941753736413,1.3240297749242143e-12,0.0003547204695293349,0.0,0.015084563135056338,1.153781634699885,0.012992063471649301,3.726848533695767e-17,0.0,s065
61,(wfpt.19),0.32414693960550744,0.005140654916577225,0.0051356176030596945,0.006384963276662825,2.3266811728175008e-223,0.006389994697433954,0.0,0.06869687810932976,1.1120196200973576,0.06406830994064314,2.8391828756418235e-277,0.0,s066
62,(wfpt.2),0.2856901351576611,0.00011504655019012322,0.00011064173185049153,0.00014297233639026796,3.213786444498778e-07,0.0001473770123037177,0.0,0.011566436655646292,1.1693895786197963,0.010080561206928759,7.286911568269942e-09,0.0,s009
63,(wfpt.20),0.4342020174557957,2.449227617740135e-05,1.9808506269813897e-05,1.6151018062071643e-05,0.022211974742103412,2.0849616207851973e-05,0.0,0.0033623318586217133,1.2020133375519642,0.0037137703864477435,0.03516067219911981,0.0,s071
64,(wfpt.21),0.3247232902374307,0.0016695946688002339,0.0016647949572389242,0.001749877784754994,1.43916349271472e-77,0.0017546796960055122,0.0,0.02985605695351848,1.156047838247199,0.02946720083096486,2.192955338444304e-81,0.0,s081
65,(wfpt.22),0.35228853991896814,0.0013521791183784826,0.0013476907732208332,0.0010155867024659315,1.935622654706451e-67,0.0010200768631222212,0.0,0.026627470811334986,1.1704151334190076,0.030347986622896783,2.603989879596161e-51,0.0,s082
66,(wfpt.23),0.3741001496845333,0.00506635541497602,0.005061770425047074,0.0049688396261904355,1.1088970905431886e-241,0.0049734284701624665,0.0,0.054257414622436675,1.140589403599618,0.05352971316699559,4.2200171786574267e-237,0.0,s083
67,(wfpt.24),0.07620811116912685,1.24707284575587e-05,7.72014874061977e-06,5.0714180106492535e-06,0.10518763209422964,9.822010310744922e-06,0.0,-0.0027774192206045578,1.1168052919329918,-0.0031782819171524224,0.15046614408271147,0.0,s084
68,(wfpt.25),0.332130019393849,0.0003063167506052178,0.0003021074785976019,0.0002216343765286677,1.463694491700049e-17,0.00022584402282155303,0.0,0.015137274259668107,1.1755523159744845,0.01681926789886052,2.404392415641136e-13,0.0,s085
69,(wfpt.26),0.40164137721192156,3.353666894923002e-05,2.843474717806327e-05,4.918429225786447e-06,0.01035248629587874,1.0021564513573722e-05,0.0,-0.002843489365358289,1.2065673589177601,-0.00524529576065177,0.16110850814085287,0.0,s086
70,(wfpt.27),0.4635906641250375,0.00729079101504948,0.00728633936432177,0.006112581018620777,0.0,0.006117042013791041,0.0,0.07013087938662942,1.1347599281958551,0.07719274508329937,3.080074943522591e-299,0.0,s089
71,(wfpt.28),0.27122722147978073,0.00044300241532246876,0.00043835326976038314,0.0006091801027029442,1.6648825179792095e-22,0.000613828453717935,0.0,0.025256923587272544,1.1493520372220192,0.021124831350577286,1.487097400181709e-30,0.0,s091
72,(wfpt.29),0.41215659478496025,0.004982799946924077,0.0049783874146619445,0.00302802557298687,5.98723276851198e-247,0.003032447734870103,0.0,0.053836631313849304,1.150424799168253,0.06594891346110751,6.362331240601942e-151,0.0,s092
73,(wfpt.3),0.3241205793739327,1.3392229961106672e-05,9.081905700702997e-06,1.242572584603252e-06,0.07795716161329995,5.553042113581874e-06,0.0,0.00202804633444963,1.191521197879203,0.002998235120852985,0.25636846205711,0.0,s011
74,(wfpt.30),0.4060169840364291,0.002732048085325678,0.0027275355198187468,0.0022249034186037076,1.6703885460715143e-133,0.0022294197503011093,0.0,0.039647592786685115,1.1667184886345496,0.04338478219056727,3.040373286453429e-109,0.0,s093
75,(wfpt.31),0.41617416626158676,0.00021359009478705282,0.0002090865118271612,0.00028866888749456976,5.725037065215068e-12,0.0002931735729591045,0.0,0.015586237567780097,1.186472760568416,0.01357276285718757,7.220239552879452e-16,0.0,s094
76,(wfpt.32),0.35306707696995704,0.001711690236473773,0.0017070469918401,0.0017229203187516529,4.335284170869243e-82,0.0017275643967750165,0.0,0.03555018438779606,1.1565426360718347,0.03544954437978666,8.09942269702409e-83,0.0,s097
77,(wfpt.33),0.4313856869802125,0.0003282250186770197,0.0003237117870678041,0.00023833107483561822,1.4994657675969607e-17,0.00024284868945867455,0.0,0.012279924694443655,1.201483034749259,0.014034224485363327,2.277746513086545e-13,0.0,s098
78,(wfpt.34),0.44927463316442456,0.00043052738186843964,0.0004259103901519401,0.0007648456325479724,4.660006559521426e-22,0.0007694625728439375,0.0,0.0254739606181306,1.1880391410690172,0.019338157493768816,4.0985917851772237e-38,0.0,s103
79,(wfpt.35),0.26556447287154794,0.00016922610386882475,0.00016456484467819443,0.0002136743218462689,1.6902088992755806e-09,0.00021833541727789285,0.0,0.01157470096660553,1.1641525124135195,0.009960238273813758,7.714865854340604e-12,0.0,s106
80,(wfpt.36),0.34291772453799796,0.0012942294818537592,0.0012896058012155098,0.0017348516913260337,8.592727099644326e-63,0.001739473460411478,0.0,0.03892579637856537,1.1506954416746205,0.033148058214510445,9.074113461581452e-84,0.0,s108
81,(wfpt.37),0.21588093282670964,0.0034207127180351238,0.003415383360035107,0.0038733608289208687,2.28229649920176e-141,0.0038786877378305107,0.0,0.059638882168840245,1.0935459294914853,0.0549313901634318,4.6394586580280925e-160,0.0,s110
82,(wfpt.38),0.4598911258501864,6.664918461585234e-05,6.213477206673534e-05,0.00011496349812845086,0.00012189639269287087,0.00011947867101846921,0.0,0.010357743509995066,1.2076546567376458,0.00774483952400476,2.690585425900503e-07,0.0,s111
83,(wfpt.39),0.31620028935063876,0.0012222667031258627,0.0012177473059671318,0.0008528887837790933,9.844854286318277e-61,0.0008574105070813243,0.0,0.023255012573167116,1.1630671341098013,0.027162434937459186,4.009182640022442e-43,0.0,s112
84,(wfpt.4),0.3204299916247639,0.003115973305644726,0.0031116670739421703,0.0020606187759082406,3.893931303496091e-159,0.002064929547795913,0.0,0.04445289173026802,1.1422611716914912,0.05311768612830659,4.484708172620326e-106,0.0,s012
85,(wfpt.40),0.40657384436541966,3.4305838787496157e-06,-1.073945754104244e-06,5.998641320115183e-06,0.3828337832582296,1.0503139094342195e-05,0.0,0.0030903580387684135,1.210345673994204,0.0017375234690976214,0.12676476776460527,0.0,s121
86,(wfpt.41),0.38835751041419586,1.9885441236988655e-06,-4.860851152033163e-06,-5.18689822892604e-06,0.5900137728085936,1.6624992799085803e-06,0.0,-0.0014851444311741596,1.2170878304953188,-0.0013581957817842757,0.6222477784970718,0.0,s128
87,(wfpt.42),0.28456998686956503,0.000683595357841682,0.0006789364966652833,0.0007959474997456528,9.220722429504366e-34,0.000800607097080519,0.0,0.020815312495161702,1.1566848192069918,0.018923282079600465,3.069132423540119e-39,0.0,s129
88,(wfpt.43),0.4049974760262247,0.00034407601120445275,0.0003395730160242749,0.00030303365968165075,2.319848628767801e-18,0.0003075422012961404,0.0,0.012653170009047516,1.1941183975293668,0.013518759974314811,1.4753189566698853e-16,0.0,s142
89,(wfpt.44),0.3104549744420473,0.0003466794427826603,0.00034204063722276246,0.00036328794645046347,5.4202446582157424e-18,0.0003679274284592582,0.0,0.016750171780417607,1.1653462891212931,0.015576369827454474,5.366352758731581e-19,0.0,s145
90,(wfpt.45),0.4860152902547086,7.228864605457463e-05,6.752704017576328e-05,0.0001432658961371125,9.768218801200457e-05,0.0001480343622074498,0.0,0.009356360160905483,1.217115053534572,0.006693516500590579,2.5249597272462046e-08,0.0,s149
91,(wfpt.46),0.4100254098240217,0.002499050715152329,0.002494597546153998,0.001294471062995517,6.604260930855553e-124,0.001298930863959824,0.0,0.02954164544634312,1.180379927343094,0.040617819479748546,2.9167128079336312e-65,0.0,s161
92,(wfpt.47),0.3421306673457494,1.1300250132850742e-05,6.638254684276923e-06,6.934727379148686e-05,0.11949792904228353,7.40097159276365e-05,0.0,0.007972377376556827,1.1817983604386102,0.003081643432047471,6.773930712564461e-05,0.0,s163
93,(wfpt.48),0.3774186511428883,0.00037659985092364234,0.000372024873577681,0.0003664169871773204,1.1682607536259694e-19,0.0003709920320658089,0.0,0.017646012856528566,1.1853487860423628,0.01752586158700633,2.1729751868414667e-19,0.0,s165
94,(wfpt.49),0.5341375937789583,0.0003466716759218391,0.00034241779576826836,0.00031271205535110536,1.7694554453676106e-19,0.000316973950986954,0.0,0.015964788573930834,1.2123008726677509,0.01632407424266478,6.502915511950969e-18,0.0,s168
95,(wfpt.5),0.26388076227445245,0.004071063103907813,0.004066263400118397,0.004059777966864964,4.278210961149405e-186,0.004064577817569304,0.0,0.04920970632103906,1.121650072475671,0.04909600316079498,8.500410984475828e-186,0.0,s014
96,(wfpt.50),0.26329392498347615,0.0003238569970223093,0.0003192712845708767,0.0007443460460431206,4.349850231514436e-17,0.0007489298296280422,0.0,0.025660896850390698,1.1421390903087942,0.017131788131889977,2.1240595090732663e-37,0.0,s170
97,(wfpt.51),0.2734734261018219,0.0010705752587397699,0.001066250851494921,0.0008801098583861577,9.422149848902001e-56,0.0008844350714396487,0.0,0.03004998284959574,1.1467055443409635,0.03210678138524473,2.2977316048392898e-46,0.0,s173
98,(wfpt.52),0.30417683772960397,0.0009253921055204506,0.0009207667172859146,0.000919044567863625,2.1149699983943926e-45,0.0009236700283139498,0.0,0.02551802052900127,1.1597509100689243,0.024804305855953678,2.5536165107397057e-45,0.0,s179
99,(wfpt.53),0.32349703435535193,0.0010703683402458752,0.0010662827050600399,0.0008081789443016296,6.805989362182485e-59,0.0008122661366289918,0.0,0.023573004518885794,1.164794085176149,0.025775373500558037,4.108688424955665e-45,0.0,s180
100,(wfpt.54),0.42588624226033833,0.0004219112210904763,0.00041755572305213207,0.0003717898542544562,7.485902273775024e-23,0.0003761481344048967,0.0,0.01502399690059942,1.1986218914745193,0.015880400380699017,1.553820807986876e-20,0.0,s182
101,(wfpt.55),0.30427121803875323,0.000584111195326642,0.0005796394958537121,0.0008032559674978623,3.0509829844248064e-30,0.0008077275667712769,0.0,0.021624842362828755,1.1599390295541516,0.01865763890953582,3.654135358301552e-41,0.0,s184
102,(wfpt.56),0.3019193985330296,0.0012086737221720378,0.001203894770573033,0.0013156709064177097,6.489142120531503e-57,0.0013204493917909899,0.0,0.03302622476186137,1.1456758482005713,0.031779596276672366,5.185750348050064e-62,0.0,s187
103,(wfpt.57),0.4744129428796797,0.0006138000009233702,0.0006092365519422271,0.00048164603317013555,4.329422674328955e-31,0.0004862118994534148,0.0,0.018291363454698027,1.2069647204033442,0.020635580626741958,5.839322540601865e-25,0.0,s190
104,(wfpt.58),0.43304865110103874,3.9593709758922735e-05,3.53655116078766e-05,7.562584932663263e-05,0.0022128884499916413,7.985620260531068e-05,0.0,0.006884309934077517,1.2117141651899999,0.004718478939708155,1.3948465792549528e-05,0.0,s192
105,(wfpt.59),0.41278344582250515,1.0195553268643742e-05,4.9323936330836204e-06,5.5129962082123285e-06,0.16397945881158824,1.112520443924403e-05,0.0,0.002191403370018773,1.179615359346991,0.0034861238120838193,0.15914773598383583,0.0,s196
106,(wfpt.6),0.2688098608981434,0.001589897845016508,0.0015854206295161655,0.0014748502819721399,3.770190609418923e-79,0.001479328254354817,0.0,0.03007809527209647,1.1432080664777025,0.030569981532398028,9.088701585509486e-74,0.0,s015
107,(wfpt.60),0.7773948806129516,1.5715862535015113e-05,1.1261549872298993e-05,0.00016403852503343863,0.06033326973378302,0.00016852946514789302,0.0,0.01197972943430905,1.2608392256482814,0.003005303460095993,9.03275597321893e-10,0.0,s198
108,(wfpt.61),0.23689613846039706,0.00503223280490539,0.005027720438502081,0.004584143442006083,6.678717613425949e-244,0.004588658270566759,0.0,0.05056824096393435,1.110525565531085,0.0530321314578143,1.6141065755263988e-222,0.0,s205
109,(wfpt.62),0.2937707788440377,0.0002944632989871909,0.00029000028799286426,0.0003250604953505265,4.581280015932389e-16,0.00032952388782603315,0.0,0.01466653907157335,1.166283509832971,0.013729400916750652,8.57577377648001e-18,0.0,s206
110,(wfpt.63),0.36799218447895576,0.0018230128057458161,0.001818536635613488,0.0019457582004813734,1.7349731459166135e-90,0.0019502390042964723,0.0,0.031124463179957144,1.1633403140253362,0.03140054399443012,1.453397504430945e-96,0.0,s207
111,(wfpt.64),0.5008991512203783,0.0033303406376310463,0.003325830779354777,0.0036624910685616463,2.40505623186727e-162,0.0036670033236484434,0.0,0.05387653765869087,1.162856518937097,0.052802002945334936,1.998746652258672e-178,0.0,s209
112,(wfpt.65),0.46445589152143085,2.665078834074297e-05,1.9730461767286656e-05,2.7237374918498425e-05,0.0497156409694327,3.4157649540622614e-05,0.0,-0.0071137823090886365,1.2430112816013579,-0.005283061679673408,0.02630619875705494,0.0,s212
113,(wfpt.66),0.5253897916914333,0.0016823012115224634,0.0016777426415868213,0.0017064143860774372,3.537633396092583e-82,0.00171097959998312,0.0,0.03510931343045849,1.1885286117051215,0.035834846941634496,1.995820830126611e-83,0.0,s216
114,(wfpt.67),-0.38930086906637223,8.481362644974233e-05,7.743406965643462e-05,2.5520210434004653e-05,0.0006987676724432187,3.290500092067994e-05,0.0,0.004333087334385785,0.9310168199994677,0.00830936691038644,0.034785157963310616,0.0,s218
115,(wfpt.68),0.38633366792113777,0.0023092048946490307,0.002304628289381605,0.002196552715123201,1.2922682322583289e-111,0.0022011339350664905,0.0,0.03616462109263687,1.1634610975218578,0.036631331784611185,2.203375902280599e-106,0.0,s226
116,(wfpt.69),0.41800913596592154,1.63463363195282e-05,1.1468319686791517e-05,9.943066259543443e-05,0.06716479286569327,0.00010432867855147965,0.0,0.007375803622520466,1.1911001221872248,0.0029634399764470938,3.929306174416101e-06,0.0,s233
117,(wfpt.7),0.2994216264220697,0.001714762728809549,0.0017101194984666668,0.0017292323442870128,3.1112935766071566e-82,0.0017338762849260503,0.0,0.029778952899981746,1.151989070323472,0.02960817691242789,4.0798641825770314e-83,0.0,s017
118,(wfpt.70),0.32314762603225433,0.00015172808000218918,0.00014674125583469255,0.00019102623610245395,3.4731163745004895e-08,0.00019601288913861925,0.0,0.01274837155974413,1.1766226849485362,0.011182432708989408,3.6278033519138856e-10,0.0,s237
119,(wfpt.71),0.3303059606176039,0.0006874054295120668,0.0006827357008483137,0.0006488789959913088,7.26353212436257e-34,0.0006535505637637051,0.0,0.018489194765119,1.1722625428517381,0.01881652732868981,2.865727692563634e-32,0.0,s238
120,(wfpt.72),0.3546452259667088,0.0015048869104501428,0.0014996998689584817,0.001844638674310617,5.214600896082923e-65,0.0018498261605971456,0.0,0.033398092860204676,1.159628931003141,0.02967885470160122,1.83365997962401e-79,0.0,s244
121,(wfpt.73),0.23542471181038527,7.881166704248876e-06,3.141822640162495e-06,3.0574974335673133e-06,0.19721047169720754,7.79722377286518e-06,0.0,-0.0024815853022694912,1.1518855504936403,-0.0025690927693605365,0.19963145438606453,0.0,s254
122,(wfpt.74),0.3384477827124989,3.964978107973138e-05,2.9699728837817574e-05,2.3309037349705797e-05,0.04591301778099321,3.327164373756464e-05,0.0,0.003924036184168809,1.1831049276728087,0.004538265096239013,0.06763185611810059,0.0,s259
123,(wfpt.75),0.35817848866726254,0.0005516143070714019,0.0005468322116174429,0.0008396875863034836,6.704367130518725e-27,0.0008444701569531032,0.0,0.023377654937082954,1.1701381572835818,0.019190982383422123,2.8197605548128492e-40,0.0,s262
124,(wfpt.76),0.35412211608085276,0.0007667661830436101,0.0007621719650102721,0.0005750061542195706,3.6371050732239474e-38,0.0005796028178530754,0.0,0.01885174408290806,1.1762239622784914,0.021667220398839997,2.990440358994285e-29,0.0,s265
125,(wfpt.77),-0.09165688885118202,1.0661232174857815e-07,-4.89343714571433e-06,-4.30220910607737e-06,0.8839046307579748,6.989626745168565e-07,0.0,0.0006221161158685637,1.0531985749776203,-0.0002609998565128093,0.7085203354462555,0.0,s269
126,(wfpt.78),0.556806251166192,0.00158361177441102,0.0015789787087295837,0.0020109452297930597,2.955312415167617e-76,0.002015604440962049,0.0,0.03780706499088766,1.1841952777704399,0.030903478090678685,5.480104247888907e-96,0.0,s273
127,(wfpt.79),0.25772345255690254,0.0003936750066952932,0.00038902563170117865,0.0004329644735602267,3.550994785179388e-20,0.00043761409833820153,0.0,0.016337289105168167,1.1525229500705438,0.015412483547549594,3.0038300355945707e-22,0.0,s275
128,(wfpt.8),0.29235878358653056,0.00026420196509546745,0.00025965767015623253,0.00026915634396385,2.451750254139888e-14,0.00027370076097932294,0.0,0.01341718382164063,1.1692540418931214,0.012747015761032616,8.484593468212009e-15,0.0,s026
129,(wfpt.80),0.2353057276398206,0.00038186470585166443,0.00037712713423820876,0.0005279367968106241,2.7805886401802225e-19,0.0005326736536830357,0.0,0.02171945709085908,1.1420338264982397,0.018363882282794286,2.8869639310335285e-26,0.0,s277
130,(wfpt.81),0.5489945059102348,0.0005009280812469097,0.0004964359102075377,0.0004828846544870924,4.637251050408834e-26,0.0004873786638451838,0.0,0.0198786310383202,1.2216745833549627,0.020489374650714817,2.1700647592071057e-25,0.0,s284
131,(wfpt.82),0.35719433113270727,0.00011996931926450127,0.00011531867120884165,0.00016067398757602103,3.797394027450743e-07,0.00016532444630579235,0.0,0.011466630882803966,1.1852812183013721,0.009871664767506196,2.4895539013447855e-09,0.0,s285
132,(wfpt.83),0.3566029425610199,1.68007336509568e-06,-4.920662749707816e-06,-6.22478935663473e-06,0.6139052728584706,3.7708836930772094e-07,0.0,0.0005615751528529056,1.1831785816276137,0.0012023765185793676,0.8111102035761782,0.0,s286
133,(wfpt.84),0.56819195234811,0.0003920237629472245,0.00038718299947138046,0.0003906308033986283,2.2942584451202727e-19,0.00039549184187515074,0.0,0.014871612160525741,1.224861554768515,0.014677934660505381,1.897287306742813e-19,0.0,s291
134,(wfpt.85),0.26467491089600836,0.00015252607972060517,0.00014792903756888354,0.0001653309848439477,8.415844985284514e-09,0.00016992820062700087,0.0,0.010485268614351997,1.162829728195582,0.00985863402792633,1.205739721259158e-09,0.0,s294
135,(wfpt.86),0.32343983379622754,0.0002352733070054569,0.00023053504063941244,0.000282619953359764,1.8396499719820038e-12,0.0002873580626990835,0.0,0.01445427626412787,1.1761467158530796,0.012972452041277605,6.85483163414964e-15,0.0,s295
136,(wfpt.87),0.4029499509154744,0.00020044473289326792,0.00019568373728728883,0.0007305211995090044,8.685136125093538e-11,0.0007352824596820184,0.0,0.02033265142857934,1.1874511503317773,0.011192412668201287,1.9195535073219696e-35,0.0,s301
137,(wfpt.88),0.31367620567814225,0.0019621290003272174,0.001957741982107186,0.0016496585579310885,3.553240537976328e-99,0.0016540470654013983,0.0,0.03600604997764112,1.1485670109030925,0.038739457838887326,6.871434448600658e-84,0.0,s305
138,(wfpt.89),0.26922965883283556,0.0033297801644771585,0.003325122783474299,0.0034463164197551244,3.054441058554294e-157,0.0034509736914538625,0.0,0.0424871719462256,1.1303663899979752,0.042196878709070004,6.951288962298986e-163,0.0,s307
139,(wfpt.9),0.29735707940868183,0.0006684545534733077,0.0006641563163036768,0.0007155866113189857,1.107551581437153e-35,0.0007198846272820081,0.0,0.027036690428333197,1.1537979160121556,0.02519243430575621,2.6924298894246005e-38,0.0,s027
140,(wfpt.90),0.397840700799568,0.0009532068541640015,0.0009485492499293757,0.0017400836736591874,2.114607114214417e-46,0.001744739606405088,0.0,0.035566785002254464,1.1635985610844561,0.027229638130412088,2.0545915580026246e-83,0.0,s313
141,(wfpt.91),0.2889764761500897,2.8412820293199914e-06,-1.9780278373016102e-06,-3.8168960800888385e-06,0.4425894090944352,1.00284074822099e-06,0.0,-0.0007373539364770648,1.1831908226622345,-0.0012787817167441353,0.6482851290355447,0.0,s314
142,(wfpt.92),0.6637427886745204,1.0858387629042454e-06,-3.939331912894417e-06,4.260423169810679e-06,0.6420436594392734,9.302503236274795e-06,0.0,0.0023163841874168103,1.2687844481250568,0.0007515147677270143,0.1743707048162599,0.0,s326
143,(wfpt.93),0.43364040881385757,0.003285479596750962,0.0032809999406623325,0.0027168364570068215,2.9557825998420033e-161,0.002721321954852529,0.0,0.04375556780409275,1.165083876699138,0.047927175583395557,8.870616853559173e-134,0.0,s328
144,(wfpt.94),0.42280097520881477,0.0015297640947530278,0.0015252866095922801,0.001627823544130047,3.170428910047402e-76,0.0016323016940449353,0.0,0.03570212872839946,1.171358554191903,0.03506667184596547,3.41937479006418e-81,0.0,s329
145,(wfpt.95),0.3552691450407277,0.0009241703186544381,0.000919659777567472,0.0008254343343624404,1.8762205446276276e-46,0.0008299472160302468,0.0,0.022370296578587863,1.171989690874054,0.023905838673315086,7.068538211041778e-42,0.0,s334
146,(wfpt.96),0.2211408129435964,0.00042798537017252336,0.00042322545810369316,0.0005028759012456474,2.5112871166018267e-21,0.0005076354340247669,0.0,0.017240474851077704,1.1457387787421647,0.01566460496889854,5.367540332594608e-25,0.0,s336
147,(wfpt.97),0.30961781496100216,0.0035464080889442418,0.00354191951881333,0.002122154151561584,1.5502886650090092e-173,0.002126649380296053,0.0,0.0403823648586231,1.1430806783711365,0.05085938318617231,8.77128809332999e-105,0.0,s339
148,(wfpt.98),0.3959103450070331,0.0007775152211285663,0.0007728459135425414,0.000558567826189349,4.4090355547564415e-38,0.0005632398598102162,0.0,0.020756558954755977,1.173866257045342,0.02504573944419298,4.863997815905569e-28,0.0,s346
149,(wfpt.99),0.47565164819289474,0.000301434809224288,0.00029683845171668555,0.0006174162857380816,5.605189289038993e-16,0.0006220268984691302,0.0,0.01887385583714284,1.1972479741269528,0.01295443085903993,3.525629608974703e-31,0.0,s357
